코드,지역,월,세대수,총인구수
4111000000,수원시,2022-01,518742.0,1184404.0
4111000000,수원시,2022-02,520276.0,1184996.0
4111000000,수원시,2022-03,521628.0,1185569.0
4111000000,수원시,2022-04,522499.0,1185560.0
4111000000,수원시,2022-05,523201.0,1185041.0
4111000000,수원시,2022-06,523850.0,1185044.0
4111000000,수원시,2022-07,524395.0,1185184.0
4111000000,수원시,2022-08,526086.0,1186961.0
4111000000,수원시,2022-09,526988.0,1188234.0
4111000000,수원시,2022-10,527950.0,1189654.0
4111000000,수원시,2022-11,528097.0,1190368.0
4111000000,수원시,2022-12,528482.0,1190964.0
4111000000,수원시,2023-01,529082.0,1191620.0
4111000000,수원시,2023-02,530462.0,1192686.0
4111000000,수원시,2023-03,530780.0,1192225.0
4111000000,수원시,2023-04,531034.0,1191821.0
4111000000,수원시,2023-05,531460.0,1191505.0
4111000000,수원시,2023-06,532199.0,1191988.0
4111000000,수원시,2023-07,533196.0,1192960.0
4111000000,수원시,2023-08,534722.0,1195111.0
4111000000,수원시,2023-09,535414.0,1195718.0
4111000000,수원시,2023-10,536194.0,1196864.0
4111000000,수원시,2023-11,536680.0,1197241.0
4111000000,수원시,2023-12,537078.0,1197257.0
4111000000,수원시,2024-01,537396.0,1197220.0
4111000000,수원시,2024-02,538232.0,1196856.0
4111000000,수원시,2024-03,539167.0,1196818.0
4111000000,수원시,2024-04,539750.0,1196987.0
4111000000,수원시,2024-05,540606.0,1197356.0
4111000000,수원시,2024-06,540725.0,1196959.0
4111000000,수원시,2024-07,540999.0,1196671.0
4111000000,수원시,2024-08,541156.0,1196310.0
4111000000,수원시,2024-09,540957.0,1195045.0
4111000000,수원시,2024-10,540653.0,1194006.0
4111000000,수원시,2024-11,540685.0,1193477.0
4111000000,수원시,2024-12,540719.0,1193005.0
4111000000,수원시,2025-01,540621.0,1192256.0
4111000000,수원시,2025-02,541349.0,1191500.0
4111000000,수원시,2025-03,541658.0,1190978.0
4111000000,수원시,2025-04,542152.0,1190998.0
4111000000,수원시,2025-05,542311.0,1191227.0
4111000000,수원시,2025-06,542568.0,1191063.0
4111000000,수원시,2025-07,542331.0,1190252.0
4111000000,수원시,2025-08,542309.0,1189487.0
4111000000,수원시,2025-09,542056.0,1188644.0
4111000000,수원시,2025-10,541867.0,1187977.0
4111000000,수원시,2025-11,541673.0,1187365.0
4111000000,수원시,2025-12,541583.0,1186515.0
4111000000,수원시,2026-01,542000.0,1186010.0
4111000000,수원시,2026-02,543010.0,1186084.0
4111000000,수원시,2026-03,544090.0,1186167.0
4111000000,수원시,2026-04,544728.0,1186150.0
4111000000,수원시,2026-05,545325.0,1186120.0
4111000000,수원시,2026-06,545547.0,1185770.0
4111000000,수원시,2026-07,545684.0,1185332.0
4111000000,수원시,2026-08,546407.0,1185677.0
4111100000,수원시 장안구,2022-01,118326.0,273399.0
4111100000,수원시 장안구,2022-02,118654.0,273339.0
4111100000,수원시 장안구,2022-03,119118.0,273541.0
4111100000,수원시 장안구,2022-04,119186.0,273238.0
4111100000,수원시 장안구,2022-05,119244.0,272963.0
4111100000,수원시 장안구,2022-06,119386.0,273223.0
4111100000,수원시 장안구,2022-07,119428.0,273174.0
4111100000,수원시 장안구,2022-08,119481.0,272638.0
4111100000,수원시 장안구,2022-09,119261.0,271779.0
4111100000,수원시 장안구,2022-10,119154.0,271305.0
4111100000,수원시 장안구,2022-11,119012.0,271012.0
4111100000,수원시 장안구,2022-12,118811.0,270524.0
4111100000,수원시 장안구,2023-01,118619.0,270061.0
4111100000,수원시 장안구,2023-02,118785.0,269841.0
4111100000,수원시 장안구,2023-03,118713.0,269403.0
4111100000,수원시 장안구,2023-04,118635.0,269189.0
4111100000,수원시 장안구,2023-05,118580.0,268813.0
4111100000,수원시 장안구,2023-06,118875.0,269214.0
4111100000,수원시 장안구,2023-07,118967.0,269128.0
4111100000,수원시 장안구,2023-08,118902.0,268547.0
4111100000,수원시 장안구,2023-09,118837.0,268202.0
4111100000,수원시 장안구,2023-10,119289.0,269440.0
4111100000,수원시 장안구,2023-11,119626.0,270294.0
4111100000,수원시 장안구,2023-12,119900.0,270849.0
4111100000,수원시 장안구,2024-01,119980.0,270959.0
4111100000,수원시 장안구,2024-02,120343.0,271316.0
4111100000,수원시 장안구,2024-03,120641.0,271526.0
4111100000,수원시 장안구,2024-04,121550.0,273317.0
4111100000,수원시 장안구,2024-05,122288.0,274538.0
4111100000,수원시 장안구,2024-06,122464.0,274761.0
4111100000,수원시 장안구,2024-07,122686.0,275027.0
4111100000,수원시 장안구,2024-08,122889.0,275202.0
4111100000,수원시 장안구,2024-09,122868.0,275025.0
4111100000,수원시 장안구,2024-10,122735.0,274850.0
4111100000,수원시 장안구,2024-11,122672.0,274670.0
4111100000,수원시 장안구,2024-12,122694.0,274661.0
4111100000,수원시 장안구,2025-01,122570.0,274216.0
4111100000,수원시 장안구,2025-02,122822.0,274041.0
4111100000,수원시 장안구,2025-03,122887.0,273861.0
4111100000,수원시 장안구,2025-04,122809.0,273356.0
4111100000,수원시 장안구,2025-05,122725.0,273033.0
4111100000,수원시 장안구,2025-06,122627.0,272616.0
4111100000,수원시 장안구,2025-07,122535.0,272264.0
4111100000,수원시 장안구,2025-08,122482.0,271974.0
4111100000,수원시 장안구,2025-09,122451.0,271690.0
4111100000,수원시 장안구,2025-10,122441.0,271552.0
4111100000,수원시 장안구,2025-11,122421.0,271386.0
4111100000,수원시 장안구,2025-12,122406.0,271136.0
4111100000,수원시 장안구,2026-01,122406.0,270954.0
4111100000,수원시 장안구,2026-02,122662.0,270944.0
4111100000,수원시 장안구,2026-03,122878.0,270705.0
4111100000,수원시 장안구,2026-04,122925.0,270439.0
4111100000,수원시 장안구,2026-05,123030.0,270245.0
4111100000,수원시 장안구,2026-06,123074.0,269984.0
4111100000,수원시 장안구,2026-07,123086.0,269791.0
4111100000,수원시 장안구,2026-08,123169.0,269717.0
4111156000,수원시 장안구 파장동,2022-01,10720.0,23272.0
4111156000,수원시 장안구 파장동,2022-02,10745.0,23263.0
4111156000,수원시 장안구 파장동,2022-03,10735.0,23198.0
4111156000,수원시 장안구 파장동,2022-04,10755.0,23207.0
4111156000,수원시 장안구 파장동,2022-05,10750.0,23158.0
4111156000,수원시 장안구 파장동,2022-06,10703.0,23085.0
4111156000,수원시 장안구 파장동,2022-07,10702.0,23050.0
4111156000,수원시 장안구 파장동,2022-08,10709.0,23031.0
4111156000,수원시 장안구 파장동,2022-09,10589.0,22795.0
4111156000,수원시 장안구 파장동,2022-10,10564.0,22724.0
4111156000,수원시 장안구 파장동,2022-11,10548.0,22703.0
4111156000,수원시 장안구 파장동,2022-12,10558.0,22685.0
4111156000,수원시 장안구 파장동,2023-01,10542.0,22617.0
4111156000,수원시 장안구 파장동,2023-02,10539.0,22568.0
4111156000,수원시 장안구 파장동,2023-03,10513.0,22480.0
4111156000,수원시 장안구 파장동,2023-04,10514.0,22471.0
4111156000,수원시 장안구 파장동,2023-05,10558.0,22533.0
4111156000,수원시 장안구 파장동,2023-06,10578.0,22531.0
4111156000,수원시 장안구 파장동,2023-07,10575.0,22480.0
4111156000,수원시 장안구 파장동,2023-08,10566.0,22451.0
4111156000,수원시 장안구 파장동,2023-09,10553.0,22410.0
4111156000,수원시 장안구 파장동,2023-10,10971.0,23628.0
4111156000,수원시 장안구 파장동,2023-11,11293.0,24542.0
4111156000,수원시 장안구 파장동,2023-12,11420.0,24858.0
4111156000,수원시 장안구 파장동,2024-01,11461.0,24998.0
4111156000,수원시 장안구 파장동,2024-02,11514.0,25100.0
4111156000,수원시 장안구 파장동,2024-03,11524.0,25080.0
4111156000,수원시 장안구 파장동,2024-04,11492.0,24960.0
4111156000,수원시 장안구 파장동,2024-05,11500.0,24895.0
4111156000,수원시 장안구 파장동,2024-06,11505.0,24870.0
4111156000,수원시 장안구 파장동,2024-07,11533.0,24919.0
4111156000,수원시 장안구 파장동,2024-08,11550.0,24935.0
4111156000,수원시 장안구 파장동,2024-09,11524.0,24855.0
4111156000,수원시 장안구 파장동,2024-10,11496.0,24806.0
4111156000,수원시 장안구 파장동,2024-11,11487.0,24781.0
4111156000,수원시 장안구 파장동,2024-12,11492.0,24770.0
4111156000,수원시 장안구 파장동,2025-01,11497.0,24752.0
4111156000,수원시 장안구 파장동,2025-02,11494.0,24723.0
4111156000,수원시 장안구 파장동,2025-03,11493.0,24696.0
4111156000,수원시 장안구 파장동,2025-04,11514.0,24703.0
4111156000,수원시 장안구 파장동,2025-05,11510.0,24675.0
4111156000,수원시 장안구 파장동,2025-06,11492.0,24619.0
4111156000,수원시 장안구 파장동,2025-07,11509.0,24613.0
4111156000,수원시 장안구 파장동,2025-08,11498.0,24609.0
4111156000,수원시 장안구 파장동,2025-09,11482.0,24610.0
4111156000,수원시 장안구 파장동,2025-10,11462.0,24571.0
4111156000,수원시 장안구 파장동,2025-11,11464.0,24548.0
4111156000,수원시 장안구 파장동,2025-12,11470.0,24564.0
4111156000,수원시 장안구 파장동,2026-01,11468.0,24560.0
4111156000,수원시 장안구 파장동,2026-02,11503.0,24589.0
4111156000,수원시 장안구 파장동,2026-03,11527.0,24554.0
4111156000,수원시 장안구 파장동,2026-04,11527.0,24530.0
4111156000,수원시 장안구 파장동,2026-05,11548.0,24532.0
4111156000,수원시 장안구 파장동,2026-06,11557.0,24541.0
4111156000,수원시 장안구 파장동,2026-07,11546.0,24524.0
4111156000,수원시 장안구 파장동,2026-08,11591.0,24551.0
4111156600,수원시 장안구 율천동,2022-01,19848.0,41947.0
4111156600,수원시 장안구 율천동,2022-02,19948.0,41995.0
4111156600,수원시 장안구 율천동,2022-03,20320.0,42331.0
4111156600,수원시 장안구 율천동,2022-04,20325.0,42266.0
4111156600,수원시 장안구 율천동,2022-05,20301.0,42185.0
4111156600,수원시 장안구 율천동,2022-06,20205.0,42040.0
4111156600,수원시 장안구 율천동,2022-07,20098.0,41875.0
4111156600,수원시 장안구 율천동,2022-08,20168.0,41853.0
4111156600,수원시 장안구 율천동,2022-09,20233.0,41827.0
4111156600,수원시 장안구 율천동,2022-10,20201.0,41754.0
4111156600,수원시 장안구 율천동,2022-11,20161.0,41699.0
4111156600,수원시 장안구 율천동,2022-12,19981.0,41437.0
4111156600,수원시 장안구 율천동,2023-01,19832.0,41271.0
4111156600,수원시 장안구 율천동,2023-02,19956.0,41320.0
4111156600,수원시 장안구 율천동,2023-03,19953.0,41281.0
4111156600,수원시 장안구 율천동,2023-04,19912.0,41193.0
4111156600,수원시 장안구 율천동,2023-05,19883.0,41148.0
4111156600,수원시 장안구 율천동,2023-06,19805.0,41011.0
4111156600,수원시 장안구 율천동,2023-07,19732.0,40844.0
4111156600,수원시 장안구 율천동,2023-08,19741.0,40780.0
4111156600,수원시 장안구 율천동,2023-09,19746.0,40758.0
4111156600,수원시 장안구 율천동,2023-10,19701.0,40650.0
4111156600,수원시 장안구 율천동,2023-11,19636.0,40510.0
4111156600,수원시 장안구 율천동,2023-12,19558.0,40392.0
4111156600,수원시 장안구 율천동,2024-01,19464.0,40268.0
4111156600,수원시 장안구 율천동,2024-02,19522.0,40262.0
4111156600,수원시 장안구 율천동,2024-03,19608.0,40329.0
4111156600,수원시 장안구 율천동,2024-04,19559.0,40197.0
4111156600,수원시 장안구 율천동,2024-05,19561.0,40131.0
4111156600,수원시 장안구 율천동,2024-06,19515.0,40057.0
4111156600,수원시 장안구 율천동,2024-07,19496.0,40019.0
4111156600,수원시 장안구 율천동,2024-08,19535.0,40018.0
4111156600,수원시 장안구 율천동,2024-09,19555.0,40038.0
4111156600,수원시 장안구 율천동,2024-10,19491.0,39931.0
4111156600,수원시 장안구 율천동,2024-11,19462.0,39888.0
4111156600,수원시 장안구 율천동,2024-12,19432.0,39864.0
4111156600,수원시 장안구 율천동,2025-01,19373.0,39702.0
4111156600,수원시 장안구 율천동,2025-02,19537.0,39812.0
4111156600,수원시 장안구 율천동,2025-03,19596.0,39847.0
4111156600,수원시 장안구 율천동,2025-04,19546.0,39738.0
4111156600,수원시 장안구 율천동,2025-05,19537.0,39727.0
4111156600,수원시 장안구 율천동,2025-06,19502.0,39651.0
4111156600,수원시 장안구 율천동,2025-07,19397.0,39488.0
4111156600,수원시 장안구 율천동,2025-08,19403.0,39456.0
4111156600,수원시 장안구 율천동,2025-09,19429.0,39457.0
4111156600,수원시 장안구 율천동,2025-10,19445.0,39483.0
4111156600,수원시 장안구 율천동,2025-11,19446.0,39449.0
4111156600,수원시 장안구 율천동,2025-12,19397.0,39385.0
4111156600,수원시 장안구 율천동,2026-01,19365.0,39304.0
4111156600,수원시 장안구 율천동,2026-02,19485.0,39390.0
4111156600,수원시 장안구 율천동,2026-03,19585.0,39440.0
4111156600,수원시 장안구 율천동,2026-04,19575.0,39389.0
4111156600,수원시 장안구 율천동,2026-05,19615.0,39426.0
4111156600,수원시 장안구 율천동,2026-06,19608.0,39370.0
4111156600,수원시 장안구 율천동,2026-07,19582.0,39330.0
4111156600,수원시 장안구 율천동,2026-08,19578.0,39313.0
4111157100,수원시 장안구 정자1동,2022-01,10939.0,28784.0
4111157100,수원시 장안구 정자1동,2022-02,10944.0,28743.0
4111157100,수원시 장안구 정자1동,2022-03,10952.0,28723.0
4111157100,수원시 장안구 정자1동,2022-04,10943.0,28681.0
4111157100,수원시 장안구 정자1동,2022-05,10938.0,28638.0
4111157100,수원시 장안구 정자1동,2022-06,10936.0,28587.0
4111157100,수원시 장안구 정자1동,2022-07,10918.0,28538.0
4111157100,수원시 장안구 정자1동,2022-08,10912.0,28424.0
4111157100,수원시 장안구 정자1동,2022-09,10889.0,28308.0
4111157100,수원시 장안구 정자1동,2022-10,10872.0,28221.0
4111157100,수원시 장안구 정자1동,2022-11,10849.0,28176.0
4111157100,수원시 장안구 정자1동,2022-12,10823.0,28115.0
4111157100,수원시 장안구 정자1동,2023-01,10824.0,28073.0
4111157100,수원시 장안구 정자1동,2023-02,10844.0,28050.0
4111157100,수원시 장안구 정자1동,2023-03,10839.0,28022.0
4111157100,수원시 장안구 정자1동,2023-04,10830.0,28029.0
4111157100,수원시 장안구 정자1동,2023-05,10839.0,27985.0
4111157100,수원시 장안구 정자1동,2023-06,10828.0,27934.0
4111157100,수원시 장안구 정자1동,2023-07,10822.0,27895.0
4111157100,수원시 장안구 정자1동,2023-08,10788.0,27812.0
4111157100,수원시 장안구 정자1동,2023-09,10773.0,27754.0
4111157100,수원시 장안구 정자1동,2023-10,10755.0,27668.0
4111157100,수원시 장안구 정자1동,2023-11,10741.0,27577.0
4111157100,수원시 장안구 정자1동,2023-12,10757.0,27561.0
4111157100,수원시 장안구 정자1동,2024-01,10761.0,27530.0
4111157100,수원시 장안구 정자1동,2024-02,10768.0,27516.0
4111157100,수원시 장안구 정자1동,2024-03,10815.0,27620.0
4111157100,수원시 장안구 정자1동,2024-04,11869.0,30345.0
4111157100,수원시 장안구 정자1동,2024-05,12621.0,32164.0
4111157100,수원시 장안구 정자1동,2024-06,12863.0,32692.0
4111157100,수원시 장안구 정자1동,2024-07,13013.0,32983.0
4111157100,수원시 장안구 정자1동,2024-08,13118.0,33277.0
4111157100,수원시 장안구 정자1동,2024-09,13163.0,33382.0
4111157100,수원시 장안구 정자1동,2024-10,13191.0,33466.0
4111157100,수원시 장안구 정자1동,2024-11,13185.0,33427.0
4111157100,수원시 장안구 정자1동,2024-12,13202.0,33481.0
4111157100,수원시 장안구 정자1동,2025-01,13203.0,33517.0
4111157100,수원시 장안구 정자1동,2025-02,13228.0,33545.0
4111157100,수원시 장안구 정자1동,2025-03,13231.0,33516.0
4111157100,수원시 장안구 정자1동,2025-04,13226.0,33493.0
4111157100,수원시 장안구 정자1동,2025-05,13219.0,33460.0
4111157100,수원시 장안구 정자1동,2025-06,13222.0,33446.0
4111157100,수원시 장안구 정자1동,2025-07,13235.0,33481.0
4111157100,수원시 장안구 정자1동,2025-08,13243.0,33457.0
4111157100,수원시 장안구 정자1동,2025-09,13235.0,33432.0
4111157100,수원시 장안구 정자1동,2025-10,13239.0,33429.0
4111157100,수원시 장안구 정자1동,2025-11,13229.0,33377.0
4111157100,수원시 장안구 정자1동,2025-12,13248.0,33354.0
4111157100,수원시 장안구 정자1동,2026-01,13255.0,33331.0
4111157100,수원시 장안구 정자1동,2026-02,13266.0,33334.0
4111157100,수원시 장안구 정자1동,2026-03,13292.0,33333.0
4111157100,수원시 장안구 정자1동,2026-04,13293.0,33271.0
4111157100,수원시 장안구 정자1동,2026-05,13291.0,33216.0
4111157100,수원시 장안구 정자1동,2026-06,13310.0,33216.0
4111157100,수원시 장안구 정자1동,2026-07,13314.0,33197.0
4111157100,수원시 장안구 정자1동,2026-08,13301.0,33175.0
4111157200,수원시 장안구 정자2동,2022-01,15059.0,36386.0
4111157200,수원시 장안구 정자2동,2022-02,15172.0,36631.0
4111157200,수원시 장안구 정자2동,2022-03,15229.0,36733.0
4111157200,수원시 장안구 정자2동,2022-04,15248.0,36743.0
4111157200,수원시 장안구 정자2동,2022-05,15283.0,36807.0
4111157200,수원시 장안구 정자2동,2022-06,15269.0,36771.0
4111157200,수원시 장안구 정자2동,2022-07,15276.0,36745.0
4111157200,수원시 장안구 정자2동,2022-08,15248.0,36645.0
4111157200,수원시 장안구 정자2동,2022-09,15216.0,36557.0
4111157200,수원시 장안구 정자2동,2022-10,15206.0,36522.0
4111157200,수원시 장안구 정자2동,2022-11,15192.0,36472.0
4111157200,수원시 장안구 정자2동,2022-12,15195.0,36494.0
4111157200,수원시 장안구 정자2동,2023-01,15182.0,36478.0
4111157200,수원시 장안구 정자2동,2023-02,15186.0,36485.0
4111157200,수원시 장안구 정자2동,2023-03,15155.0,36425.0
4111157200,수원시 장안구 정자2동,2023-04,15153.0,36439.0
4111157200,수원시 장안구 정자2동,2023-05,15148.0,36390.0
4111157200,수원시 장안구 정자2동,2023-06,15128.0,36302.0
4111157200,수원시 장안구 정자2동,2023-07,15101.0,36209.0
4111157200,수원시 장안구 정자2동,2023-08,15078.0,36081.0
4111157200,수원시 장안구 정자2동,2023-09,15086.0,36064.0
4111157200,수원시 장안구 정자2동,2023-10,15326.0,36747.0
4111157200,수원시 장안구 정자2동,2023-11,15502.0,37211.0
4111157200,수원시 장안구 정자2동,2023-12,15714.0,37725.0
4111157200,수원시 장안구 정자2동,2024-01,15863.0,38034.0
4111157200,수원시 장안구 정자2동,2024-02,15989.0,38361.0
4111157200,수원시 장안구 정자2동,2024-03,16051.0,38477.0
4111157200,수원시 장안구 정자2동,2024-04,16057.0,38403.0
4111157200,수원시 장안구 정자2동,2024-05,16099.0,38402.0
4111157200,수원시 장안구 정자2동,2024-06,16089.0,38389.0
4111157200,수원시 장안구 정자2동,2024-07,16122.0,38457.0
4111157200,수원시 장안구 정자2동,2024-08,16151.0,38477.0
4111157200,수원시 장안구 정자2동,2024-09,16170.0,38503.0
4111157200,수원시 장안구 정자2동,2024-10,16161.0,38534.0
4111157200,수원시 장안구 정자2동,2024-11,16148.0,38549.0
4111157200,수원시 장안구 정자2동,2024-12,16142.0,38552.0
4111157200,수원시 장안구 정자2동,2025-01,16136.0,38513.0
4111157200,수원시 장안구 정자2동,2025-02,16134.0,38442.0
4111157200,수원시 장안구 정자2동,2025-03,16133.0,38446.0
4111157200,수원시 장안구 정자2동,2025-04,16118.0,38359.0
4111157200,수원시 장안구 정자2동,2025-05,16123.0,38312.0
4111157200,수원시 장안구 정자2동,2025-06,16117.0,38243.0
4111157200,수원시 장안구 정자2동,2025-07,16138.0,38263.0
4111157200,수원시 장안구 정자2동,2025-08,16126.0,38180.0
4111157200,수원시 장안구 정자2동,2025-09,16125.0,38115.0
4111157200,수원시 장안구 정자2동,2025-10,16136.0,38117.0
4111157200,수원시 장안구 정자2동,2025-11,16170.0,38177.0
4111157200,수원시 장안구 정자2동,2025-12,16206.0,38179.0
4111157200,수원시 장안구 정자2동,2026-01,16235.0,38254.0
4111157200,수원시 장안구 정자2동,2026-02,16228.0,38262.0
4111157200,수원시 장안구 정자2동,2026-03,16231.0,38193.0
4111157200,수원시 장안구 정자2동,2026-04,16257.0,38208.0
4111157200,수원시 장안구 정자2동,2026-05,16249.0,38172.0
4111157200,수원시 장안구 정자2동,2026-06,16248.0,38138.0
4111157200,수원시 장안구 정자2동,2026-07,16257.0,38129.0
4111157200,수원시 장안구 정자2동,2026-08,16239.0,38081.0
4111157300,수원시 장안구 정자3동,2022-01,14285.0,41304.0
4111157300,수원시 장안구 정자3동,2022-02,14257.0,41090.0
4111157300,수원시 장안구 정자3동,2022-03,14265.0,41063.0
4111157300,수원시 장안구 정자3동,2022-04,14252.0,40961.0
4111157300,수원시 장안구 정자3동,2022-05,14270.0,40930.0
4111157300,수원시 장안구 정자3동,2022-06,14255.0,40822.0
4111157300,수원시 장안구 정자3동,2022-07,14249.0,40764.0
4111157300,수원시 장안구 정자3동,2022-08,14229.0,40624.0
4111157300,수원시 장안구 정자3동,2022-09,14205.0,40526.0
4111157300,수원시 장안구 정자3동,2022-10,14198.0,40472.0
4111157300,수원시 장안구 정자3동,2022-11,14163.0,40403.0
4111157300,수원시 장안구 정자3동,2022-12,14166.0,40375.0
4111157300,수원시 장안구 정자3동,2023-01,14155.0,40324.0
4111157300,수원시 장안구 정자3동,2023-02,14164.0,40275.0
4111157300,수원시 장안구 정자3동,2023-03,14169.0,40247.0
4111157300,수원시 장안구 정자3동,2023-04,14178.0,40258.0
4111157300,수원시 장안구 정자3동,2023-05,14164.0,40197.0
4111157300,수원시 장안구 정자3동,2023-06,14174.0,40157.0
4111157300,수원시 장안구 정자3동,2023-07,14148.0,40050.0
4111157300,수원시 장안구 정자3동,2023-08,14125.0,39872.0
4111157300,수원시 장안구 정자3동,2023-09,14133.0,39851.0
4111157300,수원시 장안구 정자3동,2023-10,14098.0,39740.0
4111157300,수원시 장안구 정자3동,2023-11,14084.0,39661.0
4111157300,수원시 장안구 정자3동,2023-12,14085.0,39641.0
4111157300,수원시 장안구 정자3동,2024-01,14096.0,39624.0
4111157300,수원시 장안구 정자3동,2024-02,14119.0,39610.0
4111157300,수원시 장안구 정자3동,2024-03,14142.0,39590.0
4111157300,수원시 장안구 정자3동,2024-04,14090.0,39301.0
4111157300,수원시 장안구 정자3동,2024-05,14080.0,39158.0
4111157300,수원시 장안구 정자3동,2024-06,14097.0,39136.0
4111157300,수원시 장안구 정자3동,2024-07,14114.0,39162.0
4111157300,수원시 장안구 정자3동,2024-08,14118.0,39093.0
4111157300,수원시 장안구 정자3동,2024-09,14106.0,39054.0
4111157300,수원시 장안구 정자3동,2024-10,14120.0,39061.0
4111157300,수원시 장안구 정자3동,2024-11,14102.0,39018.0
4111157300,수원시 장안구 정자3동,2024-12,14109.0,39016.0
4111157300,수원시 장안구 정자3동,2025-01,14083.0,38937.0
4111157300,수원시 장안구 정자3동,2025-02,14104.0,38876.0
4111157300,수원시 장안구 정자3동,2025-03,14104.0,38812.0
4111157300,수원시 장안구 정자3동,2025-04,14083.0,38713.0
4111157300,수원시 장안구 정자3동,2025-05,14083.0,38674.0
4111157300,수원시 장안구 정자3동,2025-06,14068.0,38626.0
4111157300,수원시 장안구 정자3동,2025-07,14055.0,38584.0
4111157300,수원시 장안구 정자3동,2025-08,14046.0,38560.0
4111157300,수원시 장안구 정자3동,2025-09,14041.0,38518.0
4111157300,수원시 장안구 정자3동,2025-10,14041.0,38492.0
4111157300,수원시 장안구 정자3동,2025-11,14021.0,38473.0
4111157300,수원시 장안구 정자3동,2025-12,14006.0,38423.0
4111157300,수원시 장안구 정자3동,2026-01,13997.0,38380.0
4111157300,수원시 장안구 정자3동,2026-02,14012.0,38333.0
4111157300,수원시 장안구 정자3동,2026-03,14026.0,38230.0
4111157300,수원시 장안구 정자3동,2026-04,14043.0,38198.0
4111157300,수원시 장안구 정자3동,2026-05,14072.0,38194.0
4111157300,수원시 장안구 정자3동,2026-06,14076.0,38123.0
4111157300,수원시 장안구 정자3동,2026-07,14085.0,38090.0
4111157300,수원시 장안구 정자3동,2026-08,14151.0,38144.0
4111158000,수원시 장안구 영화동,2022-01,10750.0,19855.0
4111158000,수원시 장안구 영화동,2022-02,10772.0,19861.0
4111158000,수원시 장안구 영화동,2022-03,10758.0,19837.0
4111158000,수원시 장안구 영화동,2022-04,10784.0,19827.0
4111158000,수원시 장안구 영화동,2022-05,10789.0,19776.0
4111158000,수원시 장안구 영화동,2022-06,10769.0,19718.0
4111158000,수원시 장안구 영화동,2022-07,10742.0,19654.0
4111158000,수원시 장안구 영화동,2022-08,10744.0,19618.0
4111158000,수원시 장안구 영화동,2022-09,10697.0,19516.0
4111158000,수원시 장안구 영화동,2022-10,10717.0,19481.0
4111158000,수원시 장안구 영화동,2022-11,10704.0,19459.0
4111158000,수원시 장안구 영화동,2022-12,10720.0,19484.0
4111158000,수원시 장안구 영화동,2023-01,10699.0,19442.0
4111158000,수원시 장안구 영화동,2023-02,10718.0,19438.0
4111158000,수원시 장안구 영화동,2023-03,10722.0,19431.0
4111158000,수원시 장안구 영화동,2023-04,10712.0,19427.0
4111158000,수원시 장안구 영화동,2023-05,10679.0,19330.0
4111158000,수원시 장안구 영화동,2023-06,10641.0,19217.0
4111158000,수원시 장안구 영화동,2023-07,10614.0,19165.0
4111158000,수원시 장안구 영화동,2023-08,10570.0,19057.0
4111158000,수원시 장안구 영화동,2023-09,10538.0,19008.0
4111158000,수원시 장안구 영화동,2023-10,10475.0,18839.0
4111158000,수원시 장안구 영화동,2023-11,10408.0,18704.0
4111158000,수원시 장안구 영화동,2023-12,10391.0,18624.0
4111158000,수원시 장안구 영화동,2024-01,10378.0,18589.0
4111158000,수원시 장안구 영화동,2024-02,10378.0,18544.0
4111158000,수원시 장안구 영화동,2024-03,10371.0,18484.0
4111158000,수원시 장안구 영화동,2024-04,10357.0,18408.0
4111158000,수원시 장안구 영화동,2024-05,10334.0,18335.0
4111158000,수원시 장안구 영화동,2024-06,10316.0,18289.0
4111158000,수원시 장안구 영화동,2024-07,10326.0,18240.0
4111158000,수원시 장안구 영화동,2024-08,10319.0,18198.0
4111158000,수원시 장안구 영화동,2024-09,10308.0,18182.0
4111158000,수원시 장안구 영화동,2024-10,10238.0,18079.0
4111158000,수원시 장안구 영화동,2024-11,10208.0,18030.0
4111158000,수원시 장안구 영화동,2024-12,10209.0,18026.0
4111158000,수원시 장안구 영화동,2025-01,10213.0,18005.0
4111158000,수원시 장안구 영화동,2025-02,10217.0,17987.0
4111158000,수원시 장안구 영화동,2025-03,10229.0,17996.0
4111158000,수원시 장안구 영화동,2025-04,10210.0,17925.0
4111158000,수원시 장안구 영화동,2025-05,10191.0,17872.0
4111158000,수원시 장안구 영화동,2025-06,10169.0,17819.0
4111158000,수원시 장안구 영화동,2025-07,10154.0,17768.0
4111158000,수원시 장안구 영화동,2025-08,10166.0,17769.0
4111158000,수원시 장안구 영화동,2025-09,10155.0,17736.0
4111158000,수원시 장안구 영화동,2025-10,10139.0,17718.0
4111158000,수원시 장안구 영화동,2025-11,10138.0,17712.0
4111158000,수원시 장안구 영화동,2025-12,10123.0,17648.0
4111158000,수원시 장안구 영화동,2026-01,10140.0,17665.0
4111158000,수원시 장안구 영화동,2026-02,10164.0,17674.0
4111158000,수원시 장안구 영화동,2026-03,10172.0,17673.0
4111158000,수원시 장안구 영화동,2026-04,10175.0,17654.0
4111158000,수원시 장안구 영화동,2026-05,10181.0,17639.0
4111158000,수원시 장안구 영화동,2026-06,10193.0,17643.0
4111158000,수원시 장안구 영화동,2026-07,10198.0,17632.0
4111158000,수원시 장안구 영화동,2026-08,10202.0,17605.0
4111159100,수원시 장안구 송죽동,2022-01,8925.0,19383.0
4111159100,수원시 장안구 송죽동,2022-02,8936.0,19368.0
4111159100,수원시 장안구 송죽동,2022-03,8940.0,19316.0
4111159100,수원시 장안구 송죽동,2022-04,8948.0,19299.0
4111159100,수원시 장안구 송죽동,2022-05,8948.0,19283.0
4111159100,수원시 장안구 송죽동,2022-06,8943.0,19285.0
4111159100,수원시 장안구 송죽동,2022-07,8955.0,19279.0
4111159100,수원시 장안구 송죽동,2022-08,8960.0,19249.0
4111159100,수원시 장안구 송죽동,2022-09,8941.0,19213.0
4111159100,수원시 장안구 송죽동,2022-10,8919.0,19196.0
4111159100,수원시 장안구 송죽동,2022-11,8918.0,19176.0
4111159100,수원시 장안구 송죽동,2022-12,8914.0,19144.0
4111159100,수원시 장안구 송죽동,2023-01,8914.0,19141.0
4111159100,수원시 장안구 송죽동,2023-02,8915.0,19099.0
4111159100,수원시 장안구 송죽동,2023-03,8890.0,18987.0
4111159100,수원시 장안구 송죽동,2023-04,8885.0,18974.0
4111159100,수원시 장안구 송죽동,2023-05,8879.0,18936.0
4111159100,수원시 장안구 송죽동,2023-06,8883.0,18904.0
4111159100,수원시 장안구 송죽동,2023-07,8885.0,18900.0
4111159100,수원시 장안구 송죽동,2023-08,8855.0,18797.0
4111159100,수원시 장안구 송죽동,2023-09,8824.0,18687.0
4111159100,수원시 장안구 송죽동,2023-10,8800.0,18611.0
4111159100,수원시 장안구 송죽동,2023-11,8780.0,18541.0
4111159100,수원시 장안구 송죽동,2023-12,8775.0,18506.0
4111159100,수원시 장안구 송죽동,2024-01,8759.0,18436.0
4111159100,수원시 장안구 송죽동,2024-02,8772.0,18423.0
4111159100,수원시 장안구 송죽동,2024-03,8757.0,18393.0
4111159100,수원시 장안구 송죽동,2024-04,8789.0,18374.0
4111159100,수원시 장안구 송죽동,2024-05,8764.0,18289.0
4111159100,수원시 장안구 송죽동,2024-06,8762.0,18223.0
4111159100,수원시 장안구 송죽동,2024-07,8755.0,18203.0
4111159100,수원시 장안구 송죽동,2024-08,8779.0,18220.0
4111159100,수원시 장안구 송죽동,2024-09,8757.0,18153.0
4111159100,수원시 장안구 송죽동,2024-10,8772.0,18184.0
4111159100,수원시 장안구 송죽동,2024-11,8815.0,18195.0
4111159100,수원시 장안구 송죽동,2024-12,8846.0,18232.0
4111159100,수원시 장안구 송죽동,2025-01,8844.0,18203.0
4111159100,수원시 장안구 송죽동,2025-02,8845.0,18142.0
4111159100,수원시 장안구 송죽동,2025-03,8859.0,18114.0
4111159100,수원시 장안구 송죽동,2025-04,8856.0,18079.0
4111159100,수원시 장안구 송죽동,2025-05,8857.0,18070.0
4111159100,수원시 장안구 송죽동,2025-06,8872.0,18077.0
4111159100,수원시 장안구 송죽동,2025-07,8880.0,18042.0
4111159100,수원시 장안구 송죽동,2025-08,8887.0,18047.0
4111159100,수원시 장안구 송죽동,2025-09,8887.0,18020.0
4111159100,수원시 장안구 송죽동,2025-10,8892.0,17991.0
4111159100,수원시 장안구 송죽동,2025-11,8902.0,17976.0
4111159100,수원시 장안구 송죽동,2025-12,8905.0,17971.0
4111159100,수원시 장안구 송죽동,2026-01,8919.0,17971.0
4111159100,수원시 장안구 송죽동,2026-02,8923.0,17949.0
4111159100,수원시 장안구 송죽동,2026-03,8944.0,17949.0
4111159100,수원시 장안구 송죽동,2026-04,8946.0,17938.0
4111159100,수원시 장안구 송죽동,2026-05,8940.0,17884.0
4111159100,수원시 장안구 송죽동,2026-06,8963.0,17892.0
4111159100,수원시 장안구 송죽동,2026-07,8987.0,17891.0
4111159100,수원시 장안구 송죽동,2026-08,8989.0,17877.0
4111159700,수원시 장안구 조원1동,2022-01,12859.0,28139.0
4111159700,수원시 장안구 조원1동,2022-02,12873.0,28106.0
4111159700,수원시 장안구 조원1동,2022-03,12890.0,28075.0
4111159700,수원시 장안구 조원1동,2022-04,12918.0,28095.0
4111159700,수원시 장안구 조원1동,2022-05,12946.0,28089.0
4111159700,수원시 장안구 조원1동,2022-06,13277.0,28846.0
4111159700,수원시 장안구 조원1동,2022-07,13460.0,29252.0
4111159700,수원시 장안구 조원1동,2022-08,13518.0,29315.0
4111159700,수원시 장안구 조원1동,2022-09,13520.0,29261.0
4111159700,수원시 장안구 조원1동,2022-10,13514.0,29245.0
4111159700,수원시 장안구 조원1동,2022-11,13538.0,29254.0
4111159700,수원시 장안구 조원1동,2022-12,13532.0,29196.0
4111159700,수원시 장안구 조원1동,2023-01,13554.0,29164.0
4111159700,수원시 장안구 조원1동,2023-02,13548.0,29172.0
4111159700,수원시 장안구 조원1동,2023-03,13572.0,29156.0
4111159700,수원시 장안구 조원1동,2023-04,13573.0,29105.0
4111159700,수원시 장안구 조원1동,2023-05,13566.0,29044.0
4111159700,수원시 장안구 조원1동,2023-06,13527.0,28958.0
4111159700,수원시 장안구 조원1동,2023-07,13474.0,28785.0
4111159700,수원시 장안구 조원1동,2023-08,13453.0,28715.0
4111159700,수원시 장안구 조원1동,2023-09,13442.0,28679.0
4111159700,수원시 장안구 조원1동,2023-10,13425.0,28609.0
4111159700,수원시 장안구 조원1동,2023-11,13425.0,28595.0
4111159700,수원시 장안구 조원1동,2023-12,13429.0,28582.0
4111159700,수원시 장안구 조원1동,2024-01,13430.0,28536.0
4111159700,수원시 장안구 조원1동,2024-02,13449.0,28505.0
4111159700,수원시 장안구 조원1동,2024-03,13428.0,28437.0
4111159700,수원시 장안구 조원1동,2024-04,13400.0,28313.0
4111159700,수원시 장안구 조원1동,2024-05,13390.0,28208.0
4111159700,수원시 장안구 조원1동,2024-06,13377.0,28176.0
4111159700,수원시 장안구 조원1동,2024-07,13383.0,28133.0
4111159700,수원시 장안구 조원1동,2024-08,13360.0,28065.0
4111159700,수원시 장안구 조원1동,2024-09,13344.0,27999.0
4111159700,수원시 장안구 조원1동,2024-10,13348.0,27962.0
4111159700,수원시 장안구 조원1동,2024-11,13334.0,27915.0
4111159700,수원시 장안구 조원1동,2024-12,13318.0,27857.0
4111159700,수원시 장안구 조원1동,2025-01,13321.0,27822.0
4111159700,수원시 장안구 조원1동,2025-02,13319.0,27767.0
4111159700,수원시 장안구 조원1동,2025-03,13316.0,27748.0
4111159700,수원시 장안구 조원1동,2025-04,13344.0,27738.0
4111159700,수원시 장안구 조원1동,2025-05,13328.0,27701.0
4111159700,수원시 장안구 조원1동,2025-06,13331.0,27644.0
4111159700,수원시 장안구 조원1동,2025-07,13329.0,27618.0
4111159700,수원시 장안구 조원1동,2025-08,13304.0,27563.0
4111159700,수원시 장안구 조원1동,2025-09,13276.0,27492.0
4111159700,수원시 장안구 조원1동,2025-10,13267.0,27428.0
4111159700,수원시 장안구 조원1동,2025-11,13259.0,27410.0
4111159700,수원시 장안구 조원1동,2025-12,13278.0,27394.0
4111159700,수원시 장안구 조원1동,2026-01,13275.0,27348.0
4111159700,수원시 장안구 조원1동,2026-02,13280.0,27297.0
4111159700,수원시 장안구 조원1동,2026-03,13281.0,27238.0
4111159700,수원시 장안구 조원1동,2026-04,13280.0,27189.0
4111159700,수원시 장안구 조원1동,2026-05,13294.0,27164.0
4111159700,수원시 장안구 조원1동,2026-06,13291.0,27094.0
4111159700,수원시 장안구 조원1동,2026-07,13280.0,27064.0
4111159700,수원시 장안구 조원1동,2026-08,13271.0,27023.0
4111159800,수원시 장안구 조원2동,2022-01,6501.0,18480.0
4111159800,수원시 장안구 조원2동,2022-02,6512.0,18431.0
4111159800,수원시 장안구 조원2동,2022-03,6517.0,18393.0
4111159800,수원시 장안구 조원2동,2022-04,6514.0,18343.0
4111159800,수원시 장안구 조원2동,2022-05,6506.0,18263.0
4111159800,수원시 장안구 조원2동,2022-06,6507.0,18251.0
4111159800,수원시 장안구 조원2동,2022-07,6506.0,18203.0
4111159800,수원시 장안구 조원2동,2022-08,6500.0,18150.0
4111159800,수원시 장안구 조원2동,2022-09,6480.0,18088.0
4111159800,수원시 장안구 조원2동,2022-10,6484.0,18065.0
4111159800,수원시 장안구 조원2동,2022-11,6476.0,18056.0
4111159800,수원시 장안구 조원2동,2022-12,6476.0,18038.0
4111159800,수원시 장안구 조원2동,2023-01,6476.0,18008.0
4111159800,수원시 장안구 조원2동,2023-02,6476.0,17954.0
4111159800,수원시 장안구 조원2동,2023-03,6486.0,17961.0
4111159800,수원시 장안구 조원2동,2023-04,6477.0,17916.0
4111159800,수원시 장안구 조원2동,2023-05,6485.0,17934.0
4111159800,수원시 장안구 조원2동,2023-06,6485.0,17905.0
4111159800,수원시 장안구 조원2동,2023-07,6477.0,17860.0
4111159800,수원시 장안구 조원2동,2023-08,6477.0,17831.0
4111159800,수원시 장안구 조원2동,2023-09,6464.0,17795.0
4111159800,수원시 장안구 조원2동,2023-10,6438.0,17719.0
4111159800,수원시 장안구 조원2동,2023-11,6450.0,17722.0
4111159800,수원시 장안구 조원2동,2023-12,6445.0,17711.0
4111159800,수원시 장안구 조원2동,2024-01,6443.0,17704.0
4111159800,수원시 장안구 조원2동,2024-02,6459.0,17709.0
4111159800,수원시 장안구 조원2동,2024-03,6475.0,17713.0
4111159800,수원시 장안구 조원2동,2024-04,6467.0,17660.0
4111159800,수원시 장안구 조원2동,2024-05,6462.0,17608.0
4111159800,수원시 장안구 조원2동,2024-06,6464.0,17606.0
4111159800,수원시 장안구 조원2동,2024-07,6463.0,17590.0
4111159800,수원시 장안구 조원2동,2024-08,6467.0,17584.0
4111159800,수원시 장안구 조원2동,2024-09,6474.0,17564.0
4111159800,수원시 장안구 조원2동,2024-10,6470.0,17534.0
4111159800,수원시 장안구 조원2동,2024-11,6482.0,17590.0
4111159800,수원시 장안구 조원2동,2024-12,6485.0,17581.0
4111159800,수원시 장안구 조원2동,2025-01,6477.0,17548.0
4111159800,수원시 장안구 조원2동,2025-02,6476.0,17518.0
4111159800,수원시 장안구 조원2동,2025-03,6481.0,17479.0
4111159800,수원시 장안구 조원2동,2025-04,6470.0,17412.0
4111159800,수원시 장안구 조원2동,2025-05,6447.0,17363.0
4111159800,수원시 장안구 조원2동,2025-06,6446.0,17355.0
4111159800,수원시 장안구 조원2동,2025-07,6440.0,17292.0
4111159800,수원시 장안구 조원2동,2025-08,6442.0,17276.0
4111159800,수원시 장안구 조원2동,2025-09,6444.0,17269.0
4111159800,수원시 장안구 조원2동,2025-10,6444.0,17285.0
4111159800,수원시 장안구 조원2동,2025-11,6438.0,17262.0
4111159800,수원시 장안구 조원2동,2025-12,6437.0,17256.0
4111159800,수원시 장안구 조원2동,2026-01,6436.0,17241.0
4111159800,수원시 장안구 조원2동,2026-02,6445.0,17205.0
4111159800,수원시 장안구 조원2동,2026-03,6435.0,17163.0
4111159800,수원시 장안구 조원2동,2026-04,6441.0,17133.0
4111159800,수원시 장안구 조원2동,2026-05,6441.0,17095.0
4111159800,수원시 장안구 조원2동,2026-06,6439.0,17063.0
4111159800,수원시 장안구 조원2동,2026-07,6441.0,17044.0
4111159800,수원시 장안구 조원2동,2026-08,6441.0,17049.0
4111160000,수원시 장안구 연무동,2022-01,8440.0,15849.0
4111160000,수원시 장안구 연무동,2022-02,8495.0,15851.0
4111160000,수원시 장안구 연무동,2022-03,8512.0,15872.0
4111160000,수원시 장안구 연무동,2022-04,8499.0,15816.0
4111160000,수원시 장안구 연무동,2022-05,8513.0,15834.0
4111160000,수원시 장안구 연무동,2022-06,8522.0,15818.0
4111160000,수원시 장안구 연무동,2022-07,8522.0,15814.0
4111160000,수원시 장안구 연무동,2022-08,8493.0,15729.0
4111160000,수원시 장안구 연무동,2022-09,8491.0,15688.0
4111160000,수원시 장안구 연무동,2022-10,8479.0,15625.0
4111160000,수원시 장안구 연무동,2022-11,8463.0,15614.0
4111160000,수원시 장안구 연무동,2022-12,8446.0,15556.0
4111160000,수원시 장안구 연무동,2023-01,8441.0,15543.0
4111160000,수원시 장안구 연무동,2023-02,8439.0,15480.0
4111160000,수원시 장안구 연무동,2023-03,8414.0,15413.0
4111160000,수원시 장안구 연무동,2023-04,8401.0,15377.0
4111160000,수원시 장안구 연무동,2023-05,8379.0,15316.0
4111160000,수원시 장안구 연무동,2023-06,8826.0,16295.0
4111160000,수원시 장안구 연무동,2023-07,9139.0,16940.0
4111160000,수원시 장안구 연무동,2023-08,9249.0,17151.0
4111160000,수원시 장안구 연무동,2023-09,9278.0,17196.0
4111160000,수원시 장안구 연무동,2023-10,9300.0,17229.0
4111160000,수원시 장안구 연무동,2023-11,9307.0,17231.0
4111160000,수원시 장안구 연무동,2023-12,9326.0,17249.0
4111160000,수원시 장안구 연무동,2024-01,9325.0,17240.0
4111160000,수원시 장안구 연무동,2024-02,9373.0,17286.0
4111160000,수원시 장안구 연무동,2024-03,9470.0,17403.0
4111160000,수원시 장안구 연무동,2024-04,9470.0,17356.0
4111160000,수원시 장안구 연무동,2024-05,9477.0,17348.0
4111160000,수원시 장안구 연무동,2024-06,9476.0,17323.0
4111160000,수원시 장안구 연무동,2024-07,9481.0,17321.0
4111160000,수원시 장안구 연무동,2024-08,9492.0,17335.0
4111160000,수원시 장안구 연무동,2024-09,9467.0,17295.0
4111160000,수원시 장안구 연무동,2024-10,9448.0,17293.0
4111160000,수원시 장안구 연무동,2024-11,9449.0,17277.0
4111160000,수원시 장안구 연무동,2024-12,9459.0,17282.0
4111160000,수원시 장안구 연무동,2025-01,9423.0,17217.0
4111160000,수원시 장안구 연무동,2025-02,9468.0,17229.0
4111160000,수원시 장안구 연무동,2025-03,9445.0,17207.0
4111160000,수원시 장안구 연무동,2025-04,9442.0,17196.0
4111160000,수원시 장안구 연무동,2025-05,9430.0,17179.0
4111160000,수원시 장안구 연무동,2025-06,9408.0,17136.0
4111160000,수원시 장안구 연무동,2025-07,9398.0,17115.0
4111160000,수원시 장안구 연무동,2025-08,9367.0,17057.0
4111160000,수원시 장안구 연무동,2025-09,9377.0,17041.0
4111160000,수원시 장안구 연무동,2025-10,9376.0,17038.0
4111160000,수원시 장안구 연무동,2025-11,9354.0,17002.0
4111160000,수원시 장안구 연무동,2025-12,9336.0,16962.0
4111160000,수원시 장안구 연무동,2026-01,9316.0,16900.0
4111160000,수원시 장안구 연무동,2026-02,9356.0,16911.0
4111160000,수원시 장안구 연무동,2026-03,9385.0,16932.0
4111160000,수원시 장안구 연무동,2026-04,9388.0,16929.0
4111160000,수원시 장안구 연무동,2026-05,9399.0,16923.0
4111160000,수원시 장안구 연무동,2026-06,9389.0,16904.0
4111160000,수원시 장안구 연무동,2026-07,9396.0,16890.0
4111160000,수원시 장안구 연무동,2026-08,9406.0,16899.0
4111300000,수원시 권선구,2022-01,158444.0,367044.0
4111300000,수원시 권선구,2022-02,159387.0,368667.0
4111300000,수원시 권선구,2022-03,159954.0,369288.0
4111300000,수원시 권선구,2022-04,160328.0,369525.0
4111300000,수원시 권선구,2022-05,160482.0,369217.0
4111300000,수원시 권선구,2022-06,160679.0,369188.0
4111300000,수원시 권선구,2022-07,160803.0,369016.0
4111300000,수원시 권선구,2022-08,160721.0,368047.0
4111300000,수원시 권선구,2022-09,160333.0,366832.0
4111300000,수원시 권선구,2022-10,160388.0,366453.0
4111300000,수원시 권선구,2022-11,160763.0,367004.0
4111300000,수원시 권선구,2022-12,161085.0,367446.0
4111300000,수원시 권선구,2023-01,161375.0,367601.0
4111300000,수원시 권선구,2023-02,161695.0,367638.0
4111300000,수원시 권선구,2023-03,161880.0,367618.0
4111300000,수원시 권선구,2023-04,161993.0,367324.0
4111300000,수원시 권선구,2023-05,162586.0,367779.0
4111300000,수원시 권선구,2023-06,163262.0,368501.0
4111300000,수원시 권선구,2023-07,163776.0,368915.0
4111300000,수원시 권선구,2023-08,163823.0,368270.0
4111300000,수원시 권선구,2023-09,163613.0,367359.0
4111300000,수원시 권선구,2023-10,163560.0,366740.0
4111300000,수원시 권선구,2023-11,163666.0,366467.0
4111300000,수원시 권선구,2023-12,163796.0,366167.0
4111300000,수원시 권선구,2024-01,164021.0,366306.0
4111300000,수원시 권선구,2024-02,164255.0,365904.0
4111300000,수원시 권선구,2024-03,164604.0,365844.0
4111300000,수원시 권선구,2024-04,164662.0,365287.0
4111300000,수원시 권선구,2024-05,164755.0,365041.0
4111300000,수원시 권선구,2024-06,164710.0,364758.0
4111300000,수원시 권선구,2024-07,164813.0,364670.0
4111300000,수원시 권선구,2024-08,164763.0,364354.0
4111300000,수원시 권선구,2024-09,164663.0,363741.0
4111300000,수원시 권선구,2024-10,164582.0,363133.0
4111300000,수원시 권선구,2024-11,164635.0,362859.0
4111300000,수원시 권선구,2024-12,164675.0,362642.0
4111300000,수원시 권선구,2025-01,164758.0,362591.0
4111300000,수원시 권선구,2025-02,164998.0,362462.0
4111300000,수원시 권선구,2025-03,165147.0,362372.0
4111300000,수원시 권선구,2025-04,165152.0,361929.0
4111300000,수원시 권선구,2025-05,165079.0,361518.0
4111300000,수원시 권선구,2025-06,165223.0,361537.0
4111300000,수원시 권선구,2025-07,165257.0,361496.0
4111300000,수원시 권선구,2025-08,165369.0,361458.0
4111300000,수원시 권선구,2025-09,165373.0,361366.0
4111300000,수원시 권선구,2025-10,165341.0,361215.0
4111300000,수원시 권선구,2025-11,165376.0,361233.0
4111300000,수원시 권선구,2025-12,165474.0,361064.0
4111300000,수원시 권선구,2026-01,165671.0,360806.0
4111300000,수원시 권선구,2026-02,165794.0,360535.0
4111300000,수원시 권선구,2026-03,166033.0,360383.0
4111300000,수원시 권선구,2026-04,166261.0,360365.0
4111300000,수원시 권선구,2026-05,166416.0,360343.0
4111300000,수원시 권선구,2026-06,166505.0,360286.0
4111300000,수원시 권선구,2026-07,166523.0,360118.0
4111300000,수원시 권선구,2026-08,166998.0,360795.0
4111352000,수원시 권선구 세류1동,2022-01,4426.0,10057.0
4111352000,수원시 권선구 세류1동,2022-02,4425.0,10035.0
4111352000,수원시 권선구 세류1동,2022-03,4413.0,10003.0
4111352000,수원시 권선구 세류1동,2022-04,4416.0,9976.0
4111352000,수원시 권선구 세류1동,2022-05,4412.0,9969.0
4111352000,수원시 권선구 세류1동,2022-06,4420.0,9960.0
4111352000,수원시 권선구 세류1동,2022-07,4414.0,9951.0
4111352000,수원시 권선구 세류1동,2022-08,4420.0,9927.0
4111352000,수원시 권선구 세류1동,2022-09,4387.0,9855.0
4111352000,수원시 권선구 세류1동,2022-10,4385.0,9856.0
4111352000,수원시 권선구 세류1동,2022-11,4394.0,9838.0
4111352000,수원시 권선구 세류1동,2022-12,4396.0,9832.0
4111352000,수원시 권선구 세류1동,2023-01,4400.0,9848.0
4111352000,수원시 권선구 세류1동,2023-02,4409.0,9806.0
4111352000,수원시 권선구 세류1동,2023-03,4420.0,9800.0
4111352000,수원시 권선구 세류1동,2023-04,4438.0,9815.0
4111352000,수원시 권선구 세류1동,2023-05,4434.0,9808.0
4111352000,수원시 권선구 세류1동,2023-06,4438.0,9811.0
4111352000,수원시 권선구 세류1동,2023-07,4441.0,9789.0
4111352000,수원시 권선구 세류1동,2023-08,4429.0,9751.0
4111352000,수원시 권선구 세류1동,2023-09,4416.0,9711.0
4111352000,수원시 권선구 세류1동,2023-10,4422.0,9700.0
4111352000,수원시 권선구 세류1동,2023-11,4431.0,9711.0
4111352000,수원시 권선구 세류1동,2023-12,4429.0,9686.0
4111352000,수원시 권선구 세류1동,2024-01,4429.0,9673.0
4111352000,수원시 권선구 세류1동,2024-02,4443.0,9693.0
4111352000,수원시 권선구 세류1동,2024-03,4437.0,9682.0
4111352000,수원시 권선구 세류1동,2024-04,4442.0,9685.0
4111352000,수원시 권선구 세류1동,2024-05,4455.0,9694.0
4111352000,수원시 권선구 세류1동,2024-06,4450.0,9698.0
4111352000,수원시 권선구 세류1동,2024-07,4452.0,9721.0
4111352000,수원시 권선구 세류1동,2024-08,4451.0,9738.0
4111352000,수원시 권선구 세류1동,2024-09,4448.0,9714.0
4111352000,수원시 권선구 세류1동,2024-10,4439.0,9676.0
4111352000,수원시 권선구 세류1동,2024-11,4437.0,9665.0
4111352000,수원시 권선구 세류1동,2024-12,4417.0,9611.0
4111352000,수원시 권선구 세류1동,2025-01,4419.0,9612.0
4111352000,수원시 권선구 세류1동,2025-02,4409.0,9563.0
4111352000,수원시 권선구 세류1동,2025-03,4399.0,9549.0
4111352000,수원시 권선구 세류1동,2025-04,4397.0,9539.0
4111352000,수원시 권선구 세류1동,2025-05,4388.0,9522.0
4111352000,수원시 권선구 세류1동,2025-06,4389.0,9519.0
4111352000,수원시 권선구 세류1동,2025-07,4389.0,9497.0
4111352000,수원시 권선구 세류1동,2025-08,4370.0,9474.0
4111352000,수원시 권선구 세류1동,2025-09,4376.0,9487.0
4111352000,수원시 권선구 세류1동,2025-10,4384.0,9481.0
4111352000,수원시 권선구 세류1동,2025-11,4375.0,9470.0
4111352000,수원시 권선구 세류1동,2025-12,4377.0,9462.0
4111352000,수원시 권선구 세류1동,2026-01,4374.0,9450.0
4111352000,수원시 권선구 세류1동,2026-02,4366.0,9423.0
4111352000,수원시 권선구 세류1동,2026-03,4379.0,9458.0
4111352000,수원시 권선구 세류1동,2026-04,4376.0,9454.0
4111352000,수원시 권선구 세류1동,2026-05,4375.0,9463.0
4111352000,수원시 권선구 세류1동,2026-06,4385.0,9504.0
4111352000,수원시 권선구 세류1동,2026-07,4379.0,9492.0
4111352000,수원시 권선구 세류1동,2026-08,4378.0,9496.0
4111353000,수원시 권선구 세류2동,2022-01,12451.0,23660.0
4111353000,수원시 권선구 세류2동,2022-02,12453.0,23646.0
4111353000,수원시 권선구 세류2동,2022-03,12491.0,23668.0
4111353000,수원시 권선구 세류2동,2022-04,12533.0,23693.0
4111353000,수원시 권선구 세류2동,2022-05,12545.0,23681.0
4111353000,수원시 권선구 세류2동,2022-06,12591.0,23728.0
4111353000,수원시 권선구 세류2동,2022-07,12605.0,23768.0
4111353000,수원시 권선구 세류2동,2022-08,12617.0,23686.0
4111353000,수원시 권선구 세류2동,2022-09,12478.0,23480.0
4111353000,수원시 권선구 세류2동,2022-10,12527.0,23504.0
4111353000,수원시 권선구 세류2동,2022-11,12562.0,23518.0
4111353000,수원시 권선구 세류2동,2022-12,12585.0,23528.0
4111353000,수원시 권선구 세류2동,2023-01,12609.0,23545.0
4111353000,수원시 권선구 세류2동,2023-02,12616.0,23529.0
4111353000,수원시 권선구 세류2동,2023-03,12610.0,23464.0
4111353000,수원시 권선구 세류2동,2023-04,12597.0,23389.0
4111353000,수원시 권선구 세류2동,2023-05,12599.0,23337.0
4111353000,수원시 권선구 세류2동,2023-06,12629.0,23326.0
4111353000,수원시 권선구 세류2동,2023-07,12608.0,23257.0
4111353000,수원시 권선구 세류2동,2023-08,12549.0,23145.0
4111353000,수원시 권선구 세류2동,2023-09,12503.0,23037.0
4111353000,수원시 권선구 세류2동,2023-10,12466.0,22969.0
4111353000,수원시 권선구 세류2동,2023-11,12480.0,22945.0
4111353000,수원시 권선구 세류2동,2023-12,12478.0,22896.0
4111353000,수원시 권선구 세류2동,2024-01,12501.0,22905.0
4111353000,수원시 권선구 세류2동,2024-02,12505.0,22864.0
4111353000,수원시 권선구 세류2동,2024-03,12507.0,22819.0
4111353000,수원시 권선구 세류2동,2024-04,12486.0,22719.0
4111353000,수원시 권선구 세류2동,2024-05,12470.0,22651.0
4111353000,수원시 권선구 세류2동,2024-06,12457.0,22615.0
4111353000,수원시 권선구 세류2동,2024-07,12452.0,22592.0
4111353000,수원시 권선구 세류2동,2024-08,12409.0,22491.0
4111353000,수원시 권선구 세류2동,2024-09,12409.0,22447.0
4111353000,수원시 권선구 세류2동,2024-10,12407.0,22421.0
4111353000,수원시 권선구 세류2동,2024-11,12371.0,22351.0
4111353000,수원시 권선구 세류2동,2024-12,12345.0,22285.0
4111353000,수원시 권선구 세류2동,2025-01,12339.0,22255.0
4111353000,수원시 권선구 세류2동,2025-02,12367.0,22208.0
4111353000,수원시 권선구 세류2동,2025-03,12413.0,22203.0
4111353000,수원시 권선구 세류2동,2025-04,12415.0,22155.0
4111353000,수원시 권선구 세류2동,2025-05,12419.0,22129.0
4111353000,수원시 권선구 세류2동,2025-06,12445.0,22091.0
4111353000,수원시 권선구 세류2동,2025-07,12417.0,22044.0
4111353000,수원시 권선구 세류2동,2025-08,12405.0,22013.0
4111353000,수원시 권선구 세류2동,2025-09,12417.0,22000.0
4111353000,수원시 권선구 세류2동,2025-10,12386.0,21941.0
4111353000,수원시 권선구 세류2동,2025-11,12377.0,21927.0
4111353000,수원시 권선구 세류2동,2025-12,12354.0,21874.0
4111353000,수원시 권선구 세류2동,2026-01,12345.0,21813.0
4111353000,수원시 권선구 세류2동,2026-02,12344.0,21819.0
4111353000,수원시 권선구 세류2동,2026-03,12360.0,21781.0
4111353000,수원시 권선구 세류2동,2026-04,12400.0,21807.0
4111353000,수원시 권선구 세류2동,2026-05,12404.0,21807.0
4111353000,수원시 권선구 세류2동,2026-06,12393.0,21789.0
4111353000,수원시 권선구 세류2동,2026-07,12387.0,21752.0
4111353000,수원시 권선구 세류2동,2026-08,12364.0,21691.0
4111354000,수원시 권선구 세류3동,2022-01,9162.0,18693.0
4111354000,수원시 권선구 세류3동,2022-02,9173.0,18682.0
4111354000,수원시 권선구 세류3동,2022-03,9174.0,18666.0
4111354000,수원시 권선구 세류3동,2022-04,9180.0,18626.0
4111354000,수원시 권선구 세류3동,2022-05,9177.0,18613.0
4111354000,수원시 권선구 세류3동,2022-06,9178.0,18598.0
4111354000,수원시 권선구 세류3동,2022-07,9194.0,18576.0
4111354000,수원시 권선구 세류3동,2022-08,9194.0,18514.0
4111354000,수원시 권선구 세류3동,2022-09,9129.0,18389.0
4111354000,수원시 권선구 세류3동,2022-10,9110.0,18293.0
4111354000,수원시 권선구 세류3동,2022-11,9129.0,18290.0
4111354000,수원시 권선구 세류3동,2022-12,9147.0,18286.0
4111354000,수원시 권선구 세류3동,2023-01,9143.0,18278.0
4111354000,수원시 권선구 세류3동,2023-02,9156.0,18292.0
4111354000,수원시 권선구 세류3동,2023-03,9161.0,18277.0
4111354000,수원시 권선구 세류3동,2023-04,9138.0,18194.0
4111354000,수원시 권선구 세류3동,2023-05,9137.0,18174.0
4111354000,수원시 권선구 세류3동,2023-06,9123.0,18131.0
4111354000,수원시 권선구 세류3동,2023-07,9117.0,18062.0
4111354000,수원시 권선구 세류3동,2023-08,9125.0,17992.0
4111354000,수원시 권선구 세류3동,2023-09,9092.0,17923.0
4111354000,수원시 권선구 세류3동,2023-10,9082.0,17872.0
4111354000,수원시 권선구 세류3동,2023-11,9085.0,17850.0
4111354000,수원시 권선구 세류3동,2023-12,9087.0,17802.0
4111354000,수원시 권선구 세류3동,2024-01,9079.0,17802.0
4111354000,수원시 권선구 세류3동,2024-02,9069.0,17750.0
4111354000,수원시 권선구 세류3동,2024-03,9062.0,17713.0
4111354000,수원시 권선구 세류3동,2024-04,9040.0,17671.0
4111354000,수원시 권선구 세류3동,2024-05,9039.0,17685.0
4111354000,수원시 권선구 세류3동,2024-06,9037.0,17680.0
4111354000,수원시 권선구 세류3동,2024-07,9027.0,17630.0
4111354000,수원시 권선구 세류3동,2024-08,9012.0,17605.0
4111354000,수원시 권선구 세류3동,2024-09,8978.0,17525.0
4111354000,수원시 권선구 세류3동,2024-10,8966.0,17496.0
4111354000,수원시 권선구 세류3동,2024-11,8958.0,17425.0
4111354000,수원시 권선구 세류3동,2024-12,8944.0,17397.0
4111354000,수원시 권선구 세류3동,2025-01,8932.0,17347.0
4111354000,수원시 권선구 세류3동,2025-02,8927.0,17334.0
4111354000,수원시 권선구 세류3동,2025-03,8913.0,17312.0
4111354000,수원시 권선구 세류3동,2025-04,8914.0,17295.0
4111354000,수원시 권선구 세류3동,2025-05,8899.0,17252.0
4111354000,수원시 권선구 세류3동,2025-06,8886.0,17215.0
4111354000,수원시 권선구 세류3동,2025-07,8859.0,17175.0
4111354000,수원시 권선구 세류3동,2025-08,8851.0,17153.0
4111354000,수원시 권선구 세류3동,2025-09,8805.0,17082.0
4111354000,수원시 권선구 세류3동,2025-10,8795.0,17052.0
4111354000,수원시 권선구 세류3동,2025-11,8763.0,17005.0
4111354000,수원시 권선구 세류3동,2025-12,8756.0,16977.0
4111354000,수원시 권선구 세류3동,2026-01,8758.0,16933.0
4111354000,수원시 권선구 세류3동,2026-02,8754.0,16901.0
4111354000,수원시 권선구 세류3동,2026-03,8744.0,16878.0
4111354000,수원시 권선구 세류3동,2026-04,8763.0,16852.0
4111354000,수원시 권선구 세류3동,2026-05,8782.0,16860.0
4111354000,수원시 권선구 세류3동,2026-06,8797.0,16862.0
4111354000,수원시 권선구 세류3동,2026-07,8810.0,16899.0
4111354000,수원시 권선구 세류3동,2026-08,9206.0,17802.0
4111355000,수원시 권선구 평동,2022-01,16639.0,40323.0
4111355000,수원시 권선구 평동,2022-02,16626.0,40235.0
4111355000,수원시 권선구 평동,2022-03,16645.0,40209.0
4111355000,수원시 권선구 평동,2022-04,16646.0,40160.0
4111355000,수원시 권선구 평동,2022-05,16614.0,40019.0
4111355000,수원시 권선구 평동,2022-06,16605.0,39925.0
4111355000,수원시 권선구 평동,2022-07,16561.0,39822.0
4111355000,수원시 권선구 평동,2022-08,16521.0,39721.0
4111355000,수원시 권선구 평동,2022-09,16434.0,39533.0
4111355000,수원시 권선구 평동,2022-10,16478.0,39588.0
4111355000,수원시 권선구 평동,2022-11,16731.0,40209.0
4111355000,수원시 권선구 평동,2022-12,16921.0,40701.0
4111355000,수원시 권선구 평동,2023-01,17072.0,40988.0
4111355000,수원시 권선구 평동,2023-02,17177.0,41142.0
4111355000,수원시 권선구 평동,2023-03,17268.0,41316.0
4111355000,수원시 권선구 평동,2023-04,17310.0,41307.0
4111355000,수원시 권선구 평동,2023-05,17339.0,41321.0
4111355000,수원시 권선구 평동,2023-06,17363.0,41333.0
4111355000,수원시 권선구 평동,2023-07,17364.0,41247.0
4111355000,수원시 권선구 평동,2023-08,17333.0,41122.0
4111355000,수원시 권선구 평동,2023-09,17293.0,40996.0
4111355000,수원시 권선구 평동,2023-10,17314.0,40988.0
4111355000,수원시 권선구 평동,2023-11,17356.0,40995.0
4111355000,수원시 권선구 평동,2023-12,17384.0,40962.0
4111355000,수원시 권선구 평동,2024-01,17407.0,40960.0
4111355000,수원시 권선구 평동,2024-02,17418.0,40892.0
4111355000,수원시 권선구 평동,2024-03,17438.0,40817.0
4111355000,수원시 권선구 평동,2024-04,17424.0,40712.0
4111355000,수원시 권선구 평동,2024-05,17433.0,40689.0
4111355000,수원시 권선구 평동,2024-06,17435.0,40638.0
4111355000,수원시 권선구 평동,2024-07,17429.0,40581.0
4111355000,수원시 권선구 평동,2024-08,17456.0,40584.0
4111355000,수원시 권선구 평동,2024-09,17465.0,40563.0
4111355000,수원시 권선구 평동,2024-10,17467.0,40484.0
4111355000,수원시 권선구 평동,2024-11,17504.0,40530.0
4111355000,수원시 권선구 평동,2024-12,17578.0,40623.0
4111355000,수원시 권선구 평동,2025-01,17624.0,40649.0
4111355000,수원시 권선구 평동,2025-02,17714.0,40752.0
4111355000,수원시 권선구 평동,2025-03,17799.0,40876.0
4111355000,수원시 권선구 평동,2025-04,17792.0,40811.0
4111355000,수원시 권선구 평동,2025-05,17822.0,40845.0
4111355000,수원시 권선구 평동,2025-06,17857.0,40896.0
4111355000,수원시 권선구 평동,2025-07,17872.0,40910.0
4111355000,수원시 권선구 평동,2025-08,17892.0,40905.0
4111355000,수원시 권선구 평동,2025-09,17912.0,40915.0
4111355000,수원시 권선구 평동,2025-10,17907.0,40910.0
4111355000,수원시 권선구 평동,2025-11,17939.0,40947.0
4111355000,수원시 권선구 평동,2025-12,17932.0,40887.0
4111355000,수원시 권선구 평동,2026-01,17962.0,40907.0
4111355000,수원시 권선구 평동,2026-02,17955.0,40873.0
4111355000,수원시 권선구 평동,2026-03,18005.0,40911.0
4111355000,수원시 권선구 평동,2026-04,18024.0,40913.0
4111355000,수원시 권선구 평동,2026-05,18034.0,40886.0
4111355000,수원시 권선구 평동,2026-06,18035.0,40897.0
4111355000,수원시 권선구 평동,2026-07,18041.0,40873.0
4111355000,수원시 권선구 평동,2026-08,18058.0,40854.0
4111356000,수원시 권선구 서둔동,2022-01,17255.0,37949.0
4111356000,수원시 권선구 서둔동,2022-02,17270.0,37912.0
4111356000,수원시 권선구 서둔동,2022-03,17284.0,37880.0
4111356000,수원시 권선구 서둔동,2022-04,17334.0,37909.0
4111356000,수원시 권선구 서둔동,2022-05,17337.0,37802.0
4111356000,수원시 권선구 서둔동,2022-06,17352.0,37780.0
4111356000,수원시 권선구 서둔동,2022-07,17365.0,37732.0
4111356000,수원시 권선구 서둔동,2022-08,17332.0,37610.0
4111356000,수원시 권선구 서둔동,2022-09,17377.0,37609.0
4111356000,수원시 권선구 서둔동,2022-10,17418.0,37576.0
4111356000,수원시 권선구 서둔동,2022-11,17450.0,37580.0
4111356000,수원시 권선구 서둔동,2022-12,17493.0,37602.0
4111356000,수원시 권선구 서둔동,2023-01,17547.0,37647.0
4111356000,수원시 권선구 서둔동,2023-02,17579.0,37652.0
4111356000,수원시 권선구 서둔동,2023-03,17635.0,37687.0
4111356000,수원시 권선구 서둔동,2023-04,17634.0,37638.0
4111356000,수원시 권선구 서둔동,2023-05,17658.0,37714.0
4111356000,수원시 권선구 서둔동,2023-06,17749.0,37814.0
4111356000,수원시 권선구 서둔동,2023-07,17838.0,37863.0
4111356000,수원시 권선구 서둔동,2023-08,17870.0,37809.0
4111356000,수원시 권선구 서둔동,2023-09,17882.0,37729.0
4111356000,수원시 권선구 서둔동,2023-10,17893.0,37654.0
4111356000,수원시 권선구 서둔동,2023-11,17876.0,37584.0
4111356000,수원시 권선구 서둔동,2023-12,17889.0,37614.0
4111356000,수원시 권선구 서둔동,2024-01,17913.0,37651.0
4111356000,수원시 권선구 서둔동,2024-02,17951.0,37654.0
4111356000,수원시 권선구 서둔동,2024-03,17955.0,37593.0
4111356000,수원시 권선구 서둔동,2024-04,17984.0,37554.0
4111356000,수원시 권선구 서둔동,2024-05,18009.0,37526.0
4111356000,수원시 권선구 서둔동,2024-06,17987.0,37454.0
4111356000,수원시 권선구 서둔동,2024-07,17971.0,37401.0
4111356000,수원시 권선구 서둔동,2024-08,17944.0,37324.0
4111356000,수원시 권선구 서둔동,2024-09,17928.0,37230.0
4111356000,수원시 권선구 서둔동,2024-10,17905.0,37152.0
4111356000,수원시 권선구 서둔동,2024-11,17908.0,37090.0
4111356000,수원시 권선구 서둔동,2024-12,17886.0,37039.0
4111356000,수원시 권선구 서둔동,2025-01,17898.0,37109.0
4111356000,수원시 권선구 서둔동,2025-02,17953.0,37246.0
4111356000,수원시 권선구 서둔동,2025-03,17994.0,37272.0
4111356000,수원시 권선구 서둔동,2025-04,18035.0,37320.0
4111356000,수원시 권선구 서둔동,2025-05,18025.0,37286.0
4111356000,수원시 권선구 서둔동,2025-06,18031.0,37323.0
4111356000,수원시 권선구 서둔동,2025-07,18005.0,37268.0
4111356000,수원시 권선구 서둔동,2025-08,17956.0,37169.0
4111356000,수원시 권선구 서둔동,2025-09,17866.0,36958.0
4111356000,수원시 권선구 서둔동,2025-10,17758.0,36758.0
4111356000,수원시 권선구 서둔동,2025-11,17794.0,36784.0
4111356000,수원시 권선구 서둔동,2025-12,17780.0,36751.0
4111356000,수원시 권선구 서둔동,2026-01,17796.0,36674.0
4111356000,수원시 권선구 서둔동,2026-02,17805.0,36670.0
4111356000,수원시 권선구 서둔동,2026-03,17809.0,36649.0
4111356000,수원시 권선구 서둔동,2026-04,17834.0,36644.0
4111356000,수원시 권선구 서둔동,2026-05,17856.0,36634.0
4111356000,수원시 권선구 서둔동,2026-06,17856.0,36589.0
4111356000,수원시 권선구 서둔동,2026-07,17872.0,36560.0
4111356000,수원시 권선구 서둔동,2026-08,17905.0,36606.0
4111365000,수원시 권선구 구운동,2022-01,10772.0,24220.0
4111365000,수원시 권선구 구운동,2022-02,10786.0,24204.0
4111365000,수원시 권선구 구운동,2022-03,10822.0,24234.0
4111365000,수원시 권선구 구운동,2022-04,10839.0,24209.0
4111365000,수원시 권선구 구운동,2022-05,10844.0,24123.0
4111365000,수원시 권선구 구운동,2022-06,10839.0,24072.0
4111365000,수원시 권선구 구운동,2022-07,10835.0,24069.0
4111365000,수원시 권선구 구운동,2022-08,10835.0,24028.0
4111365000,수원시 권선구 구운동,2022-09,10791.0,23944.0
4111365000,수원시 권선구 구운동,2022-10,10792.0,23912.0
4111365000,수원시 권선구 구운동,2022-11,10817.0,23930.0
4111365000,수원시 권선구 구운동,2022-12,10834.0,23924.0
4111365000,수원시 권선구 구운동,2023-01,10825.0,23907.0
4111365000,수원시 권선구 구운동,2023-02,10835.0,23902.0
4111365000,수원시 권선구 구운동,2023-03,10820.0,23843.0
4111365000,수원시 권선구 구운동,2023-04,10812.0,23799.0
4111365000,수원시 권선구 구운동,2023-05,10787.0,23701.0
4111365000,수원시 권선구 구운동,2023-06,10762.0,23642.0
4111365000,수원시 권선구 구운동,2023-07,10745.0,23565.0
4111365000,수원시 권선구 구운동,2023-08,10728.0,23447.0
4111365000,수원시 권선구 구운동,2023-09,10711.0,23352.0
4111365000,수원시 권선구 구운동,2023-10,10702.0,23309.0
4111365000,수원시 권선구 구운동,2023-11,10689.0,23229.0
4111365000,수원시 권선구 구운동,2023-12,10652.0,23150.0
4111365000,수원시 권선구 구운동,2024-01,10648.0,23125.0
4111365000,수원시 권선구 구운동,2024-02,10653.0,23109.0
4111365000,수원시 권선구 구운동,2024-03,10643.0,23072.0
4111365000,수원시 권선구 구운동,2024-04,10618.0,22966.0
4111365000,수원시 권선구 구운동,2024-05,10615.0,22935.0
4111365000,수원시 권선구 구운동,2024-06,10620.0,22912.0
4111365000,수원시 권선구 구운동,2024-07,10622.0,22876.0
4111365000,수원시 권선구 구운동,2024-08,10606.0,22827.0
4111365000,수원시 권선구 구운동,2024-09,10605.0,22789.0
4111365000,수원시 권선구 구운동,2024-10,10595.0,22760.0
4111365000,수원시 권선구 구운동,2024-11,10600.0,22762.0
4111365000,수원시 권선구 구운동,2024-12,10588.0,22757.0
4111365000,수원시 권선구 구운동,2025-01,10574.0,22706.0
4111365000,수원시 권선구 구운동,2025-02,10587.0,22686.0
4111365000,수원시 권선구 구운동,2025-03,10573.0,22631.0
4111365000,수원시 권선구 구운동,2025-04,10596.0,22611.0
4111365000,수원시 권선구 구운동,2025-05,10573.0,22568.0
4111365000,수원시 권선구 구운동,2025-06,10586.0,22583.0
4111365000,수원시 권선구 구운동,2025-07,10594.0,22570.0
4111365000,수원시 권선구 구운동,2025-08,10595.0,22523.0
4111365000,수원시 권선구 구운동,2025-09,10595.0,22513.0
4111365000,수원시 권선구 구운동,2025-10,10617.0,22539.0
4111365000,수원시 권선구 구운동,2025-11,10611.0,22510.0
4111365000,수원시 권선구 구운동,2025-12,10632.0,22476.0
4111365000,수원시 권선구 구운동,2026-01,10635.0,22452.0
4111365000,수원시 권선구 구운동,2026-02,10644.0,22443.0
4111365000,수원시 권선구 구운동,2026-03,10672.0,22445.0
4111365000,수원시 권선구 구운동,2026-04,10682.0,22458.0
4111365000,수원시 권선구 구운동,2026-05,10697.0,22463.0
4111365000,수원시 권선구 구운동,2026-06,10701.0,22441.0
4111365000,수원시 권선구 구운동,2026-07,10707.0,22443.0
4111365000,수원시 권선구 구운동,2026-08,10733.0,22434.0
4111366200,수원시 권선구 금곡동,2022-01,17515.0,45369.0
4111366200,수원시 권선구 금곡동,2022-02,17543.0,45323.0
4111366200,수원시 권선구 금곡동,2022-03,17570.0,45311.0
4111366200,수원시 권선구 금곡동,2022-04,17611.0,45346.0
4111366200,수원시 권선구 금곡동,2022-05,17617.0,45280.0
4111366200,수원시 권선구 금곡동,2022-06,17635.0,45266.0
4111366200,수원시 권선구 금곡동,2022-07,17664.0,45256.0
4111366200,수원시 권선구 금곡동,2022-08,17660.0,45145.0
4111366200,수원시 권선구 금곡동,2022-09,17638.0,45061.0
4111366200,수원시 권선구 금곡동,2022-10,17639.0,45008.0
4111366200,수원시 권선구 금곡동,2022-11,17607.0,44916.0
4111366200,수원시 권선구 금곡동,2022-12,17602.0,44865.0
4111366200,수원시 권선구 금곡동,2023-01,17578.0,44770.0
4111366200,수원시 권선구 금곡동,2023-02,17603.0,44675.0
4111366200,수원시 권선구 금곡동,2023-03,17599.0,44633.0
4111366200,수원시 권선구 금곡동,2023-04,17604.0,44589.0
4111366200,수원시 권선구 금곡동,2023-05,17614.0,44608.0
4111366200,수원시 권선구 금곡동,2023-06,17595.0,44437.0
4111366200,수원시 권선구 금곡동,2023-07,17627.0,44425.0
4111366200,수원시 권선구 금곡동,2023-08,17632.0,44342.0
4111366200,수원시 권선구 금곡동,2023-09,17600.0,44192.0
4111366200,수원시 권선구 금곡동,2023-10,17581.0,44109.0
4111366200,수원시 권선구 금곡동,2023-11,17613.0,44115.0
4111366200,수원시 권선구 금곡동,2023-12,17601.0,44027.0
4111366200,수원시 권선구 금곡동,2024-01,17618.0,44016.0
4111366200,수원시 권선구 금곡동,2024-02,17724.0,44062.0
4111366200,수원시 권선구 금곡동,2024-03,18060.0,44409.0
4111366200,수원시 권선구 금곡동,2024-04,18220.0,44535.0
4111366200,수원시 권선구 금곡동,2024-05,18243.0,44498.0
4111366200,수원시 권선구 금곡동,2024-06,18273.0,44512.0
4111366200,수원시 권선구 금곡동,2024-07,18450.0,44735.0
4111366200,수원시 권선구 금곡동,2024-08,18520.0,44808.0
4111366200,수원시 권선구 금곡동,2024-09,18532.0,44780.0
4111366200,수원시 권선구 금곡동,2024-10,18562.0,44749.0
4111366200,수원시 권선구 금곡동,2024-11,18578.0,44751.0
4111366200,수원시 권선구 금곡동,2024-12,18594.0,44754.0
4111366200,수원시 권선구 금곡동,2025-01,18598.0,44709.0
4111366200,수원시 권선구 금곡동,2025-02,18583.0,44608.0
4111366200,수원시 권선구 금곡동,2025-03,18595.0,44580.0
4111366200,수원시 권선구 금곡동,2025-04,18587.0,44498.0
4111366200,수원시 권선구 금곡동,2025-05,18572.0,44405.0
4111366200,수원시 권선구 금곡동,2025-06,18584.0,44363.0
4111366200,수원시 권선구 금곡동,2025-07,18568.0,44351.0
4111366200,수원시 권선구 금곡동,2025-08,18595.0,44371.0
4111366200,수원시 권선구 금곡동,2025-09,18607.0,44379.0
4111366200,수원시 권선구 금곡동,2025-10,18631.0,44356.0
4111366200,수원시 권선구 금곡동,2025-11,18639.0,44356.0
4111366200,수원시 권선구 금곡동,2025-12,18726.0,44366.0
4111366200,수원시 권선구 금곡동,2026-01,18775.0,44399.0
4111366200,수원시 권선구 금곡동,2026-02,18803.0,44382.0
4111366200,수원시 권선구 금곡동,2026-03,18832.0,44349.0
4111366200,수원시 권선구 금곡동,2026-04,18849.0,44319.0
4111366200,수원시 권선구 금곡동,2026-05,18856.0,44276.0
4111366200,수원시 권선구 금곡동,2026-06,18865.0,44262.0
4111366200,수원시 권선구 금곡동,2026-07,18838.0,44194.0
4111366200,수원시 권선구 금곡동,2026-08,18846.0,44165.0
4111366400,수원시 권선구 호매실동,2022-01,17304.0,46129.0
4111366400,수원시 권선구 호매실동,2022-02,17285.0,45956.0
4111366400,수원시 권선구 호매실동,2022-03,17289.0,45866.0
4111366400,수원시 권선구 호매실동,2022-04,17299.0,45855.0
4111366400,수원시 권선구 호매실동,2022-05,17304.0,45858.0
4111366400,수원시 권선구 호매실동,2022-06,17294.0,45769.0
4111366400,수원시 권선구 호매실동,2022-07,17303.0,45722.0
4111366400,수원시 권선구 호매실동,2022-08,17264.0,45586.0
4111366400,수원시 권선구 호매실동,2022-09,17248.0,45464.0
4111366400,수원시 권선구 호매실동,2022-10,17263.0,45449.0
4111366400,수원시 권선구 호매실동,2022-11,17274.0,45475.0
4111366400,수원시 권선구 호매실동,2022-12,17288.0,45433.0
4111366400,수원시 권선구 호매실동,2023-01,17300.0,45398.0
4111366400,수원시 권선구 호매실동,2023-02,17321.0,45391.0
4111366400,수원시 권선구 호매실동,2023-03,17330.0,45382.0
4111366400,수원시 권선구 호매실동,2023-04,17351.0,45381.0
4111366400,수원시 권선구 호매실동,2023-05,17344.0,45320.0
4111366400,수원시 권선구 호매실동,2023-06,17331.0,45272.0
4111366400,수원시 권선구 호매실동,2023-07,17286.0,45120.0
4111366400,수원시 권선구 호매실동,2023-08,17269.0,44972.0
4111366400,수원시 권선구 호매실동,2023-09,17238.0,44853.0
4111366400,수원시 권선구 호매실동,2023-10,17226.0,44745.0
4111366400,수원시 권선구 호매실동,2023-11,17221.0,44655.0
4111366400,수원시 권선구 호매실동,2023-12,17237.0,44651.0
4111366400,수원시 권선구 호매실동,2024-01,17255.0,44718.0
4111366400,수원시 권선구 호매실동,2024-02,17246.0,44608.0
4111366400,수원시 권선구 호매실동,2024-03,17249.0,44535.0
4111366400,수원시 권선구 호매실동,2024-04,17221.0,44420.0
4111366400,수원시 권선구 호매실동,2024-05,17247.0,44419.0
4111366400,수원시 권선구 호매실동,2024-06,17273.0,44427.0
4111366400,수원시 권선구 호매실동,2024-07,17256.0,44407.0
4111366400,수원시 권선구 호매실동,2024-08,17262.0,44373.0
4111366400,수원시 권선구 호매실동,2024-09,17238.0,44312.0
4111366400,수원시 권선구 호매실동,2024-10,17221.0,44254.0
4111366400,수원시 권선구 호매실동,2024-11,17224.0,44157.0
4111366400,수원시 권선구 호매실동,2024-12,17247.0,44128.0
4111366400,수원시 권선구 호매실동,2025-01,17243.0,44114.0
4111366400,수원시 권선구 호매실동,2025-02,17232.0,44039.0
4111366400,수원시 권선구 호매실동,2025-03,17244.0,44026.0
4111366400,수원시 권선구 호매실동,2025-04,17225.0,43916.0
4111366400,수원시 권선구 호매실동,2025-05,17213.0,43896.0
4111366400,수원시 권선구 호매실동,2025-06,17219.0,43919.0
4111366400,수원시 권선구 호매실동,2025-07,17234.0,43933.0
4111366400,수원시 권선구 호매실동,2025-08,17281.0,43996.0
4111366400,수원시 권선구 호매실동,2025-09,17330.0,44035.0
4111366400,수원시 권선구 호매실동,2025-10,17351.0,44047.0
4111366400,수원시 권선구 호매실동,2025-11,17353.0,44080.0
4111366400,수원시 권선구 호매실동,2025-12,17368.0,44064.0
4111366400,수원시 권선구 호매실동,2026-01,17353.0,43916.0
4111366400,수원시 권선구 호매실동,2026-02,17362.0,43844.0
4111366400,수원시 권선구 호매실동,2026-03,17374.0,43806.0
4111366400,수원시 권선구 호매실동,2026-04,17384.0,43757.0
4111366400,수원시 권선구 호매실동,2026-05,17390.0,43715.0
4111366400,수원시 권선구 호매실동,2026-06,17375.0,43689.0
4111366400,수원시 권선구 호매실동,2026-07,17383.0,43709.0
4111366400,수원시 권선구 호매실동,2026-08,17380.0,43680.0
4111367000,수원시 권선구 권선1동,2022-01,13212.0,24578.0
4111367000,수원시 권선구 권선1동,2022-02,13222.0,24502.0
4111367000,수원시 권선구 권선1동,2022-03,13346.0,24630.0
4111367000,수원시 권선구 권선1동,2022-04,13399.0,24645.0
4111367000,수원시 권선구 권선1동,2022-05,13434.0,24652.0
4111367000,수원시 권선구 권선1동,2022-06,13460.0,24661.0
4111367000,수원시 권선구 권선1동,2022-07,13499.0,24682.0
4111367000,수원시 권선구 권선1동,2022-08,13526.0,24618.0
4111367000,수원시 권선구 권선1동,2022-09,13497.0,24483.0
4111367000,수원시 권선구 권선1동,2022-10,13474.0,24413.0
4111367000,수원시 권선구 권선1동,2022-11,13467.0,24393.0
4111367000,수원시 권선구 권선1동,2022-12,13479.0,24370.0
4111367000,수원시 권선구 권선1동,2023-01,13526.0,24398.0
4111367000,수원시 권선구 권선1동,2023-02,13573.0,24470.0
4111367000,수원시 권선구 권선1동,2023-03,13578.0,24464.0
4111367000,수원시 권선구 권선1동,2023-04,13606.0,24423.0
4111367000,수원시 권선구 권선1동,2023-05,13674.0,24497.0
4111367000,수원시 권선구 권선1동,2023-06,13681.0,24449.0
4111367000,수원시 권선구 권선1동,2023-07,13680.0,24385.0
4111367000,수원시 권선구 권선1동,2023-08,13632.0,24258.0
4111367000,수원시 권선구 권선1동,2023-09,13632.0,24200.0
4111367000,수원시 권선구 권선1동,2023-10,13646.0,24186.0
4111367000,수원시 권선구 권선1동,2023-11,13672.0,24185.0
4111367000,수원시 권선구 권선1동,2023-12,13698.0,24177.0
4111367000,수원시 권선구 권선1동,2024-01,13796.0,24267.0
4111367000,수원시 권선구 권선1동,2024-02,13892.0,24320.0
4111367000,수원시 권선구 권선1동,2024-03,13908.0,24360.0
4111367000,수원시 권선구 권선1동,2024-04,13931.0,24363.0
4111367000,수원시 권선구 권선1동,2024-05,13953.0,24346.0
4111367000,수원시 권선구 권선1동,2024-06,13942.0,24295.0
4111367000,수원시 권선구 권선1동,2024-07,13938.0,24269.0
4111367000,수원시 권선구 권선1동,2024-08,13959.0,24253.0
4111367000,수원시 권선구 권선1동,2024-09,13969.0,24204.0
4111367000,수원시 권선구 권선1동,2024-10,13941.0,24088.0
4111367000,수원시 권선구 권선1동,2024-11,13952.0,24093.0
4111367000,수원시 권선구 권선1동,2024-12,13940.0,24090.0
4111367000,수원시 권선구 권선1동,2025-01,13967.0,24082.0
4111367000,수원시 권선구 권선1동,2025-02,14030.0,24110.0
4111367000,수원시 권선구 권선1동,2025-03,14006.0,24031.0
4111367000,수원시 권선구 권선1동,2025-04,13996.0,23993.0
4111367000,수원시 권선구 권선1동,2025-05,13953.0,23876.0
4111367000,수원시 권선구 권선1동,2025-06,13934.0,23821.0
4111367000,수원시 권선구 권선1동,2025-07,13933.0,23815.0
4111367000,수원시 권선구 권선1동,2025-08,13934.0,23830.0
4111367000,수원시 권선구 권선1동,2025-09,13914.0,23794.0
4111367000,수원시 권선구 권선1동,2025-10,13886.0,23791.0
4111367000,수원시 권선구 권선1동,2025-11,13880.0,23806.0
4111367000,수원시 권선구 권선1동,2025-12,13904.0,23839.0
4111367000,수원시 권선구 권선1동,2026-01,14000.0,23899.0
4111367000,수원시 권선구 권선1동,2026-02,14043.0,23938.0
4111367000,수원시 권선구 권선1동,2026-03,14074.0,23924.0
4111367000,수원시 권선구 권선1동,2026-04,14086.0,23929.0
4111367000,수원시 권선구 권선1동,2026-05,14101.0,23944.0
4111367000,수원시 권선구 권선1동,2026-06,14128.0,23936.0
4111367000,수원시 권선구 권선1동,2026-07,14102.0,23869.0
4111367000,수원시 권선구 권선1동,2026-08,14125.0,23894.0
4111368000,수원시 권선구 권선2동,2022-01,17242.0,48161.0
4111368000,수원시 권선구 권선2동,2022-02,17215.0,47911.0
4111368000,수원시 권선구 권선2동,2022-03,17222.0,47848.0
4111368000,수원시 권선구 권선2동,2022-04,17249.0,47872.0
4111368000,수원시 권선구 권선2동,2022-05,17257.0,47832.0
4111368000,수원시 권선구 권선2동,2022-06,17273.0,47862.0
4111368000,수원시 권선구 권선2동,2022-07,17268.0,47810.0
4111368000,수원시 권선구 권선2동,2022-08,17245.0,47624.0
4111368000,수원시 권선구 권선2동,2022-09,17216.0,47475.0
4111368000,수원시 권선구 권선2동,2022-10,17212.0,47404.0
4111368000,수원시 권선구 권선2동,2022-11,17222.0,47390.0
4111368000,수원시 권선구 권선2동,2022-12,17219.0,47384.0
4111368000,수원시 권선구 권선2동,2023-01,17222.0,47300.0
4111368000,수원시 권선구 권선2동,2023-02,17227.0,47225.0
4111368000,수원시 권선구 권선2동,2023-03,17198.0,47140.0
4111368000,수원시 권선구 권선2동,2023-04,17215.0,47135.0
4111368000,수원시 권선구 권선2동,2023-05,17201.0,47085.0
4111368000,수원시 권선구 권선2동,2023-06,17214.0,47078.0
4111368000,수원시 권선구 권선2동,2023-07,17170.0,46913.0
4111368000,수원시 권선구 권선2동,2023-08,17140.0,46733.0
4111368000,수원시 권선구 권선2동,2023-09,17142.0,46692.0
4111368000,수원시 권선구 권선2동,2023-10,17149.0,46597.0
4111368000,수원시 권선구 권선2동,2023-11,17173.0,46583.0
4111368000,수원시 권선구 권선2동,2023-12,17179.0,46505.0
4111368000,수원시 권선구 권선2동,2024-01,17167.0,46458.0
4111368000,수원시 권선구 권선2동,2024-02,17139.0,46258.0
4111368000,수원시 권선구 권선2동,2024-03,17128.0,46214.0
4111368000,수원시 권선구 권선2동,2024-04,17117.0,46117.0
4111368000,수원시 권선구 권선2동,2024-05,17132.0,46050.0
4111368000,수원시 권선구 권선2동,2024-06,17119.0,46035.0
4111368000,수원시 권선구 권선2동,2024-07,17115.0,45979.0
4111368000,수원시 권선구 권선2동,2024-08,17095.0,45932.0
4111368000,수원시 권선구 권선2동,2024-09,17083.0,45858.0
4111368000,수원시 권선구 권선2동,2024-10,17092.0,45866.0
4111368000,수원시 권선구 권선2동,2024-11,17085.0,45845.0
4111368000,수원시 권선구 권선2동,2024-12,17098.0,45800.0
4111368000,수원시 권선구 권선2동,2025-01,17151.0,45857.0
4111368000,수원시 권선구 권선2동,2025-02,17199.0,45896.0
4111368000,수원시 권선구 권선2동,2025-03,17225.0,45920.0
4111368000,수원시 권선구 권선2동,2025-04,17225.0,45857.0
4111368000,수원시 권선구 권선2동,2025-05,17229.0,45822.0
4111368000,수원시 권선구 권선2동,2025-06,17285.0,45898.0
4111368000,수원시 권선구 권선2동,2025-07,17344.0,45977.0
4111368000,수원시 권선구 권선2동,2025-08,17404.0,46066.0
4111368000,수원시 권선구 권선2동,2025-09,17465.0,46190.0
4111368000,수원시 권선구 권선2동,2025-10,17495.0,46273.0
4111368000,수원시 권선구 권선2동,2025-11,17524.0,46302.0
4111368000,수원시 권선구 권선2동,2025-12,17541.0,46328.0
4111368000,수원시 권선구 권선2동,2026-01,17541.0,46312.0
4111368000,수원시 권선구 권선2동,2026-02,17554.0,46234.0
4111368000,수원시 권선구 권선2동,2026-03,17550.0,46183.0
4111368000,수원시 권선구 권선2동,2026-04,17588.0,46200.0
4111368000,수원시 권선구 권선2동,2026-05,17590.0,46157.0
4111368000,수원시 권선구 권선2동,2026-06,17608.0,46151.0
4111368000,수원시 권선구 권선2동,2026-07,17600.0,46129.0
4111368000,수원시 권선구 권선2동,2026-08,17596.0,46062.0
4111369000,수원시 권선구 곡선동,2022-01,16296.0,31449.0
4111369000,수원시 권선구 곡선동,2022-02,17231.0,33876.0
4111369000,수원시 권선구 곡선동,2022-03,17541.0,34616.0
4111369000,수원시 권선구 곡선동,2022-04,17666.0,34901.0
4111369000,수원시 권선구 곡선동,2022-05,17779.0,35056.0
4111369000,수원시 권선구 곡선동,2022-06,17880.0,35262.0
4111369000,수원시 권선구 곡선동,2022-07,17932.0,35357.0
4111369000,수원시 권선구 곡선동,2022-08,17959.0,35357.0
4111369000,수원시 권선구 곡선동,2022-09,17990.0,35350.0
4111369000,수원시 권선구 곡선동,2022-10,17962.0,35324.0
4111369000,수원시 권선구 곡선동,2022-11,17982.0,35358.0
4111369000,수원시 권선구 곡선동,2022-12,17991.0,35399.0
4111369000,수원시 권선구 곡선동,2023-01,18020.0,35402.0
4111369000,수원시 권선구 곡선동,2023-02,18066.0,35455.0
4111369000,수원시 권선구 곡선동,2023-03,18122.0,35516.0
4111369000,수원시 권선구 곡선동,2023-04,18150.0,35565.0
4111369000,수원시 권선구 곡선동,2023-05,18149.0,35528.0
4111369000,수원시 권선구 곡선동,2023-06,18147.0,35517.0
4111369000,수원시 권선구 곡선동,2023-07,18113.0,35405.0
4111369000,수원시 권선구 곡선동,2023-08,18120.0,35323.0
4111369000,수원시 권선구 곡선동,2023-09,18065.0,35198.0
4111369000,수원시 권선구 곡선동,2023-10,18032.0,35129.0
4111369000,수원시 권선구 곡선동,2023-11,18012.0,35113.0
4111369000,수원시 권선구 곡선동,2023-12,17991.0,35049.0
4111369000,수원시 권선구 곡선동,2024-01,17975.0,35009.0
4111369000,수원시 권선구 곡선동,2024-02,17946.0,34933.0
4111369000,수원시 권선구 곡선동,2024-03,17940.0,34871.0
4111369000,수원시 권선구 곡선동,2024-04,17888.0,34767.0
4111369000,수원시 권선구 곡선동,2024-05,17860.0,34758.0
4111369000,수원시 권선구 곡선동,2024-06,17828.0,34700.0
4111369000,수원시 권선구 곡선동,2024-07,17817.0,34684.0
4111369000,수원시 권선구 곡선동,2024-08,17774.0,34654.0
4111369000,수원시 권선구 곡선동,2024-09,17719.0,34556.0
4111369000,수원시 권선구 곡선동,2024-10,17713.0,34488.0
4111369000,수원시 권선구 곡선동,2024-11,17746.0,34499.0
4111369000,수원시 권선구 곡선동,2024-12,17735.0,34461.0
4111369000,수원시 권선구 곡선동,2025-01,17711.0,34463.0
4111369000,수원시 권선구 곡선동,2025-02,17706.0,34381.0
4111369000,수원시 권선구 곡선동,2025-03,17695.0,34337.0
4111369000,수원시 권선구 곡선동,2025-04,17692.0,34293.0
4111369000,수원시 권선구 곡선동,2025-05,17723.0,34314.0
4111369000,수원시 권선구 곡선동,2025-06,17763.0,34352.0
4111369000,수원시 권선구 곡선동,2025-07,17777.0,34372.0
4111369000,수원시 권선구 곡선동,2025-08,17766.0,34327.0
4111369000,수원시 권선구 곡선동,2025-09,17784.0,34363.0
4111369000,수원시 권선구 곡선동,2025-10,17821.0,34370.0
4111369000,수원시 권선구 곡선동,2025-11,17819.0,34329.0
4111369000,수원시 권선구 곡선동,2025-12,17816.0,34344.0
4111369000,수원시 권선구 곡선동,2026-01,17828.0,34332.0
4111369000,수원시 권선구 곡선동,2026-02,17852.0,34280.0
4111369000,수원시 권선구 곡선동,2026-03,17909.0,34293.0
4111369000,수원시 권선구 곡선동,2026-04,17954.0,34340.0
4111369000,수원시 권선구 곡선동,2026-05,18013.0,34448.0
4111369000,수원시 권선구 곡선동,2026-06,18049.0,34505.0
4111369000,수원시 권선구 곡선동,2026-07,18101.0,34582.0
4111369000,수원시 권선구 곡선동,2026-08,18125.0,34553.0
4111370000,수원시 권선구 입북동,2022-01,6170.0,16456.0
4111370000,수원시 권선구 입북동,2022-02,6158.0,16385.0
4111370000,수원시 권선구 입북동,2022-03,6157.0,16357.0
4111370000,수원시 권선구 입북동,2022-04,6156.0,16333.0
4111370000,수원시 권선구 입북동,2022-05,6162.0,16332.0
4111370000,수원시 권선구 입북동,2022-06,6152.0,16305.0
4111370000,수원시 권선구 입북동,2022-07,6163.0,16271.0
4111370000,수원시 권선구 입북동,2022-08,6148.0,16231.0
4111370000,수원시 권선구 입북동,2022-09,6148.0,16189.0
4111370000,수원시 권선구 입북동,2022-10,6128.0,16126.0
4111370000,수원시 권선구 입북동,2022-11,6128.0,16107.0
4111370000,수원시 권선구 입북동,2022-12,6130.0,16122.0
4111370000,수원시 권선구 입북동,2023-01,6133.0,16120.0
4111370000,수원시 권선구 입북동,2023-02,6133.0,16099.0
4111370000,수원시 권선구 입북동,2023-03,6139.0,16096.0
4111370000,수원시 권선구 입북동,2023-04,6138.0,16089.0
4111370000,수원시 권선구 입북동,2023-05,6650.0,16686.0
4111370000,수원시 권선구 입북동,2023-06,7230.0,17691.0
4111370000,수원시 권선구 입북동,2023-07,7787.0,18884.0
4111370000,수원시 권선구 입북동,2023-08,7996.0,19376.0
4111370000,수원시 권선구 입북동,2023-09,8039.0,19476.0
4111370000,수원시 권선구 입북동,2023-10,8047.0,19482.0
4111370000,수원시 권선구 입북동,2023-11,8058.0,19502.0
4111370000,수원시 권선구 입북동,2023-12,8171.0,19648.0
4111370000,수원시 권선구 입북동,2024-01,8233.0,19722.0
4111370000,수원시 권선구 입북동,2024-02,8269.0,19761.0
4111370000,수원시 권선구 입북동,2024-03,8277.0,19759.0
4111370000,수원시 권선구 입북동,2024-04,8291.0,19778.0
4111370000,수원시 권선구 입북동,2024-05,8299.0,19790.0
4111370000,수원시 권선구 입북동,2024-06,8289.0,19792.0
4111370000,수원시 권선구 입북동,2024-07,8284.0,19795.0
4111370000,수원시 권선구 입북동,2024-08,8275.0,19765.0
4111370000,수원시 권선구 입북동,2024-09,8289.0,19763.0
4111370000,수원시 권선구 입북동,2024-10,8274.0,19699.0
4111370000,수원시 권선구 입북동,2024-11,8272.0,19691.0
4111370000,수원시 권선구 입북동,2024-12,8303.0,19697.0
4111370000,수원시 권선구 입북동,2025-01,8302.0,19688.0
4111370000,수원시 권선구 입북동,2025-02,8291.0,19639.0
4111370000,수원시 권선구 입북동,2025-03,8291.0,19635.0
4111370000,수원시 권선구 입북동,2025-04,8278.0,19641.0
4111370000,수원시 권선구 입북동,2025-05,8263.0,19603.0
4111370000,수원시 권선구 입북동,2025-06,8244.0,19557.0
4111370000,수원시 권선구 입북동,2025-07,8265.0,19584.0
4111370000,수원시 권선구 입북동,2025-08,8320.0,19631.0
4111370000,수원시 권선구 입북동,2025-09,8302.0,19650.0
4111370000,수원시 권선구 입북동,2025-10,8310.0,19697.0
4111370000,수원시 권선구 입북동,2025-11,8302.0,19717.0
4111370000,수원시 권선구 입북동,2025-12,8288.0,19696.0
4111370000,수원시 권선구 입북동,2026-01,8304.0,19719.0
4111370000,수원시 권선구 입북동,2026-02,8312.0,19728.0
4111370000,수원시 권선구 입북동,2026-03,8325.0,19706.0
4111370000,수원시 권선구 입북동,2026-04,8321.0,19692.0
4111370000,수원시 권선구 입북동,2026-05,8318.0,19690.0
4111370000,수원시 권선구 입북동,2026-06,8313.0,19661.0
4111370000,수원시 권선구 입북동,2026-07,8303.0,19616.0
4111370000,수원시 권선구 입북동,2026-08,8282.0,19558.0
4111500000,수원시 팔달구,2022-01,91251.0,181990.0
4111500000,수원시 팔달구,2022-02,91372.0,181806.0
4111500000,수원시 팔달구,2022-03,91367.0,181595.0
4111500000,수원시 팔달구,2022-04,91305.0,181395.0
4111500000,수원시 팔달구,2022-05,91352.0,181280.0
4111500000,수원시 팔달구,2022-06,91403.0,181123.0
4111500000,수원시 팔달구,2022-07,91551.0,181416.0
4111500000,수원시 팔달구,2022-08,93168.0,185563.0
4111500000,수원시 팔달구,2022-09,94615.0,189267.0
4111500000,수원시 팔달구,2022-10,95589.0,191423.0
4111500000,수원시 팔달구,2022-11,95800.0,192225.0
4111500000,수원시 팔달구,2022-12,95950.0,192610.0
4111500000,수원시 팔달구,2023-01,96148.0,192965.0
4111500000,수원시 팔달구,2023-02,96415.0,193247.0
4111500000,수원시 팔달구,2023-03,96482.0,193363.0
4111500000,수원시 팔달구,2023-04,96592.0,193392.0
4111500000,수원시 팔달구,2023-05,96513.0,193202.0
4111500000,수원시 팔달구,2023-06,96404.0,192921.0
4111500000,수원시 팔달구,2023-07,96327.0,192414.0
4111500000,수원시 팔달구,2023-08,97616.0,195442.0
4111500000,수원시 팔달구,2023-09,98409.0,197197.0
4111500000,수원시 팔달구,2023-10,98688.0,197705.0
4111500000,수원시 팔달구,2023-11,98627.0,197473.0
4111500000,수원시 팔달구,2023-12,98505.0,197213.0
4111500000,수원시 팔달구,2024-01,98347.0,196921.0
4111500000,수원시 팔달구,2024-02,98304.0,196573.0
4111500000,수원시 팔달구,2024-03,98304.0,196326.0
4111500000,수원시 팔달구,2024-04,98119.0,195864.0
4111500000,수원시 팔달구,2024-05,98146.0,195682.0
4111500000,수원시 팔달구,2024-06,98139.0,195565.0
4111500000,수원시 팔달구,2024-07,98123.0,195393.0
4111500000,수원시 팔달구,2024-08,98119.0,195249.0
4111500000,수원시 팔달구,2024-09,98028.0,195000.0
4111500000,수원시 팔달구,2024-10,97886.0,194689.0
4111500000,수원시 팔달구,2024-11,97904.0,194547.0
4111500000,수원시 팔달구,2024-12,97877.0,194397.0
4111500000,수원시 팔달구,2025-01,97940.0,194389.0
4111500000,수원시 팔달구,2025-02,98094.0,194311.0
4111500000,수원시 팔달구,2025-03,98051.0,194049.0
4111500000,수원시 팔달구,2025-04,98046.0,193792.0
4111500000,수원시 팔달구,2025-05,97968.0,193596.0
4111500000,수원시 팔달구,2025-06,98054.0,193523.0
4111500000,수원시 팔달구,2025-07,97964.0,193290.0
4111500000,수원시 팔달구,2025-08,97905.0,193013.0
4111500000,수원시 팔달구,2025-09,97793.0,192685.0
4111500000,수원시 팔달구,2025-10,97675.0,192391.0
4111500000,수원시 팔달구,2025-11,97595.0,192131.0
4111500000,수원시 팔달구,2025-12,97494.0,191822.0
4111500000,수원시 팔달구,2026-01,97680.0,191972.0
4111500000,수원시 팔달구,2026-02,98138.0,192473.0
4111500000,수원시 팔달구,2026-03,98533.0,192974.0
4111500000,수원시 팔달구,2026-04,98721.0,193197.0
4111500000,수원시 팔달구,2026-05,98907.0,193364.0
4111500000,수원시 팔달구,2026-06,98991.0,193401.0
4111500000,수원시 팔달구,2026-07,98997.0,193325.0
4111500000,수원시 팔달구,2026-08,99128.0,193282.0
4111565000,수원시 팔달구 매교동,2022-01,3294.0,5839.0
4111565000,수원시 팔달구 매교동,2022-02,3310.0,5858.0
4111565000,수원시 팔달구 매교동,2022-03,3309.0,5857.0
4111565000,수원시 팔달구 매교동,2022-04,3303.0,5833.0
4111565000,수원시 팔달구 매교동,2022-05,3312.0,5842.0
4111565000,수원시 팔달구 매교동,2022-06,3322.0,5861.0
4111565000,수원시 팔달구 매교동,2022-07,3402.0,6055.0
4111565000,수원시 팔달구 매교동,2022-08,5119.0,10716.0
4111565000,수원시 팔달구 매교동,2022-09,6983.0,15336.0
4111565000,수원시 팔달구 매교동,2022-10,8109.0,17981.0
4111565000,수원시 팔달구 매교동,2022-11,8506.0,19066.0
4111565000,수원시 팔달구 매교동,2022-12,8734.0,19673.0
4111565000,수원시 팔달구 매교동,2023-01,8896.0,20141.0
4111565000,수원시 팔달구 매교동,2023-02,9022.0,20502.0
4111565000,수원시 팔달구 매교동,2023-03,9139.0,20802.0
4111565000,수원시 팔달구 매교동,2023-04,9225.0,20995.0
4111565000,수원시 팔달구 매교동,2023-05,9264.0,21135.0
4111565000,수원시 팔달구 매교동,2023-06,9288.0,21226.0
4111565000,수원시 팔달구 매교동,2023-07,9335.0,21300.0
4111565000,수원시 팔달구 매교동,2023-08,9337.0,21311.0
4111565000,수원시 팔달구 매교동,2023-09,9344.0,21346.0
4111565000,수원시 팔달구 매교동,2023-10,9333.0,21359.0
4111565000,수원시 팔달구 매교동,2023-11,9329.0,21326.0
4111565000,수원시 팔달구 매교동,2023-12,9343.0,21454.0
4111565000,수원시 팔달구 매교동,2024-01,9354.0,21516.0
4111565000,수원시 팔달구 매교동,2024-02,9384.0,21632.0
4111565000,수원시 팔달구 매교동,2024-03,9384.0,21634.0
4111565000,수원시 팔달구 매교동,2024-04,9409.0,21688.0
4111565000,수원시 팔달구 매교동,2024-05,9419.0,21695.0
4111565000,수원시 팔달구 매교동,2024-06,9423.0,21710.0
4111565000,수원시 팔달구 매교동,2024-07,9437.0,21688.0
4111565000,수원시 팔달구 매교동,2024-08,9434.0,21691.0
4111565000,수원시 팔달구 매교동,2024-09,9408.0,21630.0
4111565000,수원시 팔달구 매교동,2024-10,9395.0,21635.0
4111565000,수원시 팔달구 매교동,2024-11,9398.0,21634.0
4111565000,수원시 팔달구 매교동,2024-12,9396.0,21617.0
4111565000,수원시 팔달구 매교동,2025-01,9418.0,21688.0
4111565000,수원시 팔달구 매교동,2025-02,9424.0,21704.0
4111565000,수원시 팔달구 매교동,2025-03,9414.0,21706.0
4111565000,수원시 팔달구 매교동,2025-04,9422.0,21710.0
4111565000,수원시 팔달구 매교동,2025-05,9407.0,21721.0
4111565000,수원시 팔달구 매교동,2025-06,9423.0,21737.0
4111565000,수원시 팔달구 매교동,2025-07,9422.0,21734.0
4111565000,수원시 팔달구 매교동,2025-08,9429.0,21767.0
4111565000,수원시 팔달구 매교동,2025-09,9439.0,21795.0
4111565000,수원시 팔달구 매교동,2025-10,9436.0,21822.0
4111565000,수원시 팔달구 매교동,2025-11,9430.0,21809.0
4111565000,수원시 팔달구 매교동,2025-12,9440.0,21840.0
4111565000,수원시 팔달구 매교동,2026-01,9475.0,21856.0
4111565000,수원시 팔달구 매교동,2026-02,9513.0,21890.0
4111565000,수원시 팔달구 매교동,2026-03,9525.0,21865.0
4111565000,수원시 팔달구 매교동,2026-04,9542.0,21837.0
4111565000,수원시 팔달구 매교동,2026-05,9531.0,21835.0
4111565000,수원시 팔달구 매교동,2026-06,9521.0,21789.0
4111565000,수원시 팔달구 매교동,2026-07,9496.0,21742.0
4111565000,수원시 팔달구 매교동,2026-08,9533.0,21765.0
4111566000,수원시 팔달구 매산동,2022-01,6017.0,10272.0
4111566000,수원시 팔달구 매산동,2022-02,6005.0,10240.0
4111566000,수원시 팔달구 매산동,2022-03,6010.0,10233.0
4111566000,수원시 팔달구 매산동,2022-04,6001.0,10211.0
4111566000,수원시 팔달구 매산동,2022-05,6011.0,10207.0
4111566000,수원시 팔달구 매산동,2022-06,6004.0,10165.0
4111566000,수원시 팔달구 매산동,2022-07,5987.0,10146.0
4111566000,수원시 팔달구 매산동,2022-08,5956.0,10100.0
4111566000,수원시 팔달구 매산동,2022-09,5936.0,10022.0
4111566000,수원시 팔달구 매산동,2022-10,5874.0,9938.0
4111566000,수원시 팔달구 매산동,2022-11,5871.0,9946.0
4111566000,수원시 팔달구 매산동,2022-12,5888.0,9964.0
4111566000,수원시 팔달구 매산동,2023-01,5901.0,9967.0
4111566000,수원시 팔달구 매산동,2023-02,5928.0,9998.0
4111566000,수원시 팔달구 매산동,2023-03,5908.0,9965.0
4111566000,수원시 팔달구 매산동,2023-04,5910.0,9956.0
4111566000,수원시 팔달구 매산동,2023-05,5903.0,9941.0
4111566000,수원시 팔달구 매산동,2023-06,5904.0,9943.0
4111566000,수원시 팔달구 매산동,2023-07,5898.0,9927.0
4111566000,수원시 팔달구 매산동,2023-08,5886.0,9873.0
4111566000,수원시 팔달구 매산동,2023-09,5869.0,9841.0
4111566000,수원시 팔달구 매산동,2023-10,5876.0,9849.0
4111566000,수원시 팔달구 매산동,2023-11,5896.0,9876.0
4111566000,수원시 팔달구 매산동,2023-12,5896.0,9878.0
4111566000,수원시 팔달구 매산동,2024-01,5895.0,9878.0
4111566000,수원시 팔달구 매산동,2024-02,5910.0,9864.0
4111566000,수원시 팔달구 매산동,2024-03,5900.0,9834.0
4111566000,수원시 팔달구 매산동,2024-04,5893.0,9813.0
4111566000,수원시 팔달구 매산동,2024-05,5910.0,9822.0
4111566000,수원시 팔달구 매산동,2024-06,5928.0,9836.0
4111566000,수원시 팔달구 매산동,2024-07,5963.0,9869.0
4111566000,수원시 팔달구 매산동,2024-08,5953.0,9861.0
4111566000,수원시 팔달구 매산동,2024-09,5952.0,9866.0
4111566000,수원시 팔달구 매산동,2024-10,5959.0,9851.0
4111566000,수원시 팔달구 매산동,2024-11,5976.0,9832.0
4111566000,수원시 팔달구 매산동,2024-12,6002.0,9856.0
4111566000,수원시 팔달구 매산동,2025-01,6028.0,9873.0
4111566000,수원시 팔달구 매산동,2025-02,6058.0,9885.0
4111566000,수원시 팔달구 매산동,2025-03,6030.0,9843.0
4111566000,수원시 팔달구 매산동,2025-04,6051.0,9852.0
4111566000,수원시 팔달구 매산동,2025-05,6048.0,9817.0
4111566000,수원시 팔달구 매산동,2025-06,6033.0,9789.0
4111566000,수원시 팔달구 매산동,2025-07,6032.0,9776.0
4111566000,수원시 팔달구 매산동,2025-08,6066.0,9822.0
4111566000,수원시 팔달구 매산동,2025-09,6073.0,9831.0
4111566000,수원시 팔달구 매산동,2025-10,6073.0,9823.0
4111566000,수원시 팔달구 매산동,2025-11,6067.0,9800.0
4111566000,수원시 팔달구 매산동,2025-12,6057.0,9777.0
4111566000,수원시 팔달구 매산동,2026-01,6063.0,9766.0
4111566000,수원시 팔달구 매산동,2026-02,6088.0,9807.0
4111566000,수원시 팔달구 매산동,2026-03,6091.0,9805.0
4111566000,수원시 팔달구 매산동,2026-04,6091.0,9792.0
4111566000,수원시 팔달구 매산동,2026-05,6091.0,9786.0
4111566000,수원시 팔달구 매산동,2026-06,6094.0,9795.0
4111566000,수원시 팔달구 매산동,2026-07,6080.0,9786.0
4111566000,수원시 팔달구 매산동,2026-08,6085.0,9778.0
4111567000,수원시 팔달구 고등동,2022-01,9501.0,20070.0
4111567000,수원시 팔달구 고등동,2022-02,9517.0,20089.0
4111567000,수원시 팔달구 고등동,2022-03,9513.0,20096.0
4111567000,수원시 팔달구 고등동,2022-04,9497.0,20104.0
4111567000,수원시 팔달구 고등동,2022-05,9572.0,20255.0
4111567000,수원시 팔달구 고등동,2022-06,9707.0,20497.0
4111567000,수원시 팔달구 고등동,2022-07,9735.0,20556.0
4111567000,수원시 팔달구 고등동,2022-08,9725.0,20572.0
4111567000,수원시 팔달구 고등동,2022-09,9651.0,20497.0
4111567000,수원시 팔달구 고등동,2022-10,9673.0,20492.0
4111567000,수원시 팔달구 고등동,2022-11,9657.0,20464.0
4111567000,수원시 팔달구 고등동,2022-12,9673.0,20500.0
4111567000,수원시 팔달구 고등동,2023-01,9681.0,20509.0
4111567000,수원시 팔달구 고등동,2023-02,9681.0,20501.0
4111567000,수원시 팔달구 고등동,2023-03,9673.0,20471.0
4111567000,수원시 팔달구 고등동,2023-04,9692.0,20481.0
4111567000,수원시 팔달구 고등동,2023-05,9685.0,20490.0
4111567000,수원시 팔달구 고등동,2023-06,9670.0,20456.0
4111567000,수원시 팔달구 고등동,2023-07,9641.0,20373.0
4111567000,수원시 팔달구 고등동,2023-08,9626.0,20311.0
4111567000,수원시 팔달구 고등동,2023-09,9575.0,20250.0
4111567000,수원시 팔달구 고등동,2023-10,9535.0,20176.0
4111567000,수원시 팔달구 고등동,2023-11,9438.0,20017.0
4111567000,수원시 팔달구 고등동,2023-12,9380.0,19903.0
4111567000,수원시 팔달구 고등동,2024-01,9312.0,19763.0
4111567000,수원시 팔달구 고등동,2024-02,9230.0,19593.0
4111567000,수원시 팔달구 고등동,2024-03,9209.0,19538.0
4111567000,수원시 팔달구 고등동,2024-04,9164.0,19439.0
4111567000,수원시 팔달구 고등동,2024-05,9117.0,19386.0
4111567000,수원시 팔달구 고등동,2024-06,9108.0,19396.0
4111567000,수원시 팔달구 고등동,2024-07,9099.0,19382.0
4111567000,수원시 팔달구 고등동,2024-08,9084.0,19339.0
4111567000,수원시 팔달구 고등동,2024-09,9055.0,19282.0
4111567000,수원시 팔달구 고등동,2024-10,9011.0,19218.0
4111567000,수원시 팔달구 고등동,2024-11,9005.0,19194.0
4111567000,수원시 팔달구 고등동,2024-12,9012.0,19168.0
4111567000,수원시 팔달구 고등동,2025-01,9024.0,19193.0
4111567000,수원시 팔달구 고등동,2025-02,9028.0,19186.0
4111567000,수원시 팔달구 고등동,2025-03,9013.0,19136.0
4111567000,수원시 팔달구 고등동,2025-04,9012.0,19105.0
4111567000,수원시 팔달구 고등동,2025-05,9007.0,19095.0
4111567000,수원시 팔달구 고등동,2025-06,9037.0,19151.0
4111567000,수원시 팔달구 고등동,2025-07,9054.0,19178.0
4111567000,수원시 팔달구 고등동,2025-08,9052.0,19170.0
4111567000,수원시 팔달구 고등동,2025-09,9056.0,19199.0
4111567000,수원시 팔달구 고등동,2025-10,9042.0,19193.0
4111567000,수원시 팔달구 고등동,2025-11,9043.0,19190.0
4111567000,수원시 팔달구 고등동,2025-12,9022.0,19175.0
4111567000,수원시 팔달구 고등동,2026-01,9025.0,19179.0
4111567000,수원시 팔달구 고등동,2026-02,9013.0,19143.0
4111567000,수원시 팔달구 고등동,2026-03,9014.0,19136.0
4111567000,수원시 팔달구 고등동,2026-04,9010.0,19134.0
4111567000,수원시 팔달구 고등동,2026-05,9017.0,19138.0
4111567000,수원시 팔달구 고등동,2026-06,9008.0,19110.0
4111567000,수원시 팔달구 고등동,2026-07,9015.0,19126.0
4111567000,수원시 팔달구 고등동,2026-08,8998.0,19071.0
4111568000,수원시 팔달구 화서1동,2022-01,10015.0,22468.0
4111568000,수원시 팔달구 화서1동,2022-02,10012.0,22435.0
4111568000,수원시 팔달구 화서1동,2022-03,10011.0,22408.0
4111568000,수원시 팔달구 화서1동,2022-04,10026.0,22373.0
4111568000,수원시 팔달구 화서1동,2022-05,10037.0,22331.0
4111568000,수원시 팔달구 화서1동,2022-06,10024.0,22273.0
4111568000,수원시 팔달구 화서1동,2022-07,10002.0,22238.0
4111568000,수원시 팔달구 화서1동,2022-08,9996.0,22143.0
4111568000,수원시 팔달구 화서1동,2022-09,9969.0,22076.0
4111568000,수원시 팔달구 화서1동,2022-10,9932.0,21969.0
4111568000,수원시 팔달구 화서1동,2022-11,9930.0,21936.0
4111568000,수원시 팔달구 화서1동,2022-12,9890.0,21873.0
4111568000,수원시 팔달구 화서1동,2023-01,9879.0,21819.0
4111568000,수원시 팔달구 화서1동,2023-02,9869.0,21759.0
4111568000,수원시 팔달구 화서1동,2023-03,9853.0,21715.0
4111568000,수원시 팔달구 화서1동,2023-04,9830.0,21657.0
4111568000,수원시 팔달구 화서1동,2023-05,9826.0,21615.0
4111568000,수원시 팔달구 화서1동,2023-06,9816.0,21545.0
4111568000,수원시 팔달구 화서1동,2023-07,9794.0,21460.0
4111568000,수원시 팔달구 화서1동,2023-08,9754.0,21374.0
4111568000,수원시 팔달구 화서1동,2023-09,9760.0,21360.0
4111568000,수원시 팔달구 화서1동,2023-10,9745.0,21299.0
4111568000,수원시 팔달구 화서1동,2023-11,9713.0,21239.0
4111568000,수원시 팔달구 화서1동,2023-12,9722.0,21214.0
4111568000,수원시 팔달구 화서1동,2024-01,9725.0,21207.0
4111568000,수원시 팔달구 화서1동,2024-02,9742.0,21241.0
4111568000,수원시 팔달구 화서1동,2024-03,9784.0,21278.0
4111568000,수원시 팔달구 화서1동,2024-04,9776.0,21236.0
4111568000,수원시 팔달구 화서1동,2024-05,9777.0,21185.0
4111568000,수원시 팔달구 화서1동,2024-06,9775.0,21159.0
4111568000,수원시 팔달구 화서1동,2024-07,9756.0,21087.0
4111568000,수원시 팔달구 화서1동,2024-08,9758.0,21057.0
4111568000,수원시 팔달구 화서1동,2024-09,9761.0,21039.0
4111568000,수원시 팔달구 화서1동,2024-10,9764.0,21022.0
4111568000,수원시 팔달구 화서1동,2024-11,9754.0,21000.0
4111568000,수원시 팔달구 화서1동,2024-12,9752.0,21000.0
4111568000,수원시 팔달구 화서1동,2025-01,9757.0,20979.0
4111568000,수원시 팔달구 화서1동,2025-02,9755.0,20923.0
4111568000,수원시 팔달구 화서1동,2025-03,9738.0,20855.0
4111568000,수원시 팔달구 화서1동,2025-04,9733.0,20831.0
4111568000,수원시 팔달구 화서1동,2025-05,9719.0,20777.0
4111568000,수원시 팔달구 화서1동,2025-06,9728.0,20784.0
4111568000,수원시 팔달구 화서1동,2025-07,9676.0,20692.0
4111568000,수원시 팔달구 화서1동,2025-08,9669.0,20661.0
4111568000,수원시 팔달구 화서1동,2025-09,9666.0,20639.0
4111568000,수원시 팔달구 화서1동,2025-10,9657.0,20599.0
4111568000,수원시 팔달구 화서1동,2025-11,9639.0,20549.0
4111568000,수원시 팔달구 화서1동,2025-12,9646.0,20538.0
4111568000,수원시 팔달구 화서1동,2026-01,9643.0,20505.0
4111568000,수원시 팔달구 화서1동,2026-02,9642.0,20439.0
4111568000,수원시 팔달구 화서1동,2026-03,9644.0,20407.0
4111568000,수원시 팔달구 화서1동,2026-04,9643.0,20384.0
4111568000,수원시 팔달구 화서1동,2026-05,9658.0,20372.0
4111568000,수원시 팔달구 화서1동,2026-06,9669.0,20359.0
4111568000,수원시 팔달구 화서1동,2026-07,9659.0,20320.0
4111568000,수원시 팔달구 화서1동,2026-08,9652.0,20308.0
4111569000,수원시 팔달구 화서2동,2022-01,9626.0,25672.0
4111569000,수원시 팔달구 화서2동,2022-02,9602.0,25558.0
4111569000,수원시 팔달구 화서2동,2022-03,9614.0,25550.0
4111569000,수원시 팔달구 화서2동,2022-04,9611.0,25539.0
4111569000,수원시 팔달구 화서2동,2022-05,9603.0,25512.0
4111569000,수원시 팔달구 화서2동,2022-06,9596.0,25445.0
4111569000,수원시 팔달구 화서2동,2022-07,9587.0,25421.0
4111569000,수원시 팔달구 화서2동,2022-08,9571.0,25333.0
4111569000,수원시 팔달구 화서2동,2022-09,9541.0,25205.0
4111569000,수원시 팔달구 화서2동,2022-10,9521.0,25126.0
4111569000,수원시 팔달구 화서2동,2022-11,9508.0,25079.0
4111569000,수원시 팔달구 화서2동,2022-12,9507.0,25033.0
4111569000,수원시 팔달구 화서2동,2023-01,9488.0,24956.0
4111569000,수원시 팔달구 화서2동,2023-02,9478.0,24870.0
4111569000,수원시 팔달구 화서2동,2023-03,9471.0,24855.0
4111569000,수원시 팔달구 화서2동,2023-04,9459.0,24803.0
4111569000,수원시 팔달구 화서2동,2023-05,9453.0,24767.0
4111569000,수원시 팔달구 화서2동,2023-06,9424.0,24724.0
4111569000,수원시 팔달구 화서2동,2023-07,9417.0,24682.0
4111569000,수원시 팔달구 화서2동,2023-08,9408.0,24621.0
4111569000,수원시 팔달구 화서2동,2023-09,9395.0,24588.0
4111569000,수원시 팔달구 화서2동,2023-10,9375.0,24450.0
4111569000,수원시 팔달구 화서2동,2023-11,9366.0,24376.0
4111569000,수원시 팔달구 화서2동,2023-12,9376.0,24342.0
4111569000,수원시 팔달구 화서2동,2024-01,9394.0,24335.0
4111569000,수원시 팔달구 화서2동,2024-02,9412.0,24278.0
4111569000,수원시 팔달구 화서2동,2024-03,9440.0,24298.0
4111569000,수원시 팔달구 화서2동,2024-04,9443.0,24261.0
4111569000,수원시 팔달구 화서2동,2024-05,9463.0,24260.0
4111569000,수원시 팔달구 화서2동,2024-06,9479.0,24264.0
4111569000,수원시 팔달구 화서2동,2024-07,9491.0,24288.0
4111569000,수원시 팔달구 화서2동,2024-08,9523.0,24284.0
4111569000,수원시 팔달구 화서2동,2024-09,9515.0,24282.0
4111569000,수원시 팔달구 화서2동,2024-10,9532.0,24265.0
4111569000,수원시 팔달구 화서2동,2024-11,9546.0,24252.0
4111569000,수원시 팔달구 화서2동,2024-12,9536.0,24217.0
4111569000,수원시 팔달구 화서2동,2025-01,9533.0,24202.0
4111569000,수원시 팔달구 화서2동,2025-02,9528.0,24127.0
4111569000,수원시 팔달구 화서2동,2025-03,9525.0,24117.0
4111569000,수원시 팔달구 화서2동,2025-04,9512.0,24062.0
4111569000,수원시 팔달구 화서2동,2025-05,9515.0,24067.0
4111569000,수원시 팔달구 화서2동,2025-06,9518.0,24040.0
4111569000,수원시 팔달구 화서2동,2025-07,9513.0,24012.0
4111569000,수원시 팔달구 화서2동,2025-08,9510.0,23944.0
4111569000,수원시 팔달구 화서2동,2025-09,9524.0,23961.0
4111569000,수원시 팔달구 화서2동,2025-10,9523.0,23967.0
4111569000,수원시 팔달구 화서2동,2025-11,9507.0,23921.0
4111569000,수원시 팔달구 화서2동,2025-12,9500.0,23874.0
4111569000,수원시 팔달구 화서2동,2026-01,9491.0,23811.0
4111569000,수원시 팔달구 화서2동,2026-02,9505.0,23788.0
4111569000,수원시 팔달구 화서2동,2026-03,9502.0,23737.0
4111569000,수원시 팔달구 화서2동,2026-04,9518.0,23737.0
4111569000,수원시 팔달구 화서2동,2026-05,9523.0,23724.0
4111569000,수원시 팔달구 화서2동,2026-06,9517.0,23685.0
4111569000,수원시 팔달구 화서2동,2026-07,9525.0,23669.0
4111569000,수원시 팔달구 화서2동,2026-08,9521.0,23616.0
4111570000,수원시 팔달구 지동,2022-01,5611.0,10601.0
4111570000,수원시 팔달구 지동,2022-02,5602.0,10574.0
4111570000,수원시 팔달구 지동,2022-03,5576.0,10498.0
4111570000,수원시 팔달구 지동,2022-04,5559.0,10467.0
4111570000,수원시 팔달구 지동,2022-05,5533.0,10406.0
4111570000,수원시 팔달구 지동,2022-06,5532.0,10371.0
4111570000,수원시 팔달구 지동,2022-07,5526.0,10356.0
4111570000,수원시 팔달구 지동,2022-08,5467.0,10237.0
4111570000,수원시 팔달구 지동,2022-09,5454.0,10198.0
4111570000,수원시 팔달구 지동,2022-10,5447.0,10172.0
4111570000,수원시 팔달구 지동,2022-11,5412.0,10114.0
4111570000,수원시 팔달구 지동,2022-12,5410.0,10092.0
4111570000,수원시 팔달구 지동,2023-01,5411.0,10076.0
4111570000,수원시 팔달구 지동,2023-02,5423.0,10057.0
4111570000,수원시 팔달구 지동,2023-03,5429.0,10045.0
4111570000,수원시 팔달구 지동,2023-04,5424.0,10023.0
4111570000,수원시 팔달구 지동,2023-05,5418.0,10009.0
4111570000,수원시 팔달구 지동,2023-06,5413.0,9992.0
4111570000,수원시 팔달구 지동,2023-07,5412.0,9964.0
4111570000,수원시 팔달구 지동,2023-08,5376.0,9881.0
4111570000,수원시 팔달구 지동,2023-09,5359.0,9854.0
4111570000,수원시 팔달구 지동,2023-10,5360.0,9839.0
4111570000,수원시 팔달구 지동,2023-11,5368.0,9834.0
4111570000,수원시 팔달구 지동,2023-12,5374.0,9841.0
4111570000,수원시 팔달구 지동,2024-01,5363.0,9803.0
4111570000,수원시 팔달구 지동,2024-02,5354.0,9753.0
4111570000,수원시 팔달구 지동,2024-03,5364.0,9751.0
4111570000,수원시 팔달구 지동,2024-04,5356.0,9709.0
4111570000,수원시 팔달구 지동,2024-05,5341.0,9666.0
4111570000,수원시 팔달구 지동,2024-06,5314.0,9631.0
4111570000,수원시 팔달구 지동,2024-07,5304.0,9593.0
4111570000,수원시 팔달구 지동,2024-08,5283.0,9561.0
4111570000,수원시 팔달구 지동,2024-09,5271.0,9546.0
4111570000,수원시 팔달구 지동,2024-10,5251.0,9509.0
4111570000,수원시 팔달구 지동,2024-11,5249.0,9495.0
4111570000,수원시 팔달구 지동,2024-12,5230.0,9476.0
4111570000,수원시 팔달구 지동,2025-01,5242.0,9490.0
4111570000,수원시 팔달구 지동,2025-02,5238.0,9453.0
4111570000,수원시 팔달구 지동,2025-03,5240.0,9456.0
4111570000,수원시 팔달구 지동,2025-04,5227.0,9425.0
4111570000,수원시 팔달구 지동,2025-05,5224.0,9393.0
4111570000,수원시 팔달구 지동,2025-06,5235.0,9382.0
4111570000,수원시 팔달구 지동,2025-07,5227.0,9354.0
4111570000,수원시 팔달구 지동,2025-08,5213.0,9328.0
4111570000,수원시 팔달구 지동,2025-09,5217.0,9342.0
4111570000,수원시 팔달구 지동,2025-10,5209.0,9313.0
4111570000,수원시 팔달구 지동,2025-11,5207.0,9301.0
4111570000,수원시 팔달구 지동,2025-12,5209.0,9295.0
4111570000,수원시 팔달구 지동,2026-01,5338.0,9579.0
4111570000,수원시 팔달구 지동,2026-02,5603.0,10185.0
4111570000,수원시 팔달구 지동,2026-03,5860.0,10753.0
4111570000,수원시 팔달구 지동,2026-04,5979.0,11005.0
4111570000,수원시 팔달구 지동,2026-05,6069.0,11179.0
4111570000,수원시 팔달구 지동,2026-06,6131.0,11298.0
4111570000,수원시 팔달구 지동,2026-07,6152.0,11351.0
4111570000,수원시 팔달구 지동,2026-08,6174.0,11411.0
4111571000,수원시 팔달구 우만1동,2022-01,10866.0,20042.0
4111571000,수원시 팔달구 우만1동,2022-02,10871.0,19987.0
4111571000,수원시 팔달구 우만1동,2022-03,10863.0,19925.0
4111571000,수원시 팔달구 우만1동,2022-04,10848.0,19886.0
4111571000,수원시 팔달구 우만1동,2022-05,10863.0,19870.0
4111571000,수원시 팔달구 우만1동,2022-06,10828.0,19767.0
4111571000,수원시 팔달구 우만1동,2022-07,10849.0,19807.0
4111571000,수원시 팔달구 우만1동,2022-08,10842.0,19759.0
4111571000,수원시 팔달구 우만1동,2022-09,10789.0,19635.0
4111571000,수원시 팔달구 우만1동,2022-10,10787.0,19566.0
4111571000,수원시 팔달구 우만1동,2022-11,10784.0,19551.0
4111571000,수원시 팔달구 우만1동,2022-12,10773.0,19522.0
4111571000,수원시 팔달구 우만1동,2023-01,10768.0,19479.0
4111571000,수원시 팔달구 우만1동,2023-02,10794.0,19502.0
4111571000,수원시 팔달구 우만1동,2023-03,10768.0,19440.0
4111571000,수원시 팔달구 우만1동,2023-04,10790.0,19423.0
4111571000,수원시 팔달구 우만1동,2023-05,10772.0,19351.0
4111571000,수원시 팔달구 우만1동,2023-06,10747.0,19246.0
4111571000,수원시 팔달구 우만1동,2023-07,10711.0,19083.0
4111571000,수원시 팔달구 우만1동,2023-08,10676.0,18954.0
4111571000,수원시 팔달구 우만1동,2023-09,10645.0,18870.0
4111571000,수원시 팔달구 우만1동,2023-10,10626.0,18814.0
4111571000,수원시 팔달구 우만1동,2023-11,10627.0,18774.0
4111571000,수원시 팔달구 우만1동,2023-12,10633.0,18738.0
4111571000,수원시 팔달구 우만1동,2024-01,10647.0,18727.0
4111571000,수원시 팔달구 우만1동,2024-02,10682.0,18742.0
4111571000,수원시 팔달구 우만1동,2024-03,10692.0,18718.0
4111571000,수원시 팔달구 우만1동,2024-04,10667.0,18618.0
4111571000,수원시 팔달구 우만1동,2024-05,10647.0,18563.0
4111571000,수원시 팔달구 우만1동,2024-06,10639.0,18505.0
4111571000,수원시 팔달구 우만1동,2024-07,10645.0,18450.0
4111571000,수원시 팔달구 우만1동,2024-08,10623.0,18389.0
4111571000,수원시 팔달구 우만1동,2024-09,10629.0,18364.0
4111571000,수원시 팔달구 우만1동,2024-10,10595.0,18296.0
4111571000,수원시 팔달구 우만1동,2024-11,10569.0,18229.0
4111571000,수원시 팔달구 우만1동,2024-12,10562.0,18200.0
4111571000,수원시 팔달구 우만1동,2025-01,10555.0,18148.0
4111571000,수원시 팔달구 우만1동,2025-02,10573.0,18140.0
4111571000,수원시 팔달구 우만1동,2025-03,10569.0,18118.0
4111571000,수원시 팔달구 우만1동,2025-04,10585.0,18106.0
4111571000,수원시 팔달구 우만1동,2025-05,10581.0,18093.0
4111571000,수원시 팔달구 우만1동,2025-06,10575.0,18065.0
4111571000,수원시 팔달구 우만1동,2025-07,10568.0,18038.0
4111571000,수원시 팔달구 우만1동,2025-08,10541.0,17984.0
4111571000,수원시 팔달구 우만1동,2025-09,10523.0,17940.0
4111571000,수원시 팔달구 우만1동,2025-10,10488.0,17909.0
4111571000,수원시 팔달구 우만1동,2025-11,10504.0,17946.0
4111571000,수원시 팔달구 우만1동,2025-12,10491.0,17908.0
4111571000,수원시 팔달구 우만1동,2026-01,10489.0,17877.0
4111571000,수원시 팔달구 우만1동,2026-02,10501.0,17861.0
4111571000,수원시 팔달구 우만1동,2026-03,10478.0,17798.0
4111571000,수원시 팔달구 우만1동,2026-04,10481.0,17770.0
4111571000,수원시 팔달구 우만1동,2026-05,10506.0,17791.0
4111571000,수원시 팔달구 우만1동,2026-06,10515.0,17791.0
4111571000,수원시 팔달구 우만1동,2026-07,10496.0,17744.0
4111571000,수원시 팔달구 우만1동,2026-08,10519.0,17754.0
4111572000,수원시 팔달구 우만2동,2022-01,7598.0,16849.0
4111572000,수원시 팔달구 우만2동,2022-02,7637.0,16854.0
4111572000,수원시 팔달구 우만2동,2022-03,7661.0,16857.0
4111572000,수원시 팔달구 우만2동,2022-04,7673.0,16869.0
4111572000,수원시 팔달구 우만2동,2022-05,7690.0,16875.0
4111572000,수원시 팔달구 우만2동,2022-06,7695.0,16859.0
4111572000,수원시 팔달구 우만2동,2022-07,7777.0,17008.0
4111572000,수원시 팔달구 우만2동,2022-08,7852.0,17094.0
4111572000,수원시 팔달구 우만2동,2022-09,7854.0,17068.0
4111572000,수원시 팔달구 우만2동,2022-10,7839.0,17003.0
4111572000,수원시 팔달구 우만2동,2022-11,7818.0,16994.0
4111572000,수원시 팔달구 우만2동,2022-12,7805.0,16978.0
4111572000,수원시 팔달구 우만2동,2023-01,7830.0,17000.0
4111572000,수원시 팔달구 우만2동,2023-02,7895.0,17060.0
4111572000,수원시 팔달구 우만2동,2023-03,7900.0,17041.0
4111572000,수원시 팔달구 우만2동,2023-04,7917.0,17036.0
4111572000,수원시 팔달구 우만2동,2023-05,7914.0,17031.0
4111572000,수원시 팔달구 우만2동,2023-06,7914.0,17032.0
4111572000,수원시 팔달구 우만2동,2023-07,7898.0,16934.0
4111572000,수원시 팔달구 우만2동,2023-08,7908.0,16852.0
4111572000,수원시 팔달구 우만2동,2023-09,7882.0,16776.0
4111572000,수원시 팔달구 우만2동,2023-10,7860.0,16779.0
4111572000,수원시 팔달구 우만2동,2023-11,7879.0,16810.0
4111572000,수원시 팔달구 우만2동,2023-12,7883.0,16802.0
4111572000,수원시 팔달구 우만2동,2024-01,7891.0,16806.0
4111572000,수원시 팔달구 우만2동,2024-02,7944.0,16836.0
4111572000,수원시 팔달구 우만2동,2024-03,7969.0,16857.0
4111572000,수원시 팔달구 우만2동,2024-04,7965.0,16828.0
4111572000,수원시 팔달구 우만2동,2024-05,7952.0,16795.0
4111572000,수원시 팔달구 우만2동,2024-06,7945.0,16784.0
4111572000,수원시 팔달구 우만2동,2024-07,7925.0,16726.0
4111572000,수원시 팔달구 우만2동,2024-08,7929.0,16722.0
4111572000,수원시 팔달구 우만2동,2024-09,7929.0,16712.0
4111572000,수원시 팔달구 우만2동,2024-10,7900.0,16671.0
4111572000,수원시 팔달구 우만2동,2024-11,7910.0,16668.0
4111572000,수원시 팔달구 우만2동,2024-12,7903.0,16639.0
4111572000,수원시 팔달구 우만2동,2025-01,7886.0,16582.0
4111572000,수원시 팔달구 우만2동,2025-02,7962.0,16679.0
4111572000,수원시 팔달구 우만2동,2025-03,7957.0,16647.0
4111572000,수원시 팔달구 우만2동,2025-04,7954.0,16617.0
4111572000,수원시 팔달구 우만2동,2025-05,7940.0,16581.0
4111572000,수원시 팔달구 우만2동,2025-06,7930.0,16523.0
4111572000,수원시 팔달구 우만2동,2025-07,7914.0,16502.0
4111572000,수원시 팔달구 우만2동,2025-08,7903.0,16460.0
4111572000,수원시 팔달구 우만2동,2025-09,7826.0,16252.0
4111572000,수원시 팔달구 우만2동,2025-10,7723.0,16007.0
4111572000,수원시 팔달구 우만2동,2025-11,7616.0,15738.0
4111572000,수원시 팔달구 우만2동,2025-12,7538.0,15553.0
4111572000,수원시 팔달구 우만2동,2026-01,7500.0,15480.0
4111572000,수원시 팔달구 우만2동,2026-02,7518.0,15475.0
4111572000,수원시 팔달구 우만2동,2026-03,7534.0,15468.0
4111572000,수원시 팔달구 우만2동,2026-04,7540.0,15442.0
4111572000,수원시 팔달구 우만2동,2026-05,7553.0,15433.0
4111572000,수원시 팔달구 우만2동,2026-06,7555.0,15422.0
4111572000,수원시 팔달구 우만2동,2026-07,7558.0,15423.0
4111572000,수원시 팔달구 우만2동,2026-08,7578.0,15430.0
4111573000,수원시 팔달구 인계동,2022-01,22159.0,39740.0
4111573000,수원시 팔달구 인계동,2022-02,22248.0,39785.0
4111573000,수원시 팔달구 인계동,2022-03,22260.0,39786.0
4111573000,수원시 팔달구 인계동,2022-04,22256.0,39763.0
4111573000,수원시 팔달구 인계동,2022-05,22217.0,39668.0
4111573000,수원시 팔달구 인계동,2022-06,22224.0,39622.0
4111573000,수원시 팔달구 인계동,2022-07,22233.0,39599.0
4111573000,수원시 팔달구 인계동,2022-08,22200.0,39427.0
4111573000,수원시 팔달구 인계동,2022-09,22078.0,39180.0
4111573000,수원시 팔달구 인계동,2022-10,22063.0,39116.0
4111573000,수원시 팔달구 인계동,2022-11,22029.0,39116.0
4111573000,수원시 팔달구 인계동,2022-12,22009.0,39067.0
4111573000,수원시 팔달구 인계동,2023-01,22042.0,39135.0
4111573000,수원시 팔달구 인계동,2023-02,22069.0,39119.0
4111573000,수원시 팔달구 인계동,2023-03,22073.0,39149.0
4111573000,수원시 팔달구 인계동,2023-04,22073.0,39152.0
4111573000,수원시 팔달구 인계동,2023-05,22042.0,39044.0
4111573000,수원시 팔달구 인계동,2023-06,21999.0,38960.0
4111573000,수원시 팔달구 인계동,2023-07,22026.0,38956.0
4111573000,수원시 팔달구 인계동,2023-08,23475.0,42590.0
4111573000,수원시 팔달구 인계동,2023-09,24416.0,44689.0
4111573000,수원시 팔달구 인계동,2023-10,24864.0,45597.0
4111573000,수원시 팔달구 인계동,2023-11,24927.0,45739.0
4111573000,수원시 팔달구 인계동,2023-12,24840.0,45608.0
4111573000,수원시 팔달구 인계동,2024-01,24713.0,45460.0
4111573000,수원시 팔달구 인계동,2024-02,24597.0,45214.0
4111573000,수원시 팔달구 인계동,2024-03,24523.0,45035.0
4111573000,수원시 팔달구 인계동,2024-04,24470.0,44963.0
4111573000,수원시 팔달구 인계동,2024-05,24530.0,45010.0
4111573000,수원시 팔달구 인계동,2024-06,24544.0,44999.0
4111573000,수원시 팔달구 인계동,2024-07,24550.0,45061.0
4111573000,수원시 팔달구 인계동,2024-08,24564.0,45092.0
4111573000,수원시 팔달구 인계동,2024-09,24561.0,45060.0
4111573000,수원시 팔달구 인계동,2024-10,24525.0,44996.0
4111573000,수원시 팔달구 인계동,2024-11,24563.0,45036.0
4111573000,수원시 팔달구 인계동,2024-12,24548.0,45031.0
4111573000,수원시 팔달구 인계동,2025-01,24583.0,45058.0
4111573000,수원시 팔달구 인계동,2025-02,24646.0,45070.0
4111573000,수원시 팔달구 인계동,2025-03,24663.0,45027.0
4111573000,수원시 팔달구 인계동,2025-04,24670.0,44985.0
4111573000,수원시 팔달구 인계동,2025-05,24682.0,45001.0
4111573000,수원시 팔달구 인계동,2025-06,24706.0,44973.0
4111573000,수원시 팔달구 인계동,2025-07,24678.0,44915.0
4111573000,수원시 팔달구 인계동,2025-08,24644.0,44810.0
4111573000,수원시 팔달구 인계동,2025-09,24617.0,44700.0
4111573000,수원시 팔달구 인계동,2025-10,24651.0,44710.0
4111573000,수원시 팔달구 인계동,2025-11,24705.0,44819.0
4111573000,수원시 팔달구 인계동,2025-12,24732.0,44861.0
4111573000,수원시 팔달구 인계동,2026-01,24837.0,44973.0
4111573000,수원시 팔달구 인계동,2026-02,24919.0,44955.0
4111573000,수원시 팔달구 인계동,2026-03,25029.0,45073.0
4111573000,수원시 팔달구 인계동,2026-04,25067.0,45174.0
4111573000,수원시 팔달구 인계동,2026-05,25091.0,45171.0
4111573000,수원시 팔달구 인계동,2026-06,25118.0,45225.0
4111573000,수원시 팔달구 인계동,2026-07,25170.0,45266.0
4111573000,수원시 팔달구 인계동,2026-08,25203.0,45256.0
4111574000,수원시 팔달구 행궁동,2022-01,6564.0,10437.0
4111574000,수원시 팔달구 행궁동,2022-02,6568.0,10426.0
4111574000,수원시 팔달구 행궁동,2022-03,6550.0,10385.0
4111574000,수원시 팔달구 행궁동,2022-04,6531.0,10350.0
4111574000,수원시 팔달구 행궁동,2022-05,6514.0,10314.0
4111574000,수원시 팔달구 행궁동,2022-06,6471.0,10263.0
4111574000,수원시 팔달구 행궁동,2022-07,6453.0,10230.0
4111574000,수원시 팔달구 행궁동,2022-08,6440.0,10182.0
4111574000,수원시 팔달구 행궁동,2022-09,6360.0,10050.0
4111574000,수원시 팔달구 행궁동,2022-10,6344.0,10060.0
4111574000,수원시 팔달구 행궁동,2022-11,6285.0,9959.0
4111574000,수원시 팔달구 행궁동,2022-12,6261.0,9908.0
4111574000,수원시 팔달구 행궁동,2023-01,6252.0,9883.0
4111574000,수원시 팔달구 행궁동,2023-02,6256.0,9879.0
4111574000,수원시 팔달구 행궁동,2023-03,6268.0,9880.0
4111574000,수원시 팔달구 행궁동,2023-04,6272.0,9866.0
4111574000,수원시 팔달구 행궁동,2023-05,6236.0,9819.0
4111574000,수원시 팔달구 행궁동,2023-06,6229.0,9797.0
4111574000,수원시 팔달구 행궁동,2023-07,6195.0,9735.0
4111574000,수원시 팔달구 행궁동,2023-08,6170.0,9675.0
4111574000,수원시 팔달구 행궁동,2023-09,6164.0,9623.0
4111574000,수원시 팔달구 행궁동,2023-10,6114.0,9543.0
4111574000,수원시 팔달구 행궁동,2023-11,6084.0,9482.0
4111574000,수원시 팔달구 행궁동,2023-12,6058.0,9433.0
4111574000,수원시 팔달구 행궁동,2024-01,6053.0,9426.0
4111574000,수원시 팔달구 행궁동,2024-02,6049.0,9420.0
4111574000,수원시 팔달구 행궁동,2024-03,6039.0,9383.0
4111574000,수원시 팔달구 행궁동,2024-04,5976.0,9309.0
4111574000,수원시 팔달구 행궁동,2024-05,5990.0,9300.0
4111574000,수원시 팔달구 행궁동,2024-06,5984.0,9281.0
4111574000,수원시 팔달구 행궁동,2024-07,5953.0,9249.0
4111574000,수원시 팔달구 행궁동,2024-08,5968.0,9253.0
4111574000,수원시 팔달구 행궁동,2024-09,5947.0,9219.0
4111574000,수원시 팔달구 행궁동,2024-10,5954.0,9226.0
4111574000,수원시 팔달구 행궁동,2024-11,5934.0,9207.0
4111574000,수원시 팔달구 행궁동,2024-12,5936.0,9193.0
4111574000,수원시 팔달구 행궁동,2025-01,5914.0,9176.0
4111574000,수원시 팔달구 행궁동,2025-02,5882.0,9144.0
4111574000,수원시 팔달구 행궁동,2025-03,5902.0,9144.0
4111574000,수원시 팔달구 행궁동,2025-04,5880.0,9099.0
4111574000,수원시 팔달구 행궁동,2025-05,5845.0,9051.0
4111574000,수원시 팔달구 행궁동,2025-06,5869.0,9079.0
4111574000,수원시 팔달구 행궁동,2025-07,5880.0,9089.0
4111574000,수원시 팔달구 행궁동,2025-08,5878.0,9067.0
4111574000,수원시 팔달구 행궁동,2025-09,5852.0,9026.0
4111574000,수원시 팔달구 행궁동,2025-10,5873.0,9048.0
4111574000,수원시 팔달구 행궁동,2025-11,5877.0,9058.0
4111574000,수원시 팔달구 행궁동,2025-12,5859.0,9001.0
4111574000,수원시 팔달구 행궁동,2026-01,5819.0,8946.0
4111574000,수원시 팔달구 행궁동,2026-02,5836.0,8930.0
4111574000,수원시 팔달구 행궁동,2026-03,5856.0,8932.0
4111574000,수원시 팔달구 행궁동,2026-04,5850.0,8922.0
4111574000,수원시 팔달구 행궁동,2026-05,5868.0,8935.0
4111574000,수원시 팔달구 행궁동,2026-06,5863.0,8927.0
4111574000,수원시 팔달구 행궁동,2026-07,5846.0,8898.0
4111574000,수원시 팔달구 행궁동,2026-08,5865.0,8893.0
4111700000,수원시 영통구,2022-01,150721.0,361971.0
4111700000,수원시 영통구,2022-02,150863.0,361184.0
4111700000,수원시 영통구,2022-03,151189.0,361145.0
4111700000,수원시 영통구,2022-04,151680.0,361402.0
4111700000,수원시 영통구,2022-05,152123.0,361581.0
4111700000,수원시 영통구,2022-06,152382.0,361510.0
4111700000,수원시 영통구,2022-07,152613.0,361578.0
4111700000,수원시 영통구,2022-08,152716.0,360713.0
4111700000,수원시 영통구,2022-09,152779.0,360356.0
4111700000,수원시 영통구,2022-10,152819.0,360473.0
4111700000,수원시 영통구,2022-11,152522.0,360127.0
4111700000,수원시 영통구,2022-12,152636.0,360384.0
4111700000,수원시 영통구,2023-01,152940.0,360993.0
4111700000,수원시 영통구,2023-02,153567.0,361960.0
4111700000,수원시 영통구,2023-03,153705.0,361841.0
4111700000,수원시 영통구,2023-04,153814.0,361916.0
4111700000,수원시 영통구,2023-05,153781.0,361711.0
4111700000,수원시 영통구,2023-06,153658.0,361352.0
4111700000,수원시 영통구,2023-07,154126.0,362503.0
4111700000,수원시 영통구,2023-08,154381.0,362852.0
4111700000,수원시 영통구,2023-09,154555.0,362960.0
4111700000,수원시 영통구,2023-10,154657.0,362979.0
4111700000,수원시 영통구,2023-11,154761.0,363007.0
4111700000,수원시 영통구,2023-12,154877.0,363028.0
4111700000,수원시 영통구,2024-01,155048.0,363034.0
4111700000,수원시 영통구,2024-02,155330.0,363063.0
4111700000,수원시 영통구,2024-03,155618.0,363122.0
4111700000,수원시 영통구,2024-04,155419.0,362519.0
4111700000,수원시 영통구,2024-05,155417.0,362095.0
4111700000,수원시 영통구,2024-06,155412.0,361875.0
4111700000,수원시 영통구,2024-07,155377.0,361581.0
4111700000,수원시 영통구,2024-08,155385.0,361505.0
4111700000,수원시 영통구,2024-09,155398.0,361279.0
4111700000,수원시 영통구,2024-10,155450.0,361334.0
4111700000,수원시 영통구,2024-11,155474.0,361401.0
4111700000,수원시 영통구,2024-12,155473.0,361305.0
4111700000,수원시 영통구,2025-01,155353.0,361060.0
4111700000,수원시 영통구,2025-02,155435.0,360686.0
4111700000,수원시 영통구,2025-03,155573.0,360696.0
4111700000,수원시 영통구,2025-04,156145.0,361921.0
4111700000,수원시 영통구,2025-05,156539.0,363080.0
4111700000,수원시 영통구,2025-06,156664.0,363387.0
4111700000,수원시 영통구,2025-07,156575.0,363202.0
4111700000,수원시 영통구,2025-08,156553.0,363042.0
4111700000,수원시 영통구,2025-09,156439.0,362903.0
4111700000,수원시 영통구,2025-10,156410.0,362819.0
4111700000,수원시 영통구,2025-11,156281.0,362615.0
4111700000,수원시 영통구,2025-12,156209.0,362493.0
4111700000,수원시 영통구,2026-01,156243.0,362278.0
4111700000,수원시 영통구,2026-02,156416.0,362132.0
4111700000,수원시 영통구,2026-03,156646.0,362105.0
4111700000,수원시 영통구,2026-04,156821.0,362149.0
4111700000,수원시 영통구,2026-05,156972.0,362168.0
4111700000,수원시 영통구,2026-06,156977.0,362099.0
4111700000,수원시 영통구,2026-07,157078.0,362098.0
4111700000,수원시 영통구,2026-08,157112.0,361883.0
4111751000,수원시 영통구 매탄1동,2022-01,7651.0,17499.0
4111751000,수원시 영통구 매탄1동,2022-02,7641.0,17457.0
4111751000,수원시 영통구 매탄1동,2022-03,7647.0,17400.0
4111751000,수원시 영통구 매탄1동,2022-04,7650.0,17365.0
4111751000,수원시 영통구 매탄1동,2022-05,7631.0,17294.0
4111751000,수원시 영통구 매탄1동,2022-06,7607.0,17224.0
4111751000,수원시 영통구 매탄1동,2022-07,7591.0,17175.0
4111751000,수원시 영통구 매탄1동,2022-08,7505.0,16877.0
4111751000,수원시 영통구 매탄1동,2022-09,7322.0,16435.0
4111751000,수원시 영통구 매탄1동,2022-10,6962.0,15569.0
4111751000,수원시 영통구 매탄1동,2022-11,6391.0,14244.0
4111751000,수원시 영통구 매탄1동,2022-12,6049.0,13482.0
4111751000,수원시 영통구 매탄1동,2023-01,5759.0,12795.0
4111751000,수원시 영통구 매탄1동,2023-02,5546.0,12331.0
4111751000,수원시 영통구 매탄1동,2023-03,5413.0,12112.0
4111751000,수원시 영통구 매탄1동,2023-04,5400.0,12090.0
4111751000,수원시 영통구 매탄1동,2023-05,5360.0,12031.0
4111751000,수원시 영통구 매탄1동,2023-06,5335.0,11987.0
4111751000,수원시 영통구 매탄1동,2023-07,5327.0,11946.0
4111751000,수원시 영통구 매탄1동,2023-08,5293.0,11873.0
4111751000,수원시 영통구 매탄1동,2023-09,5265.0,11809.0
4111751000,수원시 영통구 매탄1동,2023-10,5233.0,11746.0
4111751000,수원시 영통구 매탄1동,2023-11,5225.0,11738.0
4111751000,수원시 영통구 매탄1동,2023-12,5211.0,11704.0
4111751000,수원시 영통구 매탄1동,2024-01,5207.0,11683.0
4111751000,수원시 영통구 매탄1동,2024-02,5223.0,11685.0
4111751000,수원시 영통구 매탄1동,2024-03,5241.0,11693.0
4111751000,수원시 영통구 매탄1동,2024-04,5218.0,11639.0
4111751000,수원시 영통구 매탄1동,2024-05,5223.0,11613.0
4111751000,수원시 영통구 매탄1동,2024-06,5197.0,11580.0
4111751000,수원시 영통구 매탄1동,2024-07,5182.0,11545.0
4111751000,수원시 영통구 매탄1동,2024-08,5192.0,11564.0
4111751000,수원시 영통구 매탄1동,2024-09,5165.0,11524.0
4111751000,수원시 영통구 매탄1동,2024-10,5160.0,11494.0
4111751000,수원시 영통구 매탄1동,2024-11,5152.0,11483.0
4111751000,수원시 영통구 매탄1동,2024-12,5142.0,11443.0
4111751000,수원시 영통구 매탄1동,2025-01,5111.0,11392.0
4111751000,수원시 영통구 매탄1동,2025-02,5117.0,11356.0
4111751000,수원시 영통구 매탄1동,2025-03,5106.0,11328.0
4111751000,수원시 영통구 매탄1동,2025-04,5103.0,11295.0
4111751000,수원시 영통구 매탄1동,2025-05,5079.0,11257.0
4111751000,수원시 영통구 매탄1동,2025-06,5057.0,11205.0
4111751000,수원시 영통구 매탄1동,2025-07,5003.0,11120.0
4111751000,수원시 영통구 매탄1동,2025-08,4938.0,10994.0
4111751000,수원시 영통구 매탄1동,2025-09,4804.0,10766.0
4111751000,수원시 영통구 매탄1동,2025-10,4685.0,10542.0
4111751000,수원시 영통구 매탄1동,2025-11,4543.0,10271.0
4111751000,수원시 영통구 매탄1동,2025-12,4496.0,10180.0
4111751000,수원시 영통구 매탄1동,2026-01,4461.0,10110.0
4111751000,수원시 영통구 매탄1동,2026-02,4454.0,10084.0
4111751000,수원시 영통구 매탄1동,2026-03,4465.0,10084.0
4111751000,수원시 영통구 매탄1동,2026-04,4459.0,10051.0
4111751000,수원시 영통구 매탄1동,2026-05,4456.0,10058.0
4111751000,수원시 영통구 매탄1동,2026-06,4450.0,10051.0
4111751000,수원시 영통구 매탄1동,2026-07,4450.0,10050.0
4111751000,수원시 영통구 매탄1동,2026-08,4440.0,10041.0
4111752000,수원시 영통구 매탄2동,2022-01,6522.0,14722.0
4111752000,수원시 영통구 매탄2동,2022-02,6509.0,14646.0
4111752000,수원시 영통구 매탄2동,2022-03,6539.0,14647.0
4111752000,수원시 영통구 매탄2동,2022-04,6533.0,14603.0
4111752000,수원시 영통구 매탄2동,2022-05,6528.0,14572.0
4111752000,수원시 영통구 매탄2동,2022-06,6533.0,14548.0
4111752000,수원시 영통구 매탄2동,2022-07,6517.0,14488.0
4111752000,수원시 영통구 매탄2동,2022-08,6508.0,14392.0
4111752000,수원시 영통구 매탄2동,2022-09,6497.0,14337.0
4111752000,수원시 영통구 매탄2동,2022-10,6502.0,14343.0
4111752000,수원시 영통구 매탄2동,2022-11,6507.0,14354.0
4111752000,수원시 영통구 매탄2동,2022-12,6499.0,14354.0
4111752000,수원시 영통구 매탄2동,2023-01,6520.0,14372.0
4111752000,수원시 영통구 매탄2동,2023-02,6503.0,14277.0
4111752000,수원시 영통구 매탄2동,2023-03,6507.0,14249.0
4111752000,수원시 영통구 매탄2동,2023-04,6484.0,14182.0
4111752000,수원시 영통구 매탄2동,2023-05,6463.0,14137.0
4111752000,수원시 영통구 매탄2동,2023-06,6474.0,14117.0
4111752000,수원시 영통구 매탄2동,2023-07,6454.0,14068.0
4111752000,수원시 영통구 매탄2동,2023-08,6426.0,13978.0
4111752000,수원시 영통구 매탄2동,2023-09,6412.0,13938.0
4111752000,수원시 영통구 매탄2동,2023-10,6415.0,13934.0
4111752000,수원시 영통구 매탄2동,2023-11,6415.0,13920.0
4111752000,수원시 영통구 매탄2동,2023-12,6421.0,13930.0
4111752000,수원시 영통구 매탄2동,2024-01,6423.0,13897.0
4111752000,수원시 영통구 매탄2동,2024-02,6410.0,13878.0
4111752000,수원시 영통구 매탄2동,2024-03,6424.0,13833.0
4111752000,수원시 영통구 매탄2동,2024-04,6421.0,13789.0
4111752000,수원시 영통구 매탄2동,2024-05,6418.0,13758.0
4111752000,수원시 영통구 매탄2동,2024-06,6412.0,13727.0
4111752000,수원시 영통구 매탄2동,2024-07,6416.0,13710.0
4111752000,수원시 영통구 매탄2동,2024-08,6409.0,13677.0
4111752000,수원시 영통구 매탄2동,2024-09,6416.0,13711.0
4111752000,수원시 영통구 매탄2동,2024-10,6397.0,13671.0
4111752000,수원시 영통구 매탄2동,2024-11,6389.0,13633.0
4111752000,수원시 영통구 매탄2동,2024-12,6380.0,13629.0
4111752000,수원시 영통구 매탄2동,2025-01,6372.0,13594.0
4111752000,수원시 영통구 매탄2동,2025-02,6363.0,13559.0
4111752000,수원시 영통구 매탄2동,2025-03,6356.0,13505.0
4111752000,수원시 영통구 매탄2동,2025-04,6348.0,13472.0
4111752000,수원시 영통구 매탄2동,2025-05,6350.0,13469.0
4111752000,수원시 영통구 매탄2동,2025-06,6350.0,13446.0
4111752000,수원시 영통구 매탄2동,2025-07,6332.0,13417.0
4111752000,수원시 영통구 매탄2동,2025-08,6328.0,13395.0
4111752000,수원시 영통구 매탄2동,2025-09,6308.0,13355.0
4111752000,수원시 영통구 매탄2동,2025-10,6306.0,13361.0
4111752000,수원시 영통구 매탄2동,2025-11,6316.0,13395.0
4111752000,수원시 영통구 매탄2동,2025-12,6294.0,13349.0
4111752000,수원시 영통구 매탄2동,2026-01,6294.0,13324.0
4111752000,수원시 영통구 매탄2동,2026-02,6308.0,13359.0
4111752000,수원시 영통구 매탄2동,2026-03,6295.0,13300.0
4111752000,수원시 영통구 매탄2동,2026-04,6279.0,13260.0
4111752000,수원시 영통구 매탄2동,2026-05,6283.0,13260.0
4111752000,수원시 영통구 매탄2동,2026-06,6291.0,13283.0
4111752000,수원시 영통구 매탄2동,2026-07,6280.0,13261.0
4111752000,수원시 영통구 매탄2동,2026-08,6289.0,13256.0
4111753000,수원시 영통구 매탄3동,2022-01,15789.0,35753.0
4111753000,수원시 영통구 매탄3동,2022-02,15820.0,35620.0
4111753000,수원시 영통구 매탄3동,2022-03,15838.0,35574.0
4111753000,수원시 영통구 매탄3동,2022-04,15885.0,35589.0
4111753000,수원시 영통구 매탄3동,2022-05,15918.0,35600.0
4111753000,수원시 영통구 매탄3동,2022-06,15942.0,35582.0
4111753000,수원시 영통구 매탄3동,2022-07,15961.0,35570.0
4111753000,수원시 영통구 매탄3동,2022-08,15963.0,35421.0
4111753000,수원시 영통구 매탄3동,2022-09,15918.0,35266.0
4111753000,수원시 영통구 매탄3동,2022-10,15908.0,35230.0
4111753000,수원시 영통구 매탄3동,2022-11,15908.0,35239.0
4111753000,수원시 영통구 매탄3동,2022-12,15955.0,35329.0
4111753000,수원시 영통구 매탄3동,2023-01,15931.0,35241.0
4111753000,수원시 영통구 매탄3동,2023-02,15965.0,35238.0
4111753000,수원시 영통구 매탄3동,2023-03,15977.0,35138.0
4111753000,수원시 영통구 매탄3동,2023-04,15926.0,35058.0
4111753000,수원시 영통구 매탄3동,2023-05,15906.0,35022.0
4111753000,수원시 영통구 매탄3동,2023-06,15874.0,34963.0
4111753000,수원시 영통구 매탄3동,2023-07,15852.0,34802.0
4111753000,수원시 영통구 매탄3동,2023-08,15809.0,34672.0
4111753000,수원시 영통구 매탄3동,2023-09,15735.0,34550.0
4111753000,수원시 영통구 매탄3동,2023-10,15691.0,34484.0
4111753000,수원시 영통구 매탄3동,2023-11,15705.0,34490.0
4111753000,수원시 영통구 매탄3동,2023-12,15731.0,34512.0
4111753000,수원시 영통구 매탄3동,2024-01,15735.0,34508.0
4111753000,수원시 영통구 매탄3동,2024-02,15738.0,34492.0
4111753000,수원시 영통구 매탄3동,2024-03,15742.0,34477.0
4111753000,수원시 영통구 매탄3동,2024-04,15708.0,34404.0
4111753000,수원시 영통구 매탄3동,2024-05,15690.0,34362.0
4111753000,수원시 영통구 매탄3동,2024-06,15660.0,34326.0
4111753000,수원시 영통구 매탄3동,2024-07,15641.0,34285.0
4111753000,수원시 영통구 매탄3동,2024-08,15636.0,34246.0
4111753000,수원시 영통구 매탄3동,2024-09,15643.0,34226.0
4111753000,수원시 영통구 매탄3동,2024-10,15652.0,34206.0
4111753000,수원시 영통구 매탄3동,2024-11,15625.0,34195.0
4111753000,수원시 영통구 매탄3동,2024-12,15641.0,34207.0
4111753000,수원시 영통구 매탄3동,2025-01,15644.0,34171.0
4111753000,수원시 영통구 매탄3동,2025-02,15643.0,34094.0
4111753000,수원시 영통구 매탄3동,2025-03,15647.0,34073.0
4111753000,수원시 영통구 매탄3동,2025-04,15638.0,33998.0
4111753000,수원시 영통구 매탄3동,2025-05,15621.0,33906.0
4111753000,수원시 영통구 매탄3동,2025-06,15630.0,33911.0
4111753000,수원시 영통구 매탄3동,2025-07,15610.0,33869.0
4111753000,수원시 영통구 매탄3동,2025-08,15624.0,33894.0
4111753000,수원시 영통구 매탄3동,2025-09,15615.0,33868.0
4111753000,수원시 영통구 매탄3동,2025-10,15590.0,33824.0
4111753000,수원시 영통구 매탄3동,2025-11,15573.0,33824.0
4111753000,수원시 영통구 매탄3동,2025-12,15552.0,33882.0
4111753000,수원시 영통구 매탄3동,2026-01,15555.0,33848.0
4111753000,수원시 영통구 매탄3동,2026-02,15531.0,33779.0
4111753000,수원시 영통구 매탄3동,2026-03,15539.0,33759.0
4111753000,수원시 영통구 매탄3동,2026-04,15560.0,33744.0
4111753000,수원시 영통구 매탄3동,2026-05,15578.0,33750.0
4111753000,수원시 영통구 매탄3동,2026-06,15602.0,33729.0
4111753000,수원시 영통구 매탄3동,2026-07,15628.0,33727.0
4111753000,수원시 영통구 매탄3동,2026-08,15623.0,33674.0
4111754000,수원시 영통구 매탄4동,2022-01,9452.0,21315.0
4111754000,수원시 영통구 매탄4동,2022-02,9447.0,21258.0
4111754000,수원시 영통구 매탄4동,2022-03,9466.0,21252.0
4111754000,수원시 영통구 매탄4동,2022-04,9464.0,21211.0
4111754000,수원시 영통구 매탄4동,2022-05,9509.0,21202.0
4111754000,수원시 영통구 매탄4동,2022-06,9523.0,21182.0
4111754000,수원시 영통구 매탄4동,2022-07,9550.0,21188.0
4111754000,수원시 영통구 매탄4동,2022-08,9535.0,21042.0
4111754000,수원시 영통구 매탄4동,2022-09,9509.0,20925.0
4111754000,수원시 영통구 매탄4동,2022-10,9496.0,20904.0
4111754000,수원시 영통구 매탄4동,2022-11,9533.0,20950.0
4111754000,수원시 영통구 매탄4동,2022-12,9547.0,20937.0
4111754000,수원시 영통구 매탄4동,2023-01,9569.0,20972.0
4111754000,수원시 영통구 매탄4동,2023-02,9583.0,20973.0
4111754000,수원시 영통구 매탄4동,2023-03,9591.0,20922.0
4111754000,수원시 영통구 매탄4동,2023-04,9583.0,20906.0
4111754000,수원시 영통구 매탄4동,2023-05,9570.0,20821.0
4111754000,수원시 영통구 매탄4동,2023-06,9554.0,20742.0
4111754000,수원시 영통구 매탄4동,2023-07,9530.0,20625.0
4111754000,수원시 영통구 매탄4동,2023-08,9498.0,20507.0
4111754000,수원시 영통구 매탄4동,2023-09,9487.0,20442.0
4111754000,수원시 영통구 매탄4동,2023-10,9473.0,20333.0
4111754000,수원시 영통구 매탄4동,2023-11,9484.0,20299.0
4111754000,수원시 영통구 매탄4동,2023-12,9492.0,20293.0
4111754000,수원시 영통구 매탄4동,2024-01,9497.0,20271.0
4111754000,수원시 영통구 매탄4동,2024-02,9514.0,20277.0
4111754000,수원시 영통구 매탄4동,2024-03,9515.0,20238.0
4111754000,수원시 영통구 매탄4동,2024-04,9507.0,20195.0
4111754000,수원시 영통구 매탄4동,2024-05,9487.0,20077.0
4111754000,수원시 영통구 매탄4동,2024-06,9472.0,20006.0
4111754000,수원시 영통구 매탄4동,2024-07,9472.0,19970.0
4111754000,수원시 영통구 매탄4동,2024-08,9465.0,19892.0
4111754000,수원시 영통구 매탄4동,2024-09,9446.0,19841.0
4111754000,수원시 영통구 매탄4동,2024-10,9447.0,19825.0
4111754000,수원시 영통구 매탄4동,2024-11,9449.0,19795.0
4111754000,수원시 영통구 매탄4동,2024-12,9444.0,19784.0
4111754000,수원시 영통구 매탄4동,2025-01,9433.0,19760.0
4111754000,수원시 영통구 매탄4동,2025-02,9430.0,19741.0
4111754000,수원시 영통구 매탄4동,2025-03,9419.0,19684.0
4111754000,수원시 영통구 매탄4동,2025-04,9401.0,19605.0
4111754000,수원시 영통구 매탄4동,2025-05,9405.0,19570.0
4111754000,수원시 영통구 매탄4동,2025-06,9394.0,19564.0
4111754000,수원시 영통구 매탄4동,2025-07,9387.0,19541.0
4111754000,수원시 영통구 매탄4동,2025-08,9379.0,19505.0
4111754000,수원시 영통구 매탄4동,2025-09,9357.0,19454.0
4111754000,수원시 영통구 매탄4동,2025-10,9336.0,19403.0
4111754000,수원시 영통구 매탄4동,2025-11,9346.0,19411.0
4111754000,수원시 영통구 매탄4동,2025-12,9346.0,19372.0
4111754000,수원시 영통구 매탄4동,2026-01,9350.0,19385.0
4111754000,수원시 영통구 매탄4동,2026-02,9341.0,19329.0
4111754000,수원시 영통구 매탄4동,2026-03,9341.0,19277.0
4111754000,수원시 영통구 매탄4동,2026-04,9344.0,19262.0
4111754000,수원시 영통구 매탄4동,2026-05,9347.0,19255.0
4111754000,수원시 영통구 매탄4동,2026-06,9360.0,19239.0
4111754000,수원시 영통구 매탄4동,2026-07,9363.0,19223.0
4111754000,수원시 영통구 매탄4동,2026-08,9365.0,19244.0
4111755000,수원시 영통구 원천동,2022-01,18074.0,38673.0
4111755000,수원시 영통구 원천동,2022-02,18129.0,38689.0
4111755000,수원시 영통구 원천동,2022-03,18334.0,38941.0
4111755000,수원시 영통구 원천동,2022-04,18666.0,39402.0
4111755000,수원시 영통구 원천동,2022-05,18931.0,39781.0
4111755000,수원시 영통구 원천동,2022-06,19044.0,39900.0
4111755000,수원시 영통구 원천동,2022-07,19177.0,40109.0
4111755000,수원시 영통구 원천동,2022-08,19250.0,40191.0
4111755000,수원시 영통구 원천동,2022-09,19313.0,40246.0
4111755000,수원시 영통구 원천동,2022-10,19337.0,40303.0
4111755000,수원시 영통구 원천동,2022-11,19359.0,40378.0
4111755000,수원시 영통구 원천동,2022-12,19344.0,40422.0
4111755000,수원시 영통구 원천동,2023-01,19336.0,40421.0
4111755000,수원시 영통구 원천동,2023-02,19388.0,40488.0
4111755000,수원시 영통구 원천동,2023-03,19460.0,40542.0
4111755000,수원시 영통구 원천동,2023-04,19498.0,40602.0
4111755000,수원시 영통구 원천동,2023-05,19500.0,40579.0
4111755000,수원시 영통구 원천동,2023-06,19497.0,40571.0
4111755000,수원시 영통구 원천동,2023-07,20178.0,42822.0
4111755000,수원시 영통구 원천동,2023-08,20656.0,44365.0
4111755000,수원시 영통구 원천동,2023-09,20806.0,44841.0
4111755000,수원시 영통구 원천동,2023-10,20864.0,45028.0
4111755000,수원시 영통구 원천동,2023-11,20918.0,45144.0
4111755000,수원시 영통구 원천동,2023-12,21027.0,45447.0
4111755000,수원시 영통구 원천동,2024-01,21105.0,45600.0
4111755000,수원시 영통구 원천동,2024-02,21176.0,45710.0
4111755000,수원시 영통구 원천동,2024-03,21259.0,45852.0
4111755000,수원시 영통구 원천동,2024-04,21222.0,45785.0
4111755000,수원시 영통구 원천동,2024-05,21214.0,45778.0
4111755000,수원시 영통구 원천동,2024-06,21209.0,45740.0
4111755000,수원시 영통구 원천동,2024-07,21176.0,45651.0
4111755000,수원시 영통구 원천동,2024-08,21175.0,45675.0
4111755000,수원시 영통구 원천동,2024-09,21244.0,45702.0
4111755000,수원시 영통구 원천동,2024-10,21220.0,45630.0
4111755000,수원시 영통구 원천동,2024-11,21250.0,45687.0
4111755000,수원시 영통구 원천동,2024-12,21245.0,45637.0
4111755000,수원시 영통구 원천동,2025-01,21190.0,45587.0
4111755000,수원시 영통구 원천동,2025-02,21184.0,45512.0
4111755000,수원시 영통구 원천동,2025-03,21201.0,45579.0
4111755000,수원시 영통구 원천동,2025-04,21215.0,45576.0
4111755000,수원시 영통구 원천동,2025-05,21219.0,45591.0
4111755000,수원시 영통구 원천동,2025-06,21210.0,45553.0
4111755000,수원시 영통구 원천동,2025-07,21237.0,45579.0
4111755000,수원시 영통구 원천동,2025-08,21245.0,45537.0
4111755000,수원시 영통구 원천동,2025-09,21240.0,45549.0
4111755000,수원시 영통구 원천동,2025-10,21250.0,45557.0
4111755000,수원시 영통구 원천동,2025-11,21227.0,45518.0
4111755000,수원시 영통구 원천동,2025-12,21202.0,45490.0
4111755000,수원시 영통구 원천동,2026-01,21190.0,45441.0
4111755000,수원시 영통구 원천동,2026-02,21194.0,45421.0
4111755000,수원시 영통구 원천동,2026-03,21246.0,45458.0
4111755000,수원시 영통구 원천동,2026-04,21279.0,45501.0
4111755000,수원시 영통구 원천동,2026-05,21295.0,45474.0
4111755000,수원시 영통구 원천동,2026-06,21296.0,45513.0
4111755000,수원시 영통구 원천동,2026-07,21335.0,45583.0
4111755000,수원시 영통구 원천동,2026-08,21323.0,45557.0
4111757000,수원시 영통구 영통1동,2022-01,12605.0,34674.0
4111757000,수원시 영통구 영통1동,2022-02,12569.0,34481.0
4111757000,수원시 영통구 영통1동,2022-03,12549.0,34359.0
4111757000,수원시 영통구 영통1동,2022-04,12553.0,34303.0
4111757000,수원시 영통구 영통1동,2022-05,12570.0,34258.0
4111757000,수원시 영통구 영통1동,2022-06,12578.0,34224.0
4111757000,수원시 영통구 영통1동,2022-07,12581.0,34202.0
4111757000,수원시 영통구 영통1동,2022-08,12568.0,34060.0
4111757000,수원시 영통구 영통1동,2022-09,12552.0,33985.0
4111757000,수원시 영통구 영통1동,2022-10,12541.0,33905.0
4111757000,수원시 영통구 영통1동,2022-11,12563.0,33908.0
4111757000,수원시 영통구 영통1동,2022-12,12567.0,33894.0
4111757000,수원시 영통구 영통1동,2023-01,12547.0,33832.0
4111757000,수원시 영통구 영통1동,2023-02,12559.0,33787.0
4111757000,수원시 영통구 영통1동,2023-03,12565.0,33759.0
4111757000,수원시 영통구 영통1동,2023-04,12559.0,33730.0
4111757000,수원시 영통구 영통1동,2023-05,12564.0,33729.0
4111757000,수원시 영통구 영통1동,2023-06,12573.0,33677.0
4111757000,수원시 영통구 영통1동,2023-07,12535.0,33449.0
4111757000,수원시 영통구 영통1동,2023-08,12504.0,33220.0
4111757000,수원시 영통구 영통1동,2023-09,12509.0,33183.0
4111757000,수원시 영통구 영통1동,2023-10,12542.0,33227.0
4111757000,수원시 영통구 영통1동,2023-11,12571.0,33260.0
4111757000,수원시 영통구 영통1동,2023-12,12555.0,33195.0
4111757000,수원시 영통구 영통1동,2024-01,12565.0,33187.0
4111757000,수원시 영통구 영통1동,2024-02,12577.0,33157.0
4111757000,수원시 영통구 영통1동,2024-03,12571.0,33087.0
4111757000,수원시 영통구 영통1동,2024-04,12567.0,33073.0
4111757000,수원시 영통구 영통1동,2024-05,12570.0,33020.0
4111757000,수원시 영통구 영통1동,2024-06,12557.0,32940.0
4111757000,수원시 영통구 영통1동,2024-07,12565.0,32946.0
4111757000,수원시 영통구 영통1동,2024-08,12560.0,32962.0
4111757000,수원시 영통구 영통1동,2024-09,12560.0,32915.0
4111757000,수원시 영통구 영통1동,2024-10,12563.0,32921.0
4111757000,수원시 영통구 영통1동,2024-11,12571.0,32915.0
4111757000,수원시 영통구 영통1동,2024-12,12566.0,32840.0
4111757000,수원시 영통구 영통1동,2025-01,12571.0,32842.0
4111757000,수원시 영통구 영통1동,2025-02,12560.0,32719.0
4111757000,수원시 영통구 영통1동,2025-03,12569.0,32722.0
4111757000,수원시 영통구 영통1동,2025-04,12549.0,32593.0
4111757000,수원시 영통구 영통1동,2025-05,12556.0,32588.0
4111757000,수원시 영통구 영통1동,2025-06,12573.0,32599.0
4111757000,수원시 영통구 영통1동,2025-07,12551.0,32529.0
4111757000,수원시 영통구 영통1동,2025-08,12565.0,32550.0
4111757000,수원시 영통구 영통1동,2025-09,12565.0,32528.0
4111757000,수원시 영통구 영통1동,2025-10,12567.0,32535.0
4111757000,수원시 영통구 영통1동,2025-11,12579.0,32526.0
4111757000,수원시 영통구 영통1동,2025-12,12570.0,32467.0
4111757000,수원시 영통구 영통1동,2026-01,12559.0,32460.0
4111757000,수원시 영통구 영통1동,2026-02,12548.0,32341.0
4111757000,수원시 영통구 영통1동,2026-03,12565.0,32307.0
4111757000,수원시 영통구 영통1동,2026-04,12581.0,32316.0
4111757000,수원시 영통구 영통1동,2026-05,12587.0,32293.0
4111757000,수원시 영통구 영통1동,2026-06,12589.0,32302.0
4111757000,수원시 영통구 영통1동,2026-07,12591.0,32262.0
4111757000,수원시 영통구 영통1동,2026-08,12605.0,32258.0
4111758000,수원시 영통구 영통2동,2022-01,13157.0,26035.0
4111758000,수원시 영통구 영통2동,2022-02,13225.0,26043.0
4111758000,수원시 영통구 영통2동,2022-03,13285.0,26090.0
4111758000,수원시 영통구 영통2동,2022-04,13337.0,26138.0
4111758000,수원시 영통구 영통2동,2022-05,13383.0,26184.0
4111758000,수원시 영통구 영통2동,2022-06,13429.0,26217.0
4111758000,수원시 영통구 영통2동,2022-07,13455.0,26253.0
4111758000,수원시 영통구 영통2동,2022-08,13481.0,26195.0
4111758000,수원시 영통구 영통2동,2022-09,13453.0,26038.0
4111758000,수원시 영통구 영통2동,2022-10,13454.0,26003.0
4111758000,수원시 영통구 영통2동,2022-11,13457.0,26047.0
4111758000,수원시 영통구 영통2동,2022-12,13464.0,26046.0
4111758000,수원시 영통구 영통2동,2023-01,13523.0,26006.0
4111758000,수원시 영통구 영통2동,2023-02,13530.0,25919.0
4111758000,수원시 영통구 영통2동,2023-03,13586.0,25980.0
4111758000,수원시 영통구 영통2동,2023-04,13603.0,26002.0
4111758000,수원시 영통구 영통2동,2023-05,13585.0,25914.0
4111758000,수원시 영통구 영통2동,2023-06,13533.0,25850.0
4111758000,수원시 영통구 영통2동,2023-07,13517.0,25761.0
4111758000,수원시 영통구 영통2동,2023-08,13459.0,25536.0
4111758000,수원시 영통구 영통2동,2023-09,13501.0,25546.0
4111758000,수원시 영통구 영통2동,2023-10,13504.0,25518.0
4111758000,수원시 영통구 영통2동,2023-11,13486.0,25455.0
4111758000,수원시 영통구 영통2동,2023-12,13460.0,25393.0
4111758000,수원시 영통구 영통2동,2024-01,13500.0,25431.0
4111758000,수원시 영통구 영통2동,2024-02,13481.0,25353.0
4111758000,수원시 영통구 영통2동,2024-03,13561.0,25451.0
4111758000,수원시 영통구 영통2동,2024-04,13493.0,25350.0
4111758000,수원시 영통구 영통2동,2024-05,13494.0,25302.0
4111758000,수원시 영통구 영통2동,2024-06,13490.0,25307.0
4111758000,수원시 영통구 영통2동,2024-07,13474.0,25246.0
4111758000,수원시 영통구 영통2동,2024-08,13430.0,25210.0
4111758000,수원시 영통구 영통2동,2024-09,13384.0,25121.0
4111758000,수원시 영통구 영통2동,2024-10,13408.0,25156.0
4111758000,수원시 영통구 영통2동,2024-11,13385.0,25095.0
4111758000,수원시 영통구 영통2동,2024-12,13390.0,25049.0
4111758000,수원시 영통구 영통2동,2025-01,13395.0,25049.0
4111758000,수원시 영통구 영통2동,2025-02,13376.0,24974.0
4111758000,수원시 영통구 영통2동,2025-03,13417.0,25008.0
4111758000,수원시 영통구 영통2동,2025-04,13371.0,24870.0
4111758000,수원시 영통구 영통2동,2025-05,13354.0,24810.0
4111758000,수원시 영통구 영통2동,2025-06,13381.0,24878.0
4111758000,수원시 영통구 영통2동,2025-07,13377.0,24891.0
4111758000,수원시 영통구 영통2동,2025-08,13379.0,24894.0
4111758000,수원시 영통구 영통2동,2025-09,13386.0,24889.0
4111758000,수원시 영통구 영통2동,2025-10,13389.0,24886.0
4111758000,수원시 영통구 영통2동,2025-11,13400.0,24864.0
4111758000,수원시 영통구 영통2동,2025-12,13437.0,24909.0
4111758000,수원시 영통구 영통2동,2026-01,13471.0,24928.0
4111758000,수원시 영통구 영통2동,2026-02,13527.0,24950.0
4111758000,수원시 영통구 영통2동,2026-03,13570.0,25005.0
4111758000,수원시 영통구 영통2동,2026-04,13612.0,25043.0
4111758000,수원시 영통구 영통2동,2026-05,13655.0,25075.0
4111758000,수원시 영통구 영통2동,2026-06,13623.0,25012.0
4111758000,수원시 영통구 영통2동,2026-07,13616.0,24995.0
4111758000,수원시 영통구 영통2동,2026-08,13609.0,24914.0
4111758500,수원시 영통구 영통3동,2022-01,13504.0,32414.0
4111758500,수원시 영통구 영통3동,2022-02,13549.0,32329.0
4111758500,수원시 영통구 영통3동,2022-03,13544.0,32247.0
4111758500,수원시 영통구 영통3동,2022-04,13569.0,32251.0
4111758500,수원시 영통구 영통3동,2022-05,13590.0,32205.0
4111758500,수원시 영통구 영통3동,2022-06,13605.0,32199.0
4111758500,수원시 영통구 영통3동,2022-07,13654.0,32247.0
4111758500,수원시 영통구 영통3동,2022-08,13733.0,32259.0
4111758500,수원시 영통구 영통3동,2022-09,13730.0,32201.0
4111758500,수원시 영통구 영통3동,2022-10,13726.0,32192.0
4111758500,수원시 영통구 영통3동,2022-11,13708.0,32189.0
4111758500,수원시 영통구 영통3동,2022-12,13720.0,32174.0
4111758500,수원시 영통구 영통3동,2023-01,13730.0,32160.0
4111758500,수원시 영통구 영통3동,2023-02,13849.0,32209.0
4111758500,수원시 영통구 영통3동,2023-03,13831.0,32115.0
4111758500,수원시 영통구 영통3동,2023-04,13842.0,32099.0
4111758500,수원시 영통구 영통3동,2023-05,13847.0,32086.0
4111758500,수원시 영통구 영통3동,2023-06,13832.0,32025.0
4111758500,수원시 영통구 영통3동,2023-07,13792.0,31865.0
4111758500,수원시 영통구 영통3동,2023-08,13817.0,31782.0
4111758500,수원시 영통구 영통3동,2023-09,13824.0,31744.0
4111758500,수원시 영통구 영통3동,2023-10,13807.0,31665.0
4111758500,수원시 영통구 영통3동,2023-11,13804.0,31662.0
4111758500,수원시 영통구 영통3동,2023-12,13795.0,31624.0
4111758500,수원시 영통구 영통3동,2024-01,13807.0,31619.0
4111758500,수원시 영통구 영통3동,2024-02,13893.0,31671.0
4111758500,수원시 영통구 영통3동,2024-03,13943.0,31648.0
4111758500,수원시 영통구 영통3동,2024-04,13920.0,31565.0
4111758500,수원시 영통구 영통3동,2024-05,13899.0,31492.0
4111758500,수원시 영통구 영통3동,2024-06,13947.0,31510.0
4111758500,수원시 영통구 영통3동,2024-07,13972.0,31519.0
4111758500,수원시 영통구 영통3동,2024-08,14014.0,31539.0
4111758500,수원시 영통구 영통3동,2024-09,14040.0,31541.0
4111758500,수원시 영통구 영통3동,2024-10,14030.0,31511.0
4111758500,수원시 영통구 영통3동,2024-11,14011.0,31492.0
4111758500,수원시 영통구 영통3동,2024-12,13985.0,31455.0
4111758500,수원시 영통구 영통3동,2025-01,13982.0,31387.0
4111758500,수원시 영통구 영통3동,2025-02,14104.0,31493.0
4111758500,수원시 영통구 영통3동,2025-03,14103.0,31435.0
4111758500,수원시 영통구 영통3동,2025-04,14090.0,31357.0
4111758500,수원시 영통구 영통3동,2025-05,14080.0,31345.0
4111758500,수원시 영통구 영통3동,2025-06,14060.0,31318.0
4111758500,수원시 영통구 영통3동,2025-07,14049.0,31265.0
4111758500,수원시 영통구 영통3동,2025-08,14056.0,31224.0
4111758500,수원시 영통구 영통3동,2025-09,14104.0,31296.0
4111758500,수원시 영통구 영통3동,2025-10,14082.0,31271.0
4111758500,수원시 영통구 영통3동,2025-11,14072.0,31262.0
4111758500,수원시 영통구 영통3동,2025-12,14056.0,31223.0
4111758500,수원시 영통구 영통3동,2026-01,14086.0,31279.0
4111758500,수원시 영통구 영통3동,2026-02,14143.0,31281.0
4111758500,수원시 영통구 영통3동,2026-03,14201.0,31304.0
4111758500,수원시 영통구 영통3동,2026-04,14248.0,31328.0
4111758500,수원시 영통구 영통3동,2026-05,14293.0,31300.0
4111758500,수원시 영통구 영통3동,2026-06,14289.0,31282.0
4111758500,수원시 영통구 영통3동,2026-07,14316.0,31341.0
4111758500,수원시 영통구 영통3동,2026-08,14350.0,31340.0
4111759300,수원시 영통구 망포1동,2022-01,10890.0,30985.0
4111759300,수원시 영통구 망포1동,2022-02,10877.0,30857.0
4111759300,수원시 영통구 망포1동,2022-03,10863.0,30795.0
4111759300,수원시 영통구 망포1동,2022-04,10879.0,30761.0
4111759300,수원시 영통구 망포1동,2022-05,10890.0,30762.0
4111759300,수원시 영통구 망포1동,2022-06,10882.0,30706.0
4111759300,수원시 영통구 망포1동,2022-07,10883.0,30670.0
4111759300,수원시 영통구 망포1동,2022-08,10874.0,30621.0
4111759300,수원시 영통구 망포1동,2022-09,11195.0,31330.0
4111759300,수원시 영통구 망포1동,2022-10,11379.0,31752.0
4111759300,수원시 영통구 망포1동,2022-11,11422.0,31853.0
4111759300,수원시 영통구 망포1동,2022-12,11452.0,31920.0
4111759300,수원시 영통구 망포1동,2023-01,11467.0,31929.0
4111759300,수원시 영통구 망포1동,2023-02,11473.0,31907.0
4111759300,수원시 영통구 망포1동,2023-03,11503.0,31951.0
4111759300,수원시 영통구 망포1동,2023-04,11512.0,31955.0
4111759300,수원시 영통구 망포1동,2023-05,11535.0,31996.0
4111759300,수원시 영통구 망포1동,2023-06,11526.0,31971.0
4111759300,수원시 영통구 망포1동,2023-07,11489.0,31813.0
4111759300,수원시 영통구 망포1동,2023-08,11477.0,31756.0
4111759300,수원시 영통구 망포1동,2023-09,11475.0,31689.0
4111759300,수원시 영통구 망포1동,2023-10,11473.0,31670.0
4111759300,수원시 영통구 망포1동,2023-11,11479.0,31693.0
4111759300,수원시 영통구 망포1동,2023-12,11482.0,31684.0
4111759300,수원시 영통구 망포1동,2024-01,11474.0,31590.0
4111759300,수원시 영통구 망포1동,2024-02,11481.0,31607.0
4111759300,수원시 영통구 망포1동,2024-03,11477.0,31595.0
4111759300,수원시 영통구 망포1동,2024-04,11446.0,31539.0
4111759300,수원시 영통구 망포1동,2024-05,11449.0,31524.0
4111759300,수원시 영통구 망포1동,2024-06,11457.0,31571.0
4111759300,수원시 영통구 망포1동,2024-07,11439.0,31500.0
4111759300,수원시 영통구 망포1동,2024-08,11442.0,31510.0
4111759300,수원시 영통구 망포1동,2024-09,11442.0,31514.0
4111759300,수원시 영통구 망포1동,2024-10,11436.0,31458.0
4111759300,수원시 영통구 망포1동,2024-11,11438.0,31484.0
4111759300,수원시 영통구 망포1동,2024-12,11432.0,31484.0
4111759300,수원시 영통구 망포1동,2025-01,11444.0,31511.0
4111759300,수원시 영통구 망포1동,2025-02,11439.0,31431.0
4111759300,수원시 영통구 망포1동,2025-03,11429.0,31376.0
4111759300,수원시 영통구 망포1동,2025-04,11407.0,31236.0
4111759300,수원시 영통구 망포1동,2025-05,11366.0,31063.0
4111759300,수원시 영통구 망포1동,2025-06,11382.0,31095.0
4111759300,수원시 영통구 망포1동,2025-07,11400.0,31154.0
4111759300,수원시 영통구 망포1동,2025-08,11409.0,31168.0
4111759300,수원시 영통구 망포1동,2025-09,11421.0,31171.0
4111759300,수원시 영통구 망포1동,2025-10,11445.0,31208.0
4111759300,수원시 영통구 망포1동,2025-11,11434.0,31222.0
4111759300,수원시 영통구 망포1동,2025-12,11456.0,31233.0
4111759300,수원시 영통구 망포1동,2026-01,11479.0,31247.0
4111759300,수원시 영통구 망포1동,2026-02,11506.0,31223.0
4111759300,수원시 영통구 망포1동,2026-03,11522.0,31212.0
4111759300,수원시 영통구 망포1동,2026-04,11527.0,31214.0
4111759300,수원시 영통구 망포1동,2026-05,11539.0,31230.0
4111759300,수원시 영통구 망포1동,2026-06,11551.0,31243.0
4111759300,수원시 영통구 망포1동,2026-07,11571.0,31233.0
4111759300,수원시 영통구 망포1동,2026-08,11581.0,31223.0
4111759600,수원시 영통구 망포2동,2022-01,9424.0,27766.0
4111759600,수원시 영통구 망포2동,2022-02,9404.0,27673.0
4111759600,수원시 영통구 망포2동,2022-03,9404.0,27680.0
4111759600,수원시 영통구 망포2동,2022-04,9398.0,27613.0
4111759600,수원시 영통구 망포2동,2022-05,9421.0,27637.0
4111759600,수원시 영통구 망포2동,2022-06,9439.0,27658.0
4111759600,수원시 영통구 망포2동,2022-07,9438.0,27646.0
4111759600,수원시 영통구 망포2동,2022-08,9434.0,27620.0
4111759600,수원시 영통구 망포2동,2022-09,9431.0,27636.0
4111759600,수원시 영통구 망포2동,2022-10,9689.0,28375.0
4111759600,수원시 영통구 망포2동,2022-11,9917.0,29110.0
4111759600,수원시 영통구 망포2동,2022-12,10195.0,29872.0
4111759600,수원시 영통구 망포2동,2023-01,10682.0,31377.0
4111759600,수원시 영통구 망포2동,2023-02,11160.0,32821.0
4111759600,수원시 영통구 망포2동,2023-03,11223.0,33068.0
4111759600,수원시 영통구 망포2동,2023-04,11279.0,33212.0
4111759600,수원시 영통구 망포2동,2023-05,11309.0,33343.0
4111759600,수원시 영통구 망포2동,2023-06,11339.0,33439.0
4111759600,수원시 영통구 망포2동,2023-07,11333.0,33383.0
4111759600,수원시 영통구 망포2동,2023-08,11344.0,33399.0
4111759600,수원시 영통구 망포2동,2023-09,11350.0,33415.0
4111759600,수원시 영통구 망포2동,2023-10,11378.0,33523.0
4111759600,수원시 영통구 망포2동,2023-11,11366.0,33499.0
4111759600,수원시 영통구 망포2동,2023-12,11353.0,33462.0
4111759600,수원시 영통구 망포2동,2024-01,11346.0,33465.0
4111759600,수원시 영통구 망포2동,2024-02,11366.0,33521.0
4111759600,수원시 영통구 망포2동,2024-03,11354.0,33504.0
4111759600,수원시 영통구 망포2동,2024-04,11360.0,33490.0
4111759600,수원시 영통구 망포2동,2024-05,11360.0,33478.0
4111759600,수원시 영통구 망포2동,2024-06,11369.0,33466.0
4111759600,수원시 영통구 망포2동,2024-07,11368.0,33491.0
4111759600,수원시 영통구 망포2동,2024-08,11369.0,33519.0
4111759600,수원시 영통구 망포2동,2024-09,11359.0,33549.0
4111759600,수원시 영통구 망포2동,2024-10,11366.0,33568.0
4111759600,수원시 영통구 망포2동,2024-11,11347.0,33516.0
4111759600,수원시 영통구 망포2동,2024-12,11340.0,33555.0
4111759600,수원시 영통구 망포2동,2025-01,11322.0,33529.0
4111759600,수원시 영통구 망포2동,2025-02,11333.0,33578.0
4111759600,수원시 영통구 망포2동,2025-03,11393.0,33687.0
4111759600,수원시 영통구 망포2동,2025-04,12131.0,35746.0
4111759600,수원시 영통구 망포2동,2025-05,12648.0,37340.0
4111759600,수원시 영통구 망포2동,2025-06,12750.0,37627.0
4111759600,수원시 영통구 망포2동,2025-07,12799.0,37763.0
4111759600,수원시 영통구 망포2동,2025-08,12828.0,37875.0
4111759600,수원시 영통구 망포2동,2025-09,12855.0,37968.0
4111759600,수원시 영통구 망포2동,2025-10,12868.0,38034.0
4111759600,수원시 영통구 망포2동,2025-11,12872.0,38074.0
4111759600,수원시 영통구 망포2동,2025-12,12884.0,38107.0
4111759600,수원시 영통구 망포2동,2026-01,12901.0,38134.0
4111759600,수원시 영통구 망포2동,2026-02,12922.0,38201.0
4111759600,수원시 영통구 망포2동,2026-03,12926.0,38214.0
4111759600,수원시 영통구 망포2동,2026-04,12935.0,38242.0
4111759600,수원시 영통구 망포2동,2026-05,12927.0,38204.0
4111759600,수원시 영통구 망포2동,2026-06,12921.0,38209.0
4111759600,수원시 영통구 망포2동,2026-07,12926.0,38210.0
4111759600,수원시 영통구 망포2동,2026-08,12924.0,38230.0
4111760000,수원시 영통구 광교1동,2022-01,22033.0,52935.0
4111760000,수원시 영통구 광교1동,2022-02,22068.0,52949.0
4111760000,수원시 영통구 광교1동,2022-03,22086.0,52982.0
4111760000,수원시 영통구 광교1동,2022-04,22094.0,52938.0
4111760000,수원시 영통구 광교1동,2022-05,22097.0,52878.0
4111760000,수원시 영통구 광교1동,2022-06,22151.0,52895.0
4111760000,수원시 영통구 광교1동,2022-07,22147.0,52860.0
4111760000,수원시 영통구 광교1동,2022-08,22198.0,52857.0
4111760000,수원시 영통구 광교1동,2022-09,22214.0,52824.0
4111760000,수원시 영통구 광교1동,2022-10,22192.0,52787.0
4111760000,수원시 영통구 광교1동,2022-11,22153.0,52771.0
4111760000,수원시 영통구 광교1동,2022-12,22215.0,52841.0
4111760000,수원시 영통구 광교1동,2023-01,22262.0,52857.0
4111760000,수원시 영통구 광교1동,2023-02,22380.0,53020.0
4111760000,수원시 영통구 광교1동,2023-03,22411.0,53035.0
4111760000,수원시 영통구 광교1동,2023-04,22470.0,53087.0
4111760000,수원시 영통구 광교1동,2023-05,22483.0,53061.0
4111760000,수원시 영통구 광교1동,2023-06,22448.0,52962.0
4111760000,수원시 영통구 광교1동,2023-07,22459.0,52950.0
4111760000,수원시 영통구 광교1동,2023-08,22455.0,52885.0
4111760000,수원시 영통구 광교1동,2023-09,22525.0,52945.0
4111760000,수원시 영통구 광교1동,2023-10,22622.0,53036.0
4111760000,수원시 영통구 광교1동,2023-11,22660.0,53091.0
4111760000,수원시 영통구 광교1동,2023-12,22695.0,53072.0
4111760000,수원시 영통구 광교1동,2024-01,22752.0,53131.0
4111760000,수원시 영통구 광교1동,2024-02,22831.0,53150.0
4111760000,수원시 영통구 광교1동,2024-03,22876.0,53179.0
4111760000,수원시 영통구 광교1동,2024-04,22910.0,53158.0
4111760000,수원시 영통구 광교1동,2024-05,22968.0,53208.0
4111760000,수원시 영통구 광교1동,2024-06,22992.0,53249.0
4111760000,수원시 영통구 광교1동,2024-07,22997.0,53206.0
4111760000,수원시 영통구 광교1동,2024-08,22986.0,53145.0
4111760000,수원시 영통구 광교1동,2024-09,22983.0,53076.0
4111760000,수원시 영통구 광교1동,2024-10,23061.0,53374.0
4111760000,수원시 영통구 광교1동,2024-11,23158.0,53601.0
4111760000,수원시 영통구 광교1동,2024-12,23203.0,53732.0
4111760000,수원시 영통구 광교1동,2025-01,23208.0,53785.0
4111760000,수원시 영통구 광교1동,2025-02,23203.0,53800.0
4111760000,수원시 영통구 광교1동,2025-03,23244.0,53877.0
4111760000,수원시 영통구 광교1동,2025-04,23233.0,53824.0
4111760000,수원시 영통구 광교1동,2025-05,23217.0,53845.0
4111760000,수원시 영통구 광교1동,2025-06,23215.0,53872.0
4111760000,수원시 영통구 광교1동,2025-07,23192.0,53793.0
4111760000,수원시 영통구 광교1동,2025-08,23160.0,53746.0
4111760000,수원시 영통구 광교1동,2025-09,23129.0,53747.0
4111760000,수원시 영통구 광교1동,2025-10,23182.0,53816.0
4111760000,수원시 영통구 광교1동,2025-11,23211.0,53869.0
4111760000,수원시 영통구 광교1동,2025-12,23207.0,53912.0
4111760000,수원시 영통구 광교1동,2026-01,23196.0,53823.0
4111760000,수원시 영통구 광교1동,2026-02,23227.0,53838.0
4111760000,수원시 영통구 광교1동,2026-03,23258.0,53828.0
4111760000,수원시 영통구 광교1동,2026-04,23270.0,53816.0
4111760000,수원시 영통구 광교1동,2026-05,23304.0,53921.0
4111760000,수원시 영통구 광교1동,2026-06,23290.0,53864.0
4111760000,수원시 영통구 광교1동,2026-07,23300.0,53890.0
4111760000,수원시 영통구 광교1동,2026-08,23289.0,53825.0
4111761000,수원시 영통구 광교2동,2022-01,11620.0,29200.0
4111761000,수원시 영통구 광교2동,2022-02,11625.0,29182.0
4111761000,수원시 영통구 광교2동,2022-03,11634.0,29178.0
4111761000,수원시 영통구 광교2동,2022-04,11652.0,29228.0
4111761000,수원시 영통구 광교2동,2022-05,11655.0,29208.0
4111761000,수원시 영통구 광교2동,2022-06,11649.0,29175.0
4111761000,수원시 영통구 광교2동,2022-07,11659.0,29170.0
4111761000,수원시 영통구 광교2동,2022-08,11667.0,29178.0
4111761000,수원시 영통구 광교2동,2022-09,11645.0,29133.0
4111761000,수원시 영통구 광교2동,2022-10,11633.0,29110.0
4111761000,수원시 영통구 광교2동,2022-11,11604.0,29084.0
4111761000,수원시 영통구 광교2동,2022-12,11629.0,29113.0
4111761000,수원시 영통구 광교2동,2023-01,11614.0,29031.0
4111761000,수원시 영통구 광교2동,2023-02,11631.0,28990.0
4111761000,수원시 영통구 광교2동,2023-03,11638.0,28970.0
4111761000,수원시 영통구 광교2동,2023-04,11658.0,28993.0
4111761000,수원시 영통구 광교2동,2023-05,11659.0,28992.0
4111761000,수원시 영통구 광교2동,2023-06,11673.0,29048.0
4111761000,수원시 영통구 광교2동,2023-07,11660.0,29019.0
4111761000,수원시 영통구 광교2동,2023-08,11643.0,28879.0
4111761000,수원시 영통구 광교2동,2023-09,11666.0,28858.0
4111761000,수원시 영통구 광교2동,2023-10,11655.0,28815.0
4111761000,수원시 영통구 광교2동,2023-11,11648.0,28756.0
4111761000,수원시 영통구 광교2동,2023-12,11655.0,28712.0
4111761000,수원시 영통구 광교2동,2024-01,11637.0,28652.0
4111761000,수원시 영통구 광교2동,2024-02,11640.0,28562.0
4111761000,수원시 영통구 광교2동,2024-03,11655.0,28565.0
4111761000,수원시 영통구 광교2동,2024-04,11647.0,28532.0
4111761000,수원시 영통구 광교2동,2024-05,11645.0,28483.0
4111761000,수원시 영통구 광교2동,2024-06,11650.0,28453.0
4111761000,수원시 영통구 광교2동,2024-07,11675.0,28512.0
4111761000,수원시 영통구 광교2동,2024-08,11707.0,28566.0
4111761000,수원시 영통구 광교2동,2024-09,11716.0,28559.0
4111761000,수원시 영통구 광교2동,2024-10,11710.0,28520.0
4111761000,수원시 영통구 광교2동,2024-11,11699.0,28505.0
4111761000,수원시 영통구 광교2동,2024-12,11705.0,28490.0
4111761000,수원시 영통구 광교2동,2025-01,11681.0,28453.0
4111761000,수원시 영통구 광교2동,2025-02,11683.0,28429.0
4111761000,수원시 영통구 광교2동,2025-03,11689.0,28422.0
4111761000,수원시 영통구 광교2동,2025-04,11659.0,28349.0
4111761000,수원시 영통구 광교2동,2025-05,11644.0,28296.0
4111761000,수원시 영통구 광교2동,2025-06,11662.0,28319.0
4111761000,수원시 영통구 광교2동,2025-07,11638.0,28281.0
4111761000,수원시 영통구 광교2동,2025-08,11642.0,28260.0
4111761000,수원시 영통구 광교2동,2025-09,11655.0,28312.0
4111761000,수원시 영통구 광교2동,2025-10,11710.0,28382.0
4111761000,수원시 영통구 광교2동,2025-11,11708.0,28379.0
4111761000,수원시 영통구 광교2동,2025-12,11709.0,28369.0
4111761000,수원시 영통구 광교2동,2026-01,11701.0,28299.0
4111761000,수원시 영통구 광교2동,2026-02,11715.0,28326.0
4111761000,수원시 영통구 광교2동,2026-03,11718.0,28357.0
4111761000,수원시 영통구 광교2동,2026-04,11727.0,28372.0
4111761000,수원시 영통구 광교2동,2026-05,11708.0,28348.0
4111761000,수원시 영통구 광교2동,2026-06,11715.0,28372.0
4111761000,수원시 영통구 광교2동,2026-07,11702.0,28323.0
4111761000,수원시 영통구 광교2동,2026-08,11714.0,28321.0
