노선,기종점,날짜,요일,시간대,이용량
01,수원시동부차고지 - 수원시도시안전통합센터,2024-05-01,수,6,1
01,수원시동부차고지 - 수원시도시안전통합센터,2024-05-01,수,7,10
01,수원시동부차고지 - 수원시도시안전통합센터,2024-05-01,수,8,7
01,수원시동부차고지 - 수원시도시안전통합센터,2024-05-01,수,9,12
01,수원시동부차고지 - 수원시도시안전통합센터,2024-05-01,수,10,7
01,수원시동부차고지 - 수원시도시안전통합센터,2024-05-01,수,11,8
01,수원시동부차고지 - 수원시도시안전통합센터,2024-05-01,수,12,10
01,수원시동부차고지 - 수원시도시안전통합센터,2024-05-01,수,13,18
01,수원시동부차고지 - 수원시도시안전통합센터,2024-05-01,수,14,6
01,수원시동부차고지 - 수원시도시안전통합센터,2024-05-01,수,15,10
01,수원시동부차고지 - 수원시도시안전통합센터,2024-05-01,수,16,17
01,수원시동부차고지 - 수원시도시안전통합센터,2024-05-01,수,17,7
01,수원시동부차고지 - 수원시도시안전통합센터,2024-05-01,수,18,4
01,수원시동부차고지 - 수원시도시안전통합센터,2024-05-01,수,19,18
01,수원시동부차고지 - 수원시도시안전통합센터,2024-05-01,수,20,17
01,수원시동부차고지 - 수원시도시안전통합센터,2024-05-01,수,21,17
01,수원시동부차고지 - 수원시도시안전통합센터,2024-05-01,수,22,14
01,수원시동부차고지 - 수원시도시안전통합센터,2024-05-01,수,23,2
01,수원시동부차고지 - 수원시도시안전통합센터,2024-05-02,목,6,11
01,수원시동부차고지 - 수원시도시안전통합센터,2024-05-02,목,7,37
01,수원시동부차고지 - 수원시도시안전통합센터,2024-05-02,목,8,10
01,수원시동부차고지 - 수원시도시안전통합센터,2024-05-02,목,9,9
01,수원시동부차고지 - 수원시도시안전통합센터,2024-05-02,목,10,11
01,수원시동부차고지 - 수원시도시안전통합센터,2024-05-02,목,11,9
01,수원시동부차고지 - 수원시도시안전통합센터,2024-05-02,목,12,6
01,수원시동부차고지 - 수원시도시안전통합센터,2024-05-02,목,13,11
01,수원시동부차고지 - 수원시도시안전통합센터,2024-05-02,목,14,8
01,수원시동부차고지 - 수원시도시안전통합센터,2024-05-02,목,15,4
01,수원시동부차고지 - 수원시도시안전통합센터,2024-05-02,목,16,16
01,수원시동부차고지 - 수원시도시안전통합센터,2024-05-02,목,17,7
01,수원시동부차고지 - 수원시도시안전통합센터,2024-05-02,목,18,8
01,수원시동부차고지 - 수원시도시안전통합센터,2024-05-02,목,19,10
01,수원시동부차고지 - 수원시도시안전통합센터,2024-05-02,목,20,14
01,수원시동부차고지 - 수원시도시안전통합센터,2024-05-02,목,21,21
01,수원시동부차고지 - 수원시도시안전통합센터,2024-05-02,목,22,10
01,수원시동부차고지 - 수원시도시안전통합센터,2024-05-02,목,23,2
01,수원시동부차고지 - 수원시도시안전통합센터,2024-05-03,금,6,14
01,수원시동부차고지 - 수원시도시안전통합센터,2024-05-03,금,7,24
01,수원시동부차고지 - 수원시도시안전통합센터,2024-05-03,금,8,10
01,수원시동부차고지 - 수원시도시안전통합센터,2024-05-03,금,9,18
01,수원시동부차고지 - 수원시도시안전통합센터,2024-05-03,금,10,9
01,수원시동부차고지 - 수원시도시안전통합센터,2024-05-03,금,11,14
01,수원시동부차고지 - 수원시도시안전통합센터,2024-05-03,금,12,4
01,수원시동부차고지 - 수원시도시안전통합센터,2024-05-03,금,13,12
01,수원시동부차고지 - 수원시도시안전통합센터,2024-05-03,금,14,8
01,수원시동부차고지 - 수원시도시안전통합센터,2024-05-03,금,15,15
01,수원시동부차고지 - 수원시도시안전통합센터,2024-05-03,금,16,14
01,수원시동부차고지 - 수원시도시안전통합센터,2024-05-03,금,17,8
01,수원시동부차고지 - 수원시도시안전통합센터,2024-05-03,금,18,13
01,수원시동부차고지 - 수원시도시안전통합센터,2024-05-03,금,19,12
01,수원시동부차고지 - 수원시도시안전통합센터,2024-05-03,금,20,12
01,수원시동부차고지 - 수원시도시안전통합센터,2024-05-03,금,21,19
01,수원시동부차고지 - 수원시도시안전통합센터,2024-05-03,금,22,22
01,수원시동부차고지 - 수원시도시안전통합센터,2024-05-03,금,23,1
01,수원시동부차고지 - 수원시도시안전통합센터,2024-05-04,토,6,3
01,수원시동부차고지 - 수원시도시안전통합센터,2024-05-04,토,7,12
01,수원시동부차고지 - 수원시도시안전통합센터,2024-05-04,토,8,7
01,수원시동부차고지 - 수원시도시안전통합센터,2024-05-04,토,9,13
01,수원시동부차고지 - 수원시도시안전통합센터,2024-05-04,토,10,25
01,수원시동부차고지 - 수원시도시안전통합센터,2024-05-04,토,11,11
01,수원시동부차고지 - 수원시도시안전통합센터,2024-05-04,토,12,10
01,수원시동부차고지 - 수원시도시안전통합센터,2024-05-04,토,13,12
01,수원시동부차고지 - 수원시도시안전통합센터,2024-05-04,토,14,5
01,수원시동부차고지 - 수원시도시안전통합센터,2024-05-04,토,15,7
01,수원시동부차고지 - 수원시도시안전통합센터,2024-05-04,토,16,14
01,수원시동부차고지 - 수원시도시안전통합센터,2024-05-04,토,17,10
01,수원시동부차고지 - 수원시도시안전통합센터,2024-05-04,토,18,9
01,수원시동부차고지 - 수원시도시안전통합센터,2024-05-04,토,19,12
01,수원시동부차고지 - 수원시도시안전통합센터,2024-05-04,토,20,9
01,수원시동부차고지 - 수원시도시안전통합센터,2024-05-04,토,21,21
01,수원시동부차고지 - 수원시도시안전통합센터,2024-05-04,토,22,12
01,수원시동부차고지 - 수원시도시안전통합센터,2024-05-04,토,23,5
01,수원시동부차고지 - 수원시도시안전통합센터,2024-05-05,일,6,1
01,수원시동부차고지 - 수원시도시안전통합센터,2024-05-05,일,7,3
01,수원시동부차고지 - 수원시도시안전통합센터,2024-05-05,일,8,10
01,수원시동부차고지 - 수원시도시안전통합센터,2024-05-05,일,9,8
01,수원시동부차고지 - 수원시도시안전통합센터,2024-05-05,일,10,19
01,수원시동부차고지 - 수원시도시안전통합센터,2024-05-05,일,11,4
01,수원시동부차고지 - 수원시도시안전통합센터,2024-05-05,일,12,4
01,수원시동부차고지 - 수원시도시안전통합센터,2024-05-05,일,13,12
01,수원시동부차고지 - 수원시도시안전통합센터,2024-05-05,일,14,5
01,수원시동부차고지 - 수원시도시안전통합센터,2024-05-05,일,15,10
01,수원시동부차고지 - 수원시도시안전통합센터,2024-05-05,일,16,11
01,수원시동부차고지 - 수원시도시안전통합센터,2024-05-05,일,17,12
01,수원시동부차고지 - 수원시도시안전통합센터,2024-05-05,일,18,15
01,수원시동부차고지 - 수원시도시안전통합센터,2024-05-05,일,19,11
01,수원시동부차고지 - 수원시도시안전통합센터,2024-05-05,일,20,6
01,수원시동부차고지 - 수원시도시안전통합센터,2024-05-05,일,21,17
01,수원시동부차고지 - 수원시도시안전통합센터,2024-05-05,일,22,12
01,수원시동부차고지 - 수원시도시안전통합센터,2024-05-05,일,23,4
01,수원시동부차고지 - 수원시도시안전통합센터,2024-05-06,월,6,1
01,수원시동부차고지 - 수원시도시안전통합센터,2024-05-06,월,7,9
01,수원시동부차고지 - 수원시도시안전통합센터,2024-05-06,월,8,7
01,수원시동부차고지 - 수원시도시안전통합센터,2024-05-06,월,9,9
01,수원시동부차고지 - 수원시도시안전통합센터,2024-05-06,월,10,12
01,수원시동부차고지 - 수원시도시안전통합센터,2024-05-06,월,11,16
01,수원시동부차고지 - 수원시도시안전통합센터,2024-05-06,월,12,15
01,수원시동부차고지 - 수원시도시안전통합센터,2024-05-06,월,13,18
01,수원시동부차고지 - 수원시도시안전통합센터,2024-05-06,월,14,8
01,수원시동부차고지 - 수원시도시안전통합센터,2024-05-06,월,15,35
01,수원시동부차고지 - 수원시도시안전통합센터,2024-05-06,월,16,20
01,수원시동부차고지 - 수원시도시안전통합센터,2024-05-06,월,17,19
01,수원시동부차고지 - 수원시도시안전통합센터,2024-05-06,월,18,8
01,수원시동부차고지 - 수원시도시안전통합센터,2024-05-06,월,19,12
01,수원시동부차고지 - 수원시도시안전통합센터,2024-05-06,월,20,10
01,수원시동부차고지 - 수원시도시안전통합센터,2024-05-06,월,21,11
01,수원시동부차고지 - 수원시도시안전통합센터,2024-05-06,월,22,15
01,수원시동부차고지 - 수원시도시안전통합센터,2024-05-06,월,23,2
01,수원시동부차고지 - 수원시도시안전통합센터,2024-05-07,화,6,18
01,수원시동부차고지 - 수원시도시안전통합센터,2024-05-07,화,7,25
01,수원시동부차고지 - 수원시도시안전통합센터,2024-05-07,화,8,5
01,수원시동부차고지 - 수원시도시안전통합센터,2024-05-07,화,9,14
01,수원시동부차고지 - 수원시도시안전통합센터,2024-05-07,화,10,17
01,수원시동부차고지 - 수원시도시안전통합센터,2024-05-07,화,11,11
01,수원시동부차고지 - 수원시도시안전통합센터,2024-05-07,화,12,12
01,수원시동부차고지 - 수원시도시안전통합센터,2024-05-07,화,13,10
01,수원시동부차고지 - 수원시도시안전통합센터,2024-05-07,화,14,5
01,수원시동부차고지 - 수원시도시안전통합센터,2024-05-07,화,15,8
01,수원시동부차고지 - 수원시도시안전통합센터,2024-05-07,화,16,10
01,수원시동부차고지 - 수원시도시안전통합센터,2024-05-07,화,17,19
01,수원시동부차고지 - 수원시도시안전통합센터,2024-05-07,화,18,14
01,수원시동부차고지 - 수원시도시안전통합센터,2024-05-07,화,19,14
01,수원시동부차고지 - 수원시도시안전통합센터,2024-05-07,화,20,12
01,수원시동부차고지 - 수원시도시안전통합센터,2024-05-07,화,21,15
01,수원시동부차고지 - 수원시도시안전통합센터,2024-05-07,화,22,20
01,수원시동부차고지 - 수원시도시안전통합센터,2024-05-07,화,23,3
01,수원시동부차고지 - 수원시도시안전통합센터,2024-05-08,수,6,10
01,수원시동부차고지 - 수원시도시안전통합센터,2024-05-08,수,7,27
01,수원시동부차고지 - 수원시도시안전통합센터,2024-05-08,수,8,8
01,수원시동부차고지 - 수원시도시안전통합센터,2024-05-08,수,9,18
01,수원시동부차고지 - 수원시도시안전통합센터,2024-05-08,수,10,9
01,수원시동부차고지 - 수원시도시안전통합센터,2024-05-08,수,11,9
01,수원시동부차고지 - 수원시도시안전통합센터,2024-05-08,수,12,13
01,수원시동부차고지 - 수원시도시안전통합센터,2024-05-08,수,13,10
01,수원시동부차고지 - 수원시도시안전통합센터,2024-05-08,수,14,14
01,수원시동부차고지 - 수원시도시안전통합센터,2024-05-08,수,15,11
01,수원시동부차고지 - 수원시도시안전통합센터,2024-05-08,수,16,6
01,수원시동부차고지 - 수원시도시안전통합센터,2024-05-08,수,17,17
01,수원시동부차고지 - 수원시도시안전통합센터,2024-05-08,수,18,9
01,수원시동부차고지 - 수원시도시안전통합센터,2024-05-08,수,19,14
01,수원시동부차고지 - 수원시도시안전통합센터,2024-05-08,수,20,7
01,수원시동부차고지 - 수원시도시안전통합센터,2024-05-08,수,21,17
01,수원시동부차고지 - 수원시도시안전통합센터,2024-05-08,수,22,18
01,수원시동부차고지 - 수원시도시안전통합센터,2024-05-08,수,23,2
01,수원시동부차고지 - 수원시도시안전통합센터,2024-05-09,목,6,11
01,수원시동부차고지 - 수원시도시안전통합센터,2024-05-09,목,7,27
01,수원시동부차고지 - 수원시도시안전통합센터,2024-05-09,목,8,11
01,수원시동부차고지 - 수원시도시안전통합센터,2024-05-09,목,9,18
01,수원시동부차고지 - 수원시도시안전통합센터,2024-05-09,목,10,14
01,수원시동부차고지 - 수원시도시안전통합센터,2024-05-09,목,11,12
01,수원시동부차고지 - 수원시도시안전통합센터,2024-05-09,목,12,9
01,수원시동부차고지 - 수원시도시안전통합센터,2024-05-09,목,13,15
01,수원시동부차고지 - 수원시도시안전통합센터,2024-05-09,목,14,8
01,수원시동부차고지 - 수원시도시안전통합센터,2024-05-09,목,15,12
01,수원시동부차고지 - 수원시도시안전통합센터,2024-05-09,목,16,21
01,수원시동부차고지 - 수원시도시안전통합센터,2024-05-09,목,17,6
01,수원시동부차고지 - 수원시도시안전통합센터,2024-05-09,목,18,7
01,수원시동부차고지 - 수원시도시안전통합센터,2024-05-09,목,19,13
01,수원시동부차고지 - 수원시도시안전통합센터,2024-05-09,목,20,12
01,수원시동부차고지 - 수원시도시안전통합센터,2024-05-09,목,21,17
01,수원시동부차고지 - 수원시도시안전통합센터,2024-05-09,목,22,20
01,수원시동부차고지 - 수원시도시안전통합센터,2024-05-09,목,23,1
01,수원시동부차고지 - 수원시도시안전통합센터,2024-05-10,금,6,8
01,수원시동부차고지 - 수원시도시안전통합센터,2024-05-10,금,7,22
01,수원시동부차고지 - 수원시도시안전통합센터,2024-05-10,금,8,10
01,수원시동부차고지 - 수원시도시안전통합센터,2024-05-10,금,9,19
01,수원시동부차고지 - 수원시도시안전통합센터,2024-05-10,금,10,10
01,수원시동부차고지 - 수원시도시안전통합센터,2024-05-10,금,11,7
01,수원시동부차고지 - 수원시도시안전통합센터,2024-05-10,금,12,11
01,수원시동부차고지 - 수원시도시안전통합센터,2024-05-10,금,13,7
01,수원시동부차고지 - 수원시도시안전통합센터,2024-05-10,금,14,6
01,수원시동부차고지 - 수원시도시안전통합센터,2024-05-10,금,15,12
01,수원시동부차고지 - 수원시도시안전통합센터,2024-05-10,금,16,17
01,수원시동부차고지 - 수원시도시안전통합센터,2024-05-10,금,17,9
01,수원시동부차고지 - 수원시도시안전통합센터,2024-05-10,금,18,7
01,수원시동부차고지 - 수원시도시안전통합센터,2024-05-10,금,19,17
01,수원시동부차고지 - 수원시도시안전통합센터,2024-05-10,금,20,11
01,수원시동부차고지 - 수원시도시안전통합센터,2024-05-10,금,21,13
01,수원시동부차고지 - 수원시도시안전통합센터,2024-05-10,금,22,21
01,수원시동부차고지 - 수원시도시안전통합센터,2024-05-10,금,23,4
01,수원시동부차고지 - 수원시도시안전통합센터,2024-05-11,토,6,3
01,수원시동부차고지 - 수원시도시안전통합센터,2024-05-11,토,7,6
01,수원시동부차고지 - 수원시도시안전통합센터,2024-05-11,토,8,8
01,수원시동부차고지 - 수원시도시안전통합센터,2024-05-11,토,9,14
01,수원시동부차고지 - 수원시도시안전통합센터,2024-05-11,토,10,12
01,수원시동부차고지 - 수원시도시안전통합센터,2024-05-11,토,11,8
01,수원시동부차고지 - 수원시도시안전통합센터,2024-05-11,토,12,9
01,수원시동부차고지 - 수원시도시안전통합센터,2024-05-11,토,13,16
01,수원시동부차고지 - 수원시도시안전통합센터,2024-05-11,토,14,12
01,수원시동부차고지 - 수원시도시안전통합센터,2024-05-11,토,15,20
01,수원시동부차고지 - 수원시도시안전통합센터,2024-05-11,토,16,19
01,수원시동부차고지 - 수원시도시안전통합센터,2024-05-11,토,17,15
01,수원시동부차고지 - 수원시도시안전통합센터,2024-05-11,토,18,22
01,수원시동부차고지 - 수원시도시안전통합센터,2024-05-11,토,19,14
01,수원시동부차고지 - 수원시도시안전통합센터,2024-05-11,토,20,6
01,수원시동부차고지 - 수원시도시안전통합센터,2024-05-11,토,21,21
01,수원시동부차고지 - 수원시도시안전통합센터,2024-05-11,토,22,14
01,수원시동부차고지 - 수원시도시안전통합센터,2024-05-11,토,23,3
01,수원시동부차고지 - 수원시도시안전통합센터,2024-05-12,일,6,5
01,수원시동부차고지 - 수원시도시안전통합센터,2024-05-12,일,7,4
01,수원시동부차고지 - 수원시도시안전통합센터,2024-05-12,일,8,8
01,수원시동부차고지 - 수원시도시안전통합센터,2024-05-12,일,9,10
01,수원시동부차고지 - 수원시도시안전통합센터,2024-05-12,일,10,13
01,수원시동부차고지 - 수원시도시안전통합센터,2024-05-12,일,11,8
01,수원시동부차고지 - 수원시도시안전통합센터,2024-05-12,일,12,5
01,수원시동부차고지 - 수원시도시안전통합센터,2024-05-12,일,13,21
01,수원시동부차고지 - 수원시도시안전통합센터,2024-05-12,일,14,5
01,수원시동부차고지 - 수원시도시안전통합센터,2024-05-12,일,15,29
01,수원시동부차고지 - 수원시도시안전통합센터,2024-05-12,일,16,14
01,수원시동부차고지 - 수원시도시안전통합센터,2024-05-12,일,17,12
01,수원시동부차고지 - 수원시도시안전통합센터,2024-05-12,일,18,8
01,수원시동부차고지 - 수원시도시안전통합센터,2024-05-12,일,19,6
01,수원시동부차고지 - 수원시도시안전통합센터,2024-05-12,일,20,8
01,수원시동부차고지 - 수원시도시안전통합센터,2024-05-12,일,21,13
01,수원시동부차고지 - 수원시도시안전통합센터,2024-05-12,일,22,11
01,수원시동부차고지 - 수원시도시안전통합센터,2024-05-12,일,23,1
01,수원시동부차고지 - 수원시도시안전통합센터,2024-05-13,월,6,16
01,수원시동부차고지 - 수원시도시안전통합센터,2024-05-13,월,7,32
01,수원시동부차고지 - 수원시도시안전통합센터,2024-05-13,월,8,8
01,수원시동부차고지 - 수원시도시안전통합센터,2024-05-13,월,9,12
01,수원시동부차고지 - 수원시도시안전통합센터,2024-05-13,월,10,7
01,수원시동부차고지 - 수원시도시안전통합센터,2024-05-13,월,11,6
01,수원시동부차고지 - 수원시도시안전통합센터,2024-05-13,월,12,5
01,수원시동부차고지 - 수원시도시안전통합센터,2024-05-13,월,13,16
01,수원시동부차고지 - 수원시도시안전통합센터,2024-05-13,월,14,5
01,수원시동부차고지 - 수원시도시안전통합센터,2024-05-13,월,15,6
01,수원시동부차고지 - 수원시도시안전통합센터,2024-05-13,월,16,12
01,수원시동부차고지 - 수원시도시안전통합센터,2024-05-13,월,17,11
01,수원시동부차고지 - 수원시도시안전통합센터,2024-05-13,월,18,5
01,수원시동부차고지 - 수원시도시안전통합센터,2024-05-13,월,19,17
01,수원시동부차고지 - 수원시도시안전통합센터,2024-05-13,월,20,14
01,수원시동부차고지 - 수원시도시안전통합센터,2024-05-13,월,21,9
01,수원시동부차고지 - 수원시도시안전통합센터,2024-05-13,월,22,13
01,수원시동부차고지 - 수원시도시안전통합센터,2024-05-13,월,23,0
01,수원시동부차고지 - 수원시도시안전통합센터,2024-05-14,화,6,16
01,수원시동부차고지 - 수원시도시안전통합센터,2024-05-14,화,7,31
01,수원시동부차고지 - 수원시도시안전통합센터,2024-05-14,화,8,10
01,수원시동부차고지 - 수원시도시안전통합센터,2024-05-14,화,9,15
01,수원시동부차고지 - 수원시도시안전통합센터,2024-05-14,화,10,15
01,수원시동부차고지 - 수원시도시안전통합센터,2024-05-14,화,11,9
01,수원시동부차고지 - 수원시도시안전통합센터,2024-05-14,화,12,8
01,수원시동부차고지 - 수원시도시안전통합센터,2024-05-14,화,13,15
01,수원시동부차고지 - 수원시도시안전통합센터,2024-05-14,화,14,5
01,수원시동부차고지 - 수원시도시안전통합센터,2024-05-14,화,15,9
01,수원시동부차고지 - 수원시도시안전통합센터,2024-05-14,화,16,18
01,수원시동부차고지 - 수원시도시안전통합센터,2024-05-14,화,17,13
01,수원시동부차고지 - 수원시도시안전통합센터,2024-05-14,화,18,22
01,수원시동부차고지 - 수원시도시안전통합센터,2024-05-14,화,19,20
01,수원시동부차고지 - 수원시도시안전통합센터,2024-05-14,화,20,13
01,수원시동부차고지 - 수원시도시안전통합센터,2024-05-14,화,21,21
01,수원시동부차고지 - 수원시도시안전통합센터,2024-05-14,화,22,25
01,수원시동부차고지 - 수원시도시안전통합센터,2024-05-14,화,23,6
01,수원시동부차고지 - 수원시도시안전통합센터,2024-09-01,일,6,4
01,수원시동부차고지 - 수원시도시안전통합센터,2024-09-01,일,7,6
01,수원시동부차고지 - 수원시도시안전통합센터,2024-09-01,일,8,6
01,수원시동부차고지 - 수원시도시안전통합센터,2024-09-01,일,9,13
01,수원시동부차고지 - 수원시도시안전통합센터,2024-09-01,일,10,23
01,수원시동부차고지 - 수원시도시안전통합센터,2024-09-01,일,11,6
01,수원시동부차고지 - 수원시도시안전통합센터,2024-09-01,일,12,11
01,수원시동부차고지 - 수원시도시안전통합센터,2024-09-01,일,13,18
01,수원시동부차고지 - 수원시도시안전통합센터,2024-09-01,일,14,18
01,수원시동부차고지 - 수원시도시안전통합센터,2024-09-01,일,15,12
01,수원시동부차고지 - 수원시도시안전통합센터,2024-09-01,일,16,20
01,수원시동부차고지 - 수원시도시안전통합센터,2024-09-01,일,17,17
01,수원시동부차고지 - 수원시도시안전통합센터,2024-09-01,일,18,21
01,수원시동부차고지 - 수원시도시안전통합센터,2024-09-01,일,19,18
01,수원시동부차고지 - 수원시도시안전통합센터,2024-09-01,일,20,8
01,수원시동부차고지 - 수원시도시안전통합센터,2024-09-01,일,21,12
01,수원시동부차고지 - 수원시도시안전통합센터,2024-09-01,일,22,15
01,수원시동부차고지 - 수원시도시안전통합센터,2024-09-01,일,23,7
01,수원시동부차고지 - 수원시도시안전통합센터,2024-09-02,월,6,18
01,수원시동부차고지 - 수원시도시안전통합센터,2024-09-02,월,7,37
01,수원시동부차고지 - 수원시도시안전통합센터,2024-09-02,월,8,25
01,수원시동부차고지 - 수원시도시안전통합센터,2024-09-02,월,9,19
01,수원시동부차고지 - 수원시도시안전통합센터,2024-09-02,월,10,13
01,수원시동부차고지 - 수원시도시안전통합센터,2024-09-02,월,11,13
01,수원시동부차고지 - 수원시도시안전통합센터,2024-09-02,월,12,9
01,수원시동부차고지 - 수원시도시안전통합센터,2024-09-02,월,13,17
01,수원시동부차고지 - 수원시도시안전통합센터,2024-09-02,월,14,7
01,수원시동부차고지 - 수원시도시안전통합센터,2024-09-02,월,15,12
01,수원시동부차고지 - 수원시도시안전통합센터,2024-09-02,월,16,22
01,수원시동부차고지 - 수원시도시안전통합센터,2024-09-02,월,17,12
01,수원시동부차고지 - 수원시도시안전통합센터,2024-09-02,월,18,12
01,수원시동부차고지 - 수원시도시안전통합센터,2024-09-02,월,19,13
01,수원시동부차고지 - 수원시도시안전통합센터,2024-09-02,월,20,19
01,수원시동부차고지 - 수원시도시안전통합센터,2024-09-02,월,21,22
01,수원시동부차고지 - 수원시도시안전통합센터,2024-09-02,월,22,19
01,수원시동부차고지 - 수원시도시안전통합센터,2024-09-02,월,23,3
01,수원시동부차고지 - 수원시도시안전통합센터,2024-09-03,화,6,15
01,수원시동부차고지 - 수원시도시안전통합센터,2024-09-03,화,7,35
01,수원시동부차고지 - 수원시도시안전통합센터,2024-09-03,화,8,13
01,수원시동부차고지 - 수원시도시안전통합센터,2024-09-03,화,9,19
01,수원시동부차고지 - 수원시도시안전통합센터,2024-09-03,화,10,10
01,수원시동부차고지 - 수원시도시안전통합센터,2024-09-03,화,11,12
01,수원시동부차고지 - 수원시도시안전통합센터,2024-09-03,화,12,10
01,수원시동부차고지 - 수원시도시안전통합센터,2024-09-03,화,13,15
01,수원시동부차고지 - 수원시도시안전통합센터,2024-09-03,화,14,5
01,수원시동부차고지 - 수원시도시안전통합센터,2024-09-03,화,15,4
01,수원시동부차고지 - 수원시도시안전통합센터,2024-09-03,화,16,22
01,수원시동부차고지 - 수원시도시안전통합센터,2024-09-03,화,17,21
01,수원시동부차고지 - 수원시도시안전통합센터,2024-09-03,화,18,13
01,수원시동부차고지 - 수원시도시안전통합센터,2024-09-03,화,19,18
01,수원시동부차고지 - 수원시도시안전통합센터,2024-09-03,화,20,15
01,수원시동부차고지 - 수원시도시안전통합센터,2024-09-03,화,21,14
01,수원시동부차고지 - 수원시도시안전통합센터,2024-09-03,화,22,18
01,수원시동부차고지 - 수원시도시안전통합센터,2024-09-03,화,23,6
01,수원시동부차고지 - 수원시도시안전통합센터,2024-09-04,수,6,14
01,수원시동부차고지 - 수원시도시안전통합센터,2024-09-04,수,7,23
01,수원시동부차고지 - 수원시도시안전통합센터,2024-09-04,수,8,12
01,수원시동부차고지 - 수원시도시안전통합센터,2024-09-04,수,9,17
01,수원시동부차고지 - 수원시도시안전통합센터,2024-09-04,수,10,12
01,수원시동부차고지 - 수원시도시안전통합센터,2024-09-04,수,11,15
01,수원시동부차고지 - 수원시도시안전통합센터,2024-09-04,수,12,15
01,수원시동부차고지 - 수원시도시안전통합센터,2024-09-04,수,13,21
01,수원시동부차고지 - 수원시도시안전통합센터,2024-09-04,수,14,3
01,수원시동부차고지 - 수원시도시안전통합센터,2024-09-04,수,15,10
01,수원시동부차고지 - 수원시도시안전통합센터,2024-09-04,수,16,20
01,수원시동부차고지 - 수원시도시안전통합센터,2024-09-04,수,17,12
01,수원시동부차고지 - 수원시도시안전통합센터,2024-09-04,수,18,10
01,수원시동부차고지 - 수원시도시안전통합센터,2024-09-04,수,19,11
01,수원시동부차고지 - 수원시도시안전통합센터,2024-09-04,수,20,17
01,수원시동부차고지 - 수원시도시안전통합센터,2024-09-04,수,21,18
01,수원시동부차고지 - 수원시도시안전통합센터,2024-09-04,수,22,23
01,수원시동부차고지 - 수원시도시안전통합센터,2024-09-04,수,23,3
01,수원시동부차고지 - 수원시도시안전통합센터,2024-09-05,목,6,9
01,수원시동부차고지 - 수원시도시안전통합센터,2024-09-05,목,7,32
01,수원시동부차고지 - 수원시도시안전통합센터,2024-09-05,목,8,8
01,수원시동부차고지 - 수원시도시안전통합센터,2024-09-05,목,9,11
01,수원시동부차고지 - 수원시도시안전통합센터,2024-09-05,목,10,16
01,수원시동부차고지 - 수원시도시안전통합센터,2024-09-05,목,11,7
01,수원시동부차고지 - 수원시도시안전통합센터,2024-09-05,목,12,12
01,수원시동부차고지 - 수원시도시안전통합센터,2024-09-05,목,13,13
01,수원시동부차고지 - 수원시도시안전통합센터,2024-09-05,목,14,11
01,수원시동부차고지 - 수원시도시안전통합센터,2024-09-05,목,15,9
01,수원시동부차고지 - 수원시도시안전통합센터,2024-09-05,목,16,20
01,수원시동부차고지 - 수원시도시안전통합센터,2024-09-05,목,17,14
01,수원시동부차고지 - 수원시도시안전통합센터,2024-09-05,목,18,13
01,수원시동부차고지 - 수원시도시안전통합센터,2024-09-05,목,19,17
01,수원시동부차고지 - 수원시도시안전통합센터,2024-09-05,목,20,16
01,수원시동부차고지 - 수원시도시안전통합센터,2024-09-05,목,21,18
01,수원시동부차고지 - 수원시도시안전통합센터,2024-09-05,목,22,21
01,수원시동부차고지 - 수원시도시안전통합센터,2024-09-05,목,23,3
01,수원시동부차고지 - 수원시도시안전통합센터,2024-09-06,금,6,11
01,수원시동부차고지 - 수원시도시안전통합센터,2024-09-06,금,7,30
01,수원시동부차고지 - 수원시도시안전통합센터,2024-09-06,금,8,12
01,수원시동부차고지 - 수원시도시안전통합센터,2024-09-06,금,9,17
01,수원시동부차고지 - 수원시도시안전통합센터,2024-09-06,금,10,20
01,수원시동부차고지 - 수원시도시안전통합센터,2024-09-06,금,11,13
01,수원시동부차고지 - 수원시도시안전통합센터,2024-09-06,금,12,14
01,수원시동부차고지 - 수원시도시안전통합센터,2024-09-06,금,13,24
01,수원시동부차고지 - 수원시도시안전통합센터,2024-09-06,금,14,9
01,수원시동부차고지 - 수원시도시안전통합센터,2024-09-06,금,15,14
01,수원시동부차고지 - 수원시도시안전통합센터,2024-09-06,금,16,18
01,수원시동부차고지 - 수원시도시안전통합센터,2024-09-06,금,17,17
01,수원시동부차고지 - 수원시도시안전통합센터,2024-09-06,금,18,7
01,수원시동부차고지 - 수원시도시안전통합센터,2024-09-06,금,19,12
01,수원시동부차고지 - 수원시도시안전통합센터,2024-09-06,금,20,13
01,수원시동부차고지 - 수원시도시안전통합센터,2024-09-06,금,21,16
01,수원시동부차고지 - 수원시도시안전통합센터,2024-09-06,금,22,20
01,수원시동부차고지 - 수원시도시안전통합센터,2024-09-06,금,23,2
01,수원시동부차고지 - 수원시도시안전통합센터,2024-09-07,토,6,1
01,수원시동부차고지 - 수원시도시안전통합센터,2024-09-07,토,7,11
01,수원시동부차고지 - 수원시도시안전통합센터,2024-09-07,토,8,19
01,수원시동부차고지 - 수원시도시안전통합센터,2024-09-07,토,9,15
01,수원시동부차고지 - 수원시도시안전통합센터,2024-09-07,토,10,17
01,수원시동부차고지 - 수원시도시안전통합센터,2024-09-07,토,11,14
01,수원시동부차고지 - 수원시도시안전통합센터,2024-09-07,토,12,13
01,수원시동부차고지 - 수원시도시안전통합센터,2024-09-07,토,13,18
01,수원시동부차고지 - 수원시도시안전통합센터,2024-09-07,토,14,14
01,수원시동부차고지 - 수원시도시안전통합센터,2024-09-07,토,15,15
01,수원시동부차고지 - 수원시도시안전통합센터,2024-09-07,토,16,23
01,수원시동부차고지 - 수원시도시안전통합센터,2024-09-07,토,17,22
01,수원시동부차고지 - 수원시도시안전통합센터,2024-09-07,토,18,20
01,수원시동부차고지 - 수원시도시안전통합센터,2024-09-07,토,19,12
01,수원시동부차고지 - 수원시도시안전통합센터,2024-09-07,토,20,22
01,수원시동부차고지 - 수원시도시안전통합센터,2024-09-07,토,21,18
01,수원시동부차고지 - 수원시도시안전통합센터,2024-09-07,토,22,22
01,수원시동부차고지 - 수원시도시안전통합센터,2024-09-07,토,23,3
01,수원시동부차고지 - 수원시도시안전통합센터,2024-09-08,일,6,5
01,수원시동부차고지 - 수원시도시안전통합센터,2024-09-08,일,7,8
01,수원시동부차고지 - 수원시도시안전통합센터,2024-09-08,일,8,5
01,수원시동부차고지 - 수원시도시안전통합센터,2024-09-08,일,9,22
01,수원시동부차고지 - 수원시도시안전통합센터,2024-09-08,일,10,15
01,수원시동부차고지 - 수원시도시안전통합센터,2024-09-08,일,11,5
01,수원시동부차고지 - 수원시도시안전통합센터,2024-09-08,일,12,15
01,수원시동부차고지 - 수원시도시안전통합센터,2024-09-08,일,13,21
01,수원시동부차고지 - 수원시도시안전통합센터,2024-09-08,일,14,10
01,수원시동부차고지 - 수원시도시안전통합센터,2024-09-08,일,15,16
01,수원시동부차고지 - 수원시도시안전통합센터,2024-09-08,일,16,10
01,수원시동부차고지 - 수원시도시안전통합센터,2024-09-08,일,17,16
01,수원시동부차고지 - 수원시도시안전통합센터,2024-09-08,일,18,9
01,수원시동부차고지 - 수원시도시안전통합센터,2024-09-08,일,19,13
01,수원시동부차고지 - 수원시도시안전통합센터,2024-09-08,일,20,11
01,수원시동부차고지 - 수원시도시안전통합센터,2024-09-08,일,21,18
01,수원시동부차고지 - 수원시도시안전통합센터,2024-09-08,일,22,15
01,수원시동부차고지 - 수원시도시안전통합센터,2024-09-08,일,23,5
01,수원시동부차고지 - 수원시도시안전통합센터,2024-09-09,월,6,15
01,수원시동부차고지 - 수원시도시안전통합센터,2024-09-09,월,7,33
01,수원시동부차고지 - 수원시도시안전통합센터,2024-09-09,월,8,14
01,수원시동부차고지 - 수원시도시안전통합센터,2024-09-09,월,9,22
01,수원시동부차고지 - 수원시도시안전통합센터,2024-09-09,월,10,16
01,수원시동부차고지 - 수원시도시안전통합센터,2024-09-09,월,11,9
01,수원시동부차고지 - 수원시도시안전통합센터,2024-09-09,월,12,21
01,수원시동부차고지 - 수원시도시안전통합센터,2024-09-09,월,13,11
01,수원시동부차고지 - 수원시도시안전통합센터,2024-09-09,월,14,8
01,수원시동부차고지 - 수원시도시안전통합센터,2024-09-09,월,15,13
01,수원시동부차고지 - 수원시도시안전통합센터,2024-09-09,월,16,23
01,수원시동부차고지 - 수원시도시안전통합센터,2024-09-09,월,17,14
01,수원시동부차고지 - 수원시도시안전통합센터,2024-09-09,월,18,5
01,수원시동부차고지 - 수원시도시안전통합센터,2024-09-09,월,19,14
01,수원시동부차고지 - 수원시도시안전통합센터,2024-09-09,월,20,15
01,수원시동부차고지 - 수원시도시안전통합센터,2024-09-09,월,21,18
01,수원시동부차고지 - 수원시도시안전통합센터,2024-09-09,월,22,21
01,수원시동부차고지 - 수원시도시안전통합센터,2024-09-09,월,23,2
01,수원시동부차고지 - 수원시도시안전통합센터,2024-09-10,화,6,10
01,수원시동부차고지 - 수원시도시안전통합센터,2024-09-10,화,7,39
01,수원시동부차고지 - 수원시도시안전통합센터,2024-09-10,화,8,26
01,수원시동부차고지 - 수원시도시안전통합센터,2024-09-10,화,9,14
01,수원시동부차고지 - 수원시도시안전통합센터,2024-09-10,화,10,10
01,수원시동부차고지 - 수원시도시안전통합센터,2024-09-10,화,11,12
01,수원시동부차고지 - 수원시도시안전통합센터,2024-09-10,화,12,9
01,수원시동부차고지 - 수원시도시안전통합센터,2024-09-10,화,13,25
01,수원시동부차고지 - 수원시도시안전통합센터,2024-09-10,화,14,5
01,수원시동부차고지 - 수원시도시안전통합센터,2024-09-10,화,15,12
01,수원시동부차고지 - 수원시도시안전통합센터,2024-09-10,화,16,23
01,수원시동부차고지 - 수원시도시안전통합센터,2024-09-10,화,17,8
01,수원시동부차고지 - 수원시도시안전통합센터,2024-09-10,화,18,14
01,수원시동부차고지 - 수원시도시안전통합센터,2024-09-10,화,19,21
01,수원시동부차고지 - 수원시도시안전통합센터,2024-09-10,화,20,16
01,수원시동부차고지 - 수원시도시안전통합센터,2024-09-10,화,21,23
01,수원시동부차고지 - 수원시도시안전통합센터,2024-09-10,화,22,26
01,수원시동부차고지 - 수원시도시안전통합센터,2024-09-10,화,23,3
01,수원시동부차고지 - 수원시도시안전통합센터,2024-09-11,수,6,12
01,수원시동부차고지 - 수원시도시안전통합센터,2024-09-11,수,7,31
01,수원시동부차고지 - 수원시도시안전통합센터,2024-09-11,수,8,18
01,수원시동부차고지 - 수원시도시안전통합센터,2024-09-11,수,9,19
01,수원시동부차고지 - 수원시도시안전통합센터,2024-09-11,수,10,16
01,수원시동부차고지 - 수원시도시안전통합센터,2024-09-11,수,11,12
01,수원시동부차고지 - 수원시도시안전통합센터,2024-09-11,수,12,9
01,수원시동부차고지 - 수원시도시안전통합센터,2024-09-11,수,13,17
01,수원시동부차고지 - 수원시도시안전통합센터,2024-09-11,수,14,7
01,수원시동부차고지 - 수원시도시안전통합센터,2024-09-11,수,15,12
01,수원시동부차고지 - 수원시도시안전통합센터,2024-09-11,수,16,22
01,수원시동부차고지 - 수원시도시안전통합센터,2024-09-11,수,17,6
01,수원시동부차고지 - 수원시도시안전통합센터,2024-09-11,수,18,12
01,수원시동부차고지 - 수원시도시안전통합센터,2024-09-11,수,19,17
01,수원시동부차고지 - 수원시도시안전통합센터,2024-09-11,수,20,12
01,수원시동부차고지 - 수원시도시안전통합센터,2024-09-11,수,21,27
01,수원시동부차고지 - 수원시도시안전통합센터,2024-09-11,수,22,25
01,수원시동부차고지 - 수원시도시안전통합센터,2024-09-11,수,23,2
01,수원시동부차고지 - 수원시도시안전통합센터,2024-09-12,목,6,11
01,수원시동부차고지 - 수원시도시안전통합센터,2024-09-12,목,7,33
01,수원시동부차고지 - 수원시도시안전통합센터,2024-09-12,목,8,10
01,수원시동부차고지 - 수원시도시안전통합센터,2024-09-12,목,9,14
01,수원시동부차고지 - 수원시도시안전통합센터,2024-09-12,목,10,13
01,수원시동부차고지 - 수원시도시안전통합센터,2024-09-12,목,11,16
01,수원시동부차고지 - 수원시도시안전통합센터,2024-09-12,목,12,9
01,수원시동부차고지 - 수원시도시안전통합센터,2024-09-12,목,13,17
01,수원시동부차고지 - 수원시도시안전통합센터,2024-09-12,목,14,12
01,수원시동부차고지 - 수원시도시안전통합센터,2024-09-12,목,15,11
01,수원시동부차고지 - 수원시도시안전통합센터,2024-09-12,목,16,19
01,수원시동부차고지 - 수원시도시안전통합센터,2024-09-12,목,17,10
01,수원시동부차고지 - 수원시도시안전통합센터,2024-09-12,목,18,13
01,수원시동부차고지 - 수원시도시안전통합센터,2024-09-12,목,19,22
01,수원시동부차고지 - 수원시도시안전통합센터,2024-09-12,목,20,20
01,수원시동부차고지 - 수원시도시안전통합센터,2024-09-12,목,21,22
01,수원시동부차고지 - 수원시도시안전통합센터,2024-09-12,목,22,21
01,수원시동부차고지 - 수원시도시안전통합센터,2024-09-12,목,23,5
01,수원시동부차고지 - 수원시도시안전통합센터,2024-09-13,금,6,10
01,수원시동부차고지 - 수원시도시안전통합센터,2024-09-13,금,7,28
01,수원시동부차고지 - 수원시도시안전통합센터,2024-09-13,금,8,10
01,수원시동부차고지 - 수원시도시안전통합센터,2024-09-13,금,9,9
01,수원시동부차고지 - 수원시도시안전통합센터,2024-09-13,금,10,19
01,수원시동부차고지 - 수원시도시안전통합센터,2024-09-13,금,11,10
01,수원시동부차고지 - 수원시도시안전통합센터,2024-09-13,금,12,15
01,수원시동부차고지 - 수원시도시안전통합센터,2024-09-13,금,13,19
01,수원시동부차고지 - 수원시도시안전통합센터,2024-09-13,금,14,12
01,수원시동부차고지 - 수원시도시안전통합센터,2024-09-13,금,15,22
01,수원시동부차고지 - 수원시도시안전통합센터,2024-09-13,금,16,15
01,수원시동부차고지 - 수원시도시안전통합센터,2024-09-13,금,17,19
01,수원시동부차고지 - 수원시도시안전통합센터,2024-09-13,금,18,10
01,수원시동부차고지 - 수원시도시안전통합센터,2024-09-13,금,19,12
01,수원시동부차고지 - 수원시도시안전통합센터,2024-09-13,금,20,11
01,수원시동부차고지 - 수원시도시안전통합센터,2024-09-13,금,21,17
01,수원시동부차고지 - 수원시도시안전통합센터,2024-09-13,금,22,17
01,수원시동부차고지 - 수원시도시안전통합센터,2024-09-13,금,23,5
01,수원시동부차고지 - 수원시도시안전통합센터,2024-11-01,금,6,8
01,수원시동부차고지 - 수원시도시안전통합센터,2024-11-01,금,7,33
01,수원시동부차고지 - 수원시도시안전통합센터,2024-11-01,금,8,18
01,수원시동부차고지 - 수원시도시안전통합센터,2024-11-01,금,9,19
01,수원시동부차고지 - 수원시도시안전통합센터,2024-11-01,금,10,11
01,수원시동부차고지 - 수원시도시안전통합센터,2024-11-01,금,11,9
01,수원시동부차고지 - 수원시도시안전통합센터,2024-11-01,금,12,10
01,수원시동부차고지 - 수원시도시안전통합센터,2024-11-01,금,13,16
01,수원시동부차고지 - 수원시도시안전통합센터,2024-11-01,금,14,7
01,수원시동부차고지 - 수원시도시안전통합센터,2024-11-01,금,15,11
01,수원시동부차고지 - 수원시도시안전통합센터,2024-11-01,금,16,24
01,수원시동부차고지 - 수원시도시안전통합센터,2024-11-01,금,17,11
01,수원시동부차고지 - 수원시도시안전통합센터,2024-11-01,금,18,15
01,수원시동부차고지 - 수원시도시안전통합센터,2024-11-01,금,19,22
01,수원시동부차고지 - 수원시도시안전통합센터,2024-11-01,금,20,26
01,수원시동부차고지 - 수원시도시안전통합센터,2024-11-01,금,21,8
01,수원시동부차고지 - 수원시도시안전통합센터,2024-11-01,금,22,26
01,수원시동부차고지 - 수원시도시안전통합센터,2024-11-01,금,23,5
01,수원시동부차고지 - 수원시도시안전통합센터,2024-11-02,토,6,3
01,수원시동부차고지 - 수원시도시안전통합센터,2024-11-02,토,7,10
01,수원시동부차고지 - 수원시도시안전통합센터,2024-11-02,토,8,16
01,수원시동부차고지 - 수원시도시안전통합센터,2024-11-02,토,9,21
01,수원시동부차고지 - 수원시도시안전통합센터,2024-11-02,토,10,18
01,수원시동부차고지 - 수원시도시안전통합센터,2024-11-02,토,11,12
01,수원시동부차고지 - 수원시도시안전통합센터,2024-11-02,토,12,20
01,수원시동부차고지 - 수원시도시안전통합센터,2024-11-02,토,13,20
01,수원시동부차고지 - 수원시도시안전통합센터,2024-11-02,토,14,9
01,수원시동부차고지 - 수원시도시안전통합센터,2024-11-02,토,15,15
01,수원시동부차고지 - 수원시도시안전통합센터,2024-11-02,토,16,23
01,수원시동부차고지 - 수원시도시안전통합센터,2024-11-02,토,17,15
01,수원시동부차고지 - 수원시도시안전통합센터,2024-11-02,토,18,13
01,수원시동부차고지 - 수원시도시안전통합센터,2024-11-02,토,19,14
01,수원시동부차고지 - 수원시도시안전통합센터,2024-11-02,토,20,20
01,수원시동부차고지 - 수원시도시안전통합센터,2024-11-02,토,21,15
01,수원시동부차고지 - 수원시도시안전통합센터,2024-11-02,토,22,20
01,수원시동부차고지 - 수원시도시안전통합센터,2024-11-02,토,23,6
01,수원시동부차고지 - 수원시도시안전통합센터,2024-11-03,일,6,3
01,수원시동부차고지 - 수원시도시안전통합센터,2024-11-03,일,7,14
01,수원시동부차고지 - 수원시도시안전통합센터,2024-11-03,일,8,8
01,수원시동부차고지 - 수원시도시안전통합센터,2024-11-03,일,9,16
01,수원시동부차고지 - 수원시도시안전통합센터,2024-11-03,일,10,6
01,수원시동부차고지 - 수원시도시안전통합센터,2024-11-03,일,11,15
01,수원시동부차고지 - 수원시도시안전통합센터,2024-11-03,일,12,13
01,수원시동부차고지 - 수원시도시안전통합센터,2024-11-03,일,13,13
01,수원시동부차고지 - 수원시도시안전통합센터,2024-11-03,일,14,8
01,수원시동부차고지 - 수원시도시안전통합센터,2024-11-03,일,15,13
01,수원시동부차고지 - 수원시도시안전통합센터,2024-11-03,일,16,23
01,수원시동부차고지 - 수원시도시안전통합센터,2024-11-03,일,17,18
01,수원시동부차고지 - 수원시도시안전통합센터,2024-11-03,일,18,11
01,수원시동부차고지 - 수원시도시안전통합센터,2024-11-03,일,19,15
01,수원시동부차고지 - 수원시도시안전통합센터,2024-11-03,일,20,14
01,수원시동부차고지 - 수원시도시안전통합센터,2024-11-03,일,21,18
01,수원시동부차고지 - 수원시도시안전통합센터,2024-11-03,일,22,16
01,수원시동부차고지 - 수원시도시안전통합센터,2024-11-03,일,23,2
01,수원시동부차고지 - 수원시도시안전통합센터,2024-11-04,월,6,10
01,수원시동부차고지 - 수원시도시안전통합센터,2024-11-04,월,7,33
01,수원시동부차고지 - 수원시도시안전통합센터,2024-11-04,월,8,17
01,수원시동부차고지 - 수원시도시안전통합센터,2024-11-04,월,9,20
01,수원시동부차고지 - 수원시도시안전통합센터,2024-11-04,월,10,7
01,수원시동부차고지 - 수원시도시안전통합센터,2024-11-04,월,11,11
01,수원시동부차고지 - 수원시도시안전통합센터,2024-11-04,월,12,10
01,수원시동부차고지 - 수원시도시안전통합센터,2024-11-04,월,13,18
01,수원시동부차고지 - 수원시도시안전통합센터,2024-11-04,월,14,8
01,수원시동부차고지 - 수원시도시안전통합센터,2024-11-04,월,15,6
01,수원시동부차고지 - 수원시도시안전통합센터,2024-11-04,월,16,22
01,수원시동부차고지 - 수원시도시안전통합센터,2024-11-04,월,17,15
01,수원시동부차고지 - 수원시도시안전통합센터,2024-11-04,월,18,6
01,수원시동부차고지 - 수원시도시안전통합센터,2024-11-04,월,19,20
01,수원시동부차고지 - 수원시도시안전통합센터,2024-11-04,월,20,18
01,수원시동부차고지 - 수원시도시안전통합센터,2024-11-04,월,21,13
01,수원시동부차고지 - 수원시도시안전통합센터,2024-11-04,월,22,21
01,수원시동부차고지 - 수원시도시안전통합센터,2024-11-04,월,23,1
01,수원시동부차고지 - 수원시도시안전통합센터,2024-11-05,화,6,14
01,수원시동부차고지 - 수원시도시안전통합센터,2024-11-05,화,7,29
01,수원시동부차고지 - 수원시도시안전통합센터,2024-11-05,화,8,13
01,수원시동부차고지 - 수원시도시안전통합센터,2024-11-05,화,9,18
01,수원시동부차고지 - 수원시도시안전통합센터,2024-11-05,화,10,14
01,수원시동부차고지 - 수원시도시안전통합센터,2024-11-05,화,11,10
01,수원시동부차고지 - 수원시도시안전통합센터,2024-11-05,화,12,7
01,수원시동부차고지 - 수원시도시안전통합센터,2024-11-05,화,13,19
01,수원시동부차고지 - 수원시도시안전통합센터,2024-11-05,화,14,11
01,수원시동부차고지 - 수원시도시안전통합센터,2024-11-05,화,15,9
01,수원시동부차고지 - 수원시도시안전통합센터,2024-11-05,화,16,12
01,수원시동부차고지 - 수원시도시안전통합센터,2024-11-05,화,17,23
01,수원시동부차고지 - 수원시도시안전통합센터,2024-11-05,화,18,10
01,수원시동부차고지 - 수원시도시안전통합센터,2024-11-05,화,19,15
01,수원시동부차고지 - 수원시도시안전통합센터,2024-11-05,화,20,20
01,수원시동부차고지 - 수원시도시안전통합센터,2024-11-05,화,21,15
01,수원시동부차고지 - 수원시도시안전통합센터,2024-11-05,화,22,18
01,수원시동부차고지 - 수원시도시안전통합센터,2024-11-05,화,23,6
01,수원시동부차고지 - 수원시도시안전통합센터,2024-11-06,수,6,10
01,수원시동부차고지 - 수원시도시안전통합센터,2024-11-06,수,7,33
01,수원시동부차고지 - 수원시도시안전통합센터,2024-11-06,수,8,18
01,수원시동부차고지 - 수원시도시안전통합센터,2024-11-06,수,9,18
01,수원시동부차고지 - 수원시도시안전통합센터,2024-11-06,수,10,15
01,수원시동부차고지 - 수원시도시안전통합센터,2024-11-06,수,11,13
01,수원시동부차고지 - 수원시도시안전통합센터,2024-11-06,수,12,17
01,수원시동부차고지 - 수원시도시안전통합센터,2024-11-06,수,13,18
01,수원시동부차고지 - 수원시도시안전통합센터,2024-11-06,수,14,11
01,수원시동부차고지 - 수원시도시안전통합센터,2024-11-06,수,15,10
01,수원시동부차고지 - 수원시도시안전통합센터,2024-11-06,수,16,33
01,수원시동부차고지 - 수원시도시안전통합센터,2024-11-06,수,17,6
01,수원시동부차고지 - 수원시도시안전통합센터,2024-11-06,수,18,4
01,수원시동부차고지 - 수원시도시안전통합센터,2024-11-06,수,19,17
01,수원시동부차고지 - 수원시도시안전통합센터,2024-11-06,수,20,14
01,수원시동부차고지 - 수원시도시안전통합센터,2024-11-06,수,21,14
01,수원시동부차고지 - 수원시도시안전통합센터,2024-11-06,수,22,28
01,수원시동부차고지 - 수원시도시안전통합센터,2024-11-06,수,23,3
01,수원시동부차고지 - 수원시도시안전통합센터,2024-11-07,목,6,8
01,수원시동부차고지 - 수원시도시안전통합센터,2024-11-07,목,7,36
01,수원시동부차고지 - 수원시도시안전통합센터,2024-11-07,목,8,12
01,수원시동부차고지 - 수원시도시안전통합센터,2024-11-07,목,9,16
01,수원시동부차고지 - 수원시도시안전통합센터,2024-11-07,목,10,12
01,수원시동부차고지 - 수원시도시안전통합센터,2024-11-07,목,11,12
01,수원시동부차고지 - 수원시도시안전통합센터,2024-11-07,목,12,14
01,수원시동부차고지 - 수원시도시안전통합센터,2024-11-07,목,13,17
01,수원시동부차고지 - 수원시도시안전통합센터,2024-11-07,목,14,16
01,수원시동부차고지 - 수원시도시안전통합센터,2024-11-07,목,15,14
01,수원시동부차고지 - 수원시도시안전통합센터,2024-11-07,목,16,23
01,수원시동부차고지 - 수원시도시안전통합센터,2024-11-07,목,17,15
01,수원시동부차고지 - 수원시도시안전통합센터,2024-11-07,목,18,13
01,수원시동부차고지 - 수원시도시안전통합센터,2024-11-07,목,19,21
01,수원시동부차고지 - 수원시도시안전통합센터,2024-11-07,목,20,15
01,수원시동부차고지 - 수원시도시안전통합센터,2024-11-07,목,21,21
01,수원시동부차고지 - 수원시도시안전통합센터,2024-11-07,목,22,19
01,수원시동부차고지 - 수원시도시안전통합센터,2024-11-07,목,23,4
01,수원시동부차고지 - 수원시도시안전통합센터,2024-11-08,금,6,9
01,수원시동부차고지 - 수원시도시안전통합센터,2024-11-08,금,7,37
01,수원시동부차고지 - 수원시도시안전통합센터,2024-11-08,금,8,14
01,수원시동부차고지 - 수원시도시안전통합센터,2024-11-08,금,9,15
01,수원시동부차고지 - 수원시도시안전통합센터,2024-11-08,금,10,7
01,수원시동부차고지 - 수원시도시안전통합센터,2024-11-08,금,11,12
01,수원시동부차고지 - 수원시도시안전통합센터,2024-11-08,금,12,12
01,수원시동부차고지 - 수원시도시안전통합센터,2024-11-08,금,13,12
01,수원시동부차고지 - 수원시도시안전통합센터,2024-11-08,금,14,9
01,수원시동부차고지 - 수원시도시안전통합센터,2024-11-08,금,15,18
01,수원시동부차고지 - 수원시도시안전통합센터,2024-11-08,금,16,23
01,수원시동부차고지 - 수원시도시안전통합센터,2024-11-08,금,17,9
01,수원시동부차고지 - 수원시도시안전통합센터,2024-11-08,금,18,7
01,수원시동부차고지 - 수원시도시안전통합센터,2024-11-08,금,19,27
01,수원시동부차고지 - 수원시도시안전통합센터,2024-11-08,금,20,23
01,수원시동부차고지 - 수원시도시안전통합센터,2024-11-08,금,21,18
01,수원시동부차고지 - 수원시도시안전통합센터,2024-11-08,금,22,23
01,수원시동부차고지 - 수원시도시안전통합센터,2024-11-08,금,23,5
01,수원시동부차고지 - 수원시도시안전통합센터,2024-11-09,토,6,1
01,수원시동부차고지 - 수원시도시안전통합센터,2024-11-09,토,7,5
01,수원시동부차고지 - 수원시도시안전통합센터,2024-11-09,토,8,16
01,수원시동부차고지 - 수원시도시안전통합센터,2024-11-09,토,9,20
01,수원시동부차고지 - 수원시도시안전통합센터,2024-11-09,토,10,15
01,수원시동부차고지 - 수원시도시안전통합센터,2024-11-09,토,11,10
01,수원시동부차고지 - 수원시도시안전통합센터,2024-11-09,토,12,19
01,수원시동부차고지 - 수원시도시안전통합센터,2024-11-09,토,13,25
01,수원시동부차고지 - 수원시도시안전통합센터,2024-11-09,토,14,9
01,수원시동부차고지 - 수원시도시안전통합센터,2024-11-09,토,15,23
01,수원시동부차고지 - 수원시도시안전통합센터,2024-11-09,토,16,25
01,수원시동부차고지 - 수원시도시안전통합센터,2024-11-09,토,17,17
01,수원시동부차고지 - 수원시도시안전통합센터,2024-11-09,토,18,14
01,수원시동부차고지 - 수원시도시안전통합센터,2024-11-09,토,19,22
01,수원시동부차고지 - 수원시도시안전통합센터,2024-11-09,토,20,18
01,수원시동부차고지 - 수원시도시안전통합센터,2024-11-09,토,21,16
01,수원시동부차고지 - 수원시도시안전통합센터,2024-11-09,토,22,12
01,수원시동부차고지 - 수원시도시안전통합센터,2024-11-09,토,23,6
01,수원시동부차고지 - 수원시도시안전통합센터,2024-11-10,일,6,5
01,수원시동부차고지 - 수원시도시안전통합센터,2024-11-10,일,7,8
01,수원시동부차고지 - 수원시도시안전통합센터,2024-11-10,일,8,7
01,수원시동부차고지 - 수원시도시안전통합센터,2024-11-10,일,9,10
01,수원시동부차고지 - 수원시도시안전통합센터,2024-11-10,일,10,10
01,수원시동부차고지 - 수원시도시안전통합센터,2024-11-10,일,11,5
01,수원시동부차고지 - 수원시도시안전통합센터,2024-11-10,일,12,15
01,수원시동부차고지 - 수원시도시안전통합센터,2024-11-10,일,13,17
01,수원시동부차고지 - 수원시도시안전통합센터,2024-11-10,일,14,11
01,수원시동부차고지 - 수원시도시안전통합센터,2024-11-10,일,15,10
01,수원시동부차고지 - 수원시도시안전통합센터,2024-11-10,일,16,21
01,수원시동부차고지 - 수원시도시안전통합센터,2024-11-10,일,17,13
01,수원시동부차고지 - 수원시도시안전통합센터,2024-11-10,일,18,11
01,수원시동부차고지 - 수원시도시안전통합센터,2024-11-10,일,19,18
01,수원시동부차고지 - 수원시도시안전통합센터,2024-11-10,일,20,13
01,수원시동부차고지 - 수원시도시안전통합센터,2024-11-10,일,21,10
01,수원시동부차고지 - 수원시도시안전통합센터,2024-11-10,일,22,17
01,수원시동부차고지 - 수원시도시안전통합센터,2024-11-10,일,23,5
01,수원시동부차고지 - 수원시도시안전통합센터,2024-11-11,월,6,14
01,수원시동부차고지 - 수원시도시안전통합센터,2024-11-11,월,7,28
01,수원시동부차고지 - 수원시도시안전통합센터,2024-11-11,월,8,15
01,수원시동부차고지 - 수원시도시안전통합센터,2024-11-11,월,9,32
01,수원시동부차고지 - 수원시도시안전통합센터,2024-11-11,월,10,18
01,수원시동부차고지 - 수원시도시안전통합센터,2024-11-11,월,11,5
01,수원시동부차고지 - 수원시도시안전통합센터,2024-11-11,월,12,7
01,수원시동부차고지 - 수원시도시안전통합센터,2024-11-11,월,13,19
01,수원시동부차고지 - 수원시도시안전통합센터,2024-11-11,월,14,8
01,수원시동부차고지 - 수원시도시안전통합센터,2024-11-11,월,15,14
01,수원시동부차고지 - 수원시도시안전통합센터,2024-11-11,월,16,17
01,수원시동부차고지 - 수원시도시안전통합센터,2024-11-11,월,17,16
01,수원시동부차고지 - 수원시도시안전통합센터,2024-11-11,월,18,6
01,수원시동부차고지 - 수원시도시안전통합센터,2024-11-11,월,19,10
01,수원시동부차고지 - 수원시도시안전통합센터,2024-11-11,월,20,20
01,수원시동부차고지 - 수원시도시안전통합센터,2024-11-11,월,21,14
01,수원시동부차고지 - 수원시도시안전통합센터,2024-11-11,월,22,18
01,수원시동부차고지 - 수원시도시안전통합센터,2024-11-11,월,23,3
01,수원시동부차고지 - 수원시도시안전통합센터,2024-11-12,화,6,13
01,수원시동부차고지 - 수원시도시안전통합센터,2024-11-12,화,7,31
01,수원시동부차고지 - 수원시도시안전통합센터,2024-11-12,화,8,15
01,수원시동부차고지 - 수원시도시안전통합센터,2024-11-12,화,9,17
01,수원시동부차고지 - 수원시도시안전통합센터,2024-11-12,화,10,18
01,수원시동부차고지 - 수원시도시안전통합센터,2024-11-12,화,11,9
01,수원시동부차고지 - 수원시도시안전통합센터,2024-11-12,화,12,11
01,수원시동부차고지 - 수원시도시안전통합센터,2024-11-12,화,13,17
01,수원시동부차고지 - 수원시도시안전통합센터,2024-11-12,화,14,10
01,수원시동부차고지 - 수원시도시안전통합센터,2024-11-12,화,15,15
01,수원시동부차고지 - 수원시도시안전통합센터,2024-11-12,화,16,22
01,수원시동부차고지 - 수원시도시안전통합센터,2024-11-12,화,17,9
01,수원시동부차고지 - 수원시도시안전통합센터,2024-11-12,화,18,14
01,수원시동부차고지 - 수원시도시안전통합센터,2024-11-12,화,19,20
01,수원시동부차고지 - 수원시도시안전통합센터,2024-11-12,화,20,16
01,수원시동부차고지 - 수원시도시안전통합센터,2024-11-12,화,21,22
01,수원시동부차고지 - 수원시도시안전통합센터,2024-11-12,화,22,25
01,수원시동부차고지 - 수원시도시안전통합센터,2024-11-12,화,23,4
01,수원시동부차고지 - 수원시도시안전통합센터,2024-11-13,수,6,19
01,수원시동부차고지 - 수원시도시안전통합센터,2024-11-13,수,7,32
01,수원시동부차고지 - 수원시도시안전통합센터,2024-11-13,수,8,13
01,수원시동부차고지 - 수원시도시안전통합센터,2024-11-13,수,9,18
01,수원시동부차고지 - 수원시도시안전통합센터,2024-11-13,수,10,18
01,수원시동부차고지 - 수원시도시안전통합센터,2024-11-13,수,11,13
01,수원시동부차고지 - 수원시도시안전통합센터,2024-11-13,수,12,19
01,수원시동부차고지 - 수원시도시안전통합센터,2024-11-13,수,13,23
01,수원시동부차고지 - 수원시도시안전통합센터,2024-11-13,수,14,5
01,수원시동부차고지 - 수원시도시안전통합센터,2024-11-13,수,15,6
01,수원시동부차고지 - 수원시도시안전통합센터,2024-11-13,수,16,19
01,수원시동부차고지 - 수원시도시안전통합센터,2024-11-13,수,17,15
01,수원시동부차고지 - 수원시도시안전통합센터,2024-11-13,수,18,9
01,수원시동부차고지 - 수원시도시안전통합센터,2024-11-13,수,19,29
01,수원시동부차고지 - 수원시도시안전통합센터,2024-11-13,수,20,9
01,수원시동부차고지 - 수원시도시안전통합센터,2024-11-13,수,21,21
01,수원시동부차고지 - 수원시도시안전통합센터,2024-11-13,수,22,15
01,수원시동부차고지 - 수원시도시안전통합센터,2024-11-13,수,23,3
01,수원시동부차고지 - 수원시도시안전통합센터,2024-11-14,목,6,11
01,수원시동부차고지 - 수원시도시안전통합센터,2024-11-14,목,7,34
01,수원시동부차고지 - 수원시도시안전통합센터,2024-11-14,목,8,18
01,수원시동부차고지 - 수원시도시안전통합센터,2024-11-14,목,9,25
01,수원시동부차고지 - 수원시도시안전통합센터,2024-11-14,목,10,19
01,수원시동부차고지 - 수원시도시안전통합센터,2024-11-14,목,11,18
01,수원시동부차고지 - 수원시도시안전통합센터,2024-11-14,목,12,15
01,수원시동부차고지 - 수원시도시안전통합센터,2024-11-14,목,13,24
01,수원시동부차고지 - 수원시도시안전통합센터,2024-11-14,목,14,12
01,수원시동부차고지 - 수원시도시안전통합센터,2024-11-14,목,15,10
01,수원시동부차고지 - 수원시도시안전통합센터,2024-11-14,목,16,21
01,수원시동부차고지 - 수원시도시안전통합센터,2024-11-14,목,17,8
01,수원시동부차고지 - 수원시도시안전통합센터,2024-11-14,목,18,6
01,수원시동부차고지 - 수원시도시안전통합센터,2024-11-14,목,19,16
01,수원시동부차고지 - 수원시도시안전통합센터,2024-11-14,목,20,20
01,수원시동부차고지 - 수원시도시안전통합센터,2024-11-14,목,21,21
01,수원시동부차고지 - 수원시도시안전통합센터,2024-11-14,목,22,17
01,수원시동부차고지 - 수원시도시안전통합센터,2024-11-14,목,23,6
01,수원시동부차고지 - 수원시도시안전통합센터,2025-05-01,목,6,5
01,수원시동부차고지 - 수원시도시안전통합센터,2025-05-01,목,7,9
01,수원시동부차고지 - 수원시도시안전통합센터,2025-05-01,목,8,8
01,수원시동부차고지 - 수원시도시안전통합센터,2025-05-01,목,9,15
01,수원시동부차고지 - 수원시도시안전통합센터,2025-05-01,목,10,15
01,수원시동부차고지 - 수원시도시안전통합센터,2025-05-01,목,11,15
01,수원시동부차고지 - 수원시도시안전통합센터,2025-05-01,목,12,14
01,수원시동부차고지 - 수원시도시안전통합센터,2025-05-01,목,13,20
01,수원시동부차고지 - 수원시도시안전통합센터,2025-05-01,목,14,6
01,수원시동부차고지 - 수원시도시안전통합센터,2025-05-01,목,15,13
01,수원시동부차고지 - 수원시도시안전통합센터,2025-05-01,목,16,23
01,수원시동부차고지 - 수원시도시안전통합센터,2025-05-01,목,17,18
01,수원시동부차고지 - 수원시도시안전통합센터,2025-05-01,목,18,15
01,수원시동부차고지 - 수원시도시안전통합센터,2025-05-01,목,19,11
01,수원시동부차고지 - 수원시도시안전통합센터,2025-05-01,목,20,16
01,수원시동부차고지 - 수원시도시안전통합센터,2025-05-01,목,21,19
01,수원시동부차고지 - 수원시도시안전통합센터,2025-05-01,목,22,24
01,수원시동부차고지 - 수원시도시안전통합센터,2025-05-01,목,23,3
01,수원시동부차고지 - 수원시도시안전통합센터,2025-05-02,금,6,17
01,수원시동부차고지 - 수원시도시안전통합센터,2025-05-02,금,7,31
01,수원시동부차고지 - 수원시도시안전통합센터,2025-05-02,금,8,14
01,수원시동부차고지 - 수원시도시안전통합센터,2025-05-02,금,9,15
01,수원시동부차고지 - 수원시도시안전통합센터,2025-05-02,금,10,14
01,수원시동부차고지 - 수원시도시안전통합센터,2025-05-02,금,11,18
01,수원시동부차고지 - 수원시도시안전통합센터,2025-05-02,금,12,10
01,수원시동부차고지 - 수원시도시안전통합센터,2025-05-02,금,13,31
01,수원시동부차고지 - 수원시도시안전통합센터,2025-05-02,금,14,11
01,수원시동부차고지 - 수원시도시안전통합센터,2025-05-02,금,15,10
01,수원시동부차고지 - 수원시도시안전통합센터,2025-05-02,금,16,24
01,수원시동부차고지 - 수원시도시안전통합센터,2025-05-02,금,17,13
01,수원시동부차고지 - 수원시도시안전통합센터,2025-05-02,금,18,12
01,수원시동부차고지 - 수원시도시안전통합센터,2025-05-02,금,19,19
01,수원시동부차고지 - 수원시도시안전통합센터,2025-05-02,금,20,23
01,수원시동부차고지 - 수원시도시안전통합센터,2025-05-02,금,21,22
01,수원시동부차고지 - 수원시도시안전통합센터,2025-05-02,금,22,21
01,수원시동부차고지 - 수원시도시안전통합센터,2025-05-02,금,23,3
01,수원시동부차고지 - 수원시도시안전통합센터,2025-05-03,토,6,2
01,수원시동부차고지 - 수원시도시안전통합센터,2025-05-03,토,7,8
01,수원시동부차고지 - 수원시도시안전통합센터,2025-05-03,토,8,13
01,수원시동부차고지 - 수원시도시안전통합센터,2025-05-03,토,9,13
01,수원시동부차고지 - 수원시도시안전통합센터,2025-05-03,토,10,7
01,수원시동부차고지 - 수원시도시안전통합센터,2025-05-03,토,11,10
01,수원시동부차고지 - 수원시도시안전통합센터,2025-05-03,토,12,17
01,수원시동부차고지 - 수원시도시안전통합센터,2025-05-03,토,13,18
01,수원시동부차고지 - 수원시도시안전통합센터,2025-05-03,토,14,11
01,수원시동부차고지 - 수원시도시안전통합센터,2025-05-03,토,15,17
01,수원시동부차고지 - 수원시도시안전통합센터,2025-05-03,토,16,22
01,수원시동부차고지 - 수원시도시안전통합센터,2025-05-03,토,17,14
01,수원시동부차고지 - 수원시도시안전통합센터,2025-05-03,토,18,11
01,수원시동부차고지 - 수원시도시안전통합센터,2025-05-03,토,19,14
01,수원시동부차고지 - 수원시도시안전통합센터,2025-05-03,토,20,19
01,수원시동부차고지 - 수원시도시안전통합센터,2025-05-03,토,21,20
01,수원시동부차고지 - 수원시도시안전통합센터,2025-05-03,토,22,17
01,수원시동부차고지 - 수원시도시안전통합센터,2025-05-03,토,23,2
01,수원시동부차고지 - 수원시도시안전통합센터,2025-05-04,일,6,4
01,수원시동부차고지 - 수원시도시안전통합센터,2025-05-04,일,7,8
01,수원시동부차고지 - 수원시도시안전통합센터,2025-05-04,일,8,9
01,수원시동부차고지 - 수원시도시안전통합센터,2025-05-04,일,9,9
01,수원시동부차고지 - 수원시도시안전통합센터,2025-05-04,일,10,9
01,수원시동부차고지 - 수원시도시안전통합센터,2025-05-04,일,11,14
01,수원시동부차고지 - 수원시도시안전통합센터,2025-05-04,일,12,10
01,수원시동부차고지 - 수원시도시안전통합센터,2025-05-04,일,13,20
01,수원시동부차고지 - 수원시도시안전통합센터,2025-05-04,일,14,8
01,수원시동부차고지 - 수원시도시안전통합센터,2025-05-04,일,15,17
01,수원시동부차고지 - 수원시도시안전통합센터,2025-05-04,일,16,11
01,수원시동부차고지 - 수원시도시안전통합센터,2025-05-04,일,17,13
01,수원시동부차고지 - 수원시도시안전통합센터,2025-05-04,일,18,11
01,수원시동부차고지 - 수원시도시안전통합센터,2025-05-04,일,19,16
01,수원시동부차고지 - 수원시도시안전통합센터,2025-05-04,일,20,13
01,수원시동부차고지 - 수원시도시안전통합센터,2025-05-04,일,21,17
01,수원시동부차고지 - 수원시도시안전통합센터,2025-05-04,일,22,13
01,수원시동부차고지 - 수원시도시안전통합센터,2025-05-04,일,23,3
01,수원시동부차고지 - 수원시도시안전통합센터,2025-05-05,월,6,2
01,수원시동부차고지 - 수원시도시안전통합센터,2025-05-05,월,7,5
01,수원시동부차고지 - 수원시도시안전통합센터,2025-05-05,월,8,7
01,수원시동부차고지 - 수원시도시안전통합센터,2025-05-05,월,9,13
01,수원시동부차고지 - 수원시도시안전통합센터,2025-05-05,월,10,18
01,수원시동부차고지 - 수원시도시안전통합센터,2025-05-05,월,11,8
01,수원시동부차고지 - 수원시도시안전통합센터,2025-05-05,월,12,9
01,수원시동부차고지 - 수원시도시안전통합센터,2025-05-05,월,13,14
01,수원시동부차고지 - 수원시도시안전통합센터,2025-05-05,월,14,3
01,수원시동부차고지 - 수원시도시안전통합센터,2025-05-05,월,15,13
01,수원시동부차고지 - 수원시도시안전통합센터,2025-05-05,월,16,9
01,수원시동부차고지 - 수원시도시안전통합센터,2025-05-05,월,17,7
01,수원시동부차고지 - 수원시도시안전통합센터,2025-05-05,월,18,12
01,수원시동부차고지 - 수원시도시안전통합센터,2025-05-05,월,19,7
01,수원시동부차고지 - 수원시도시안전통합센터,2025-05-05,월,20,10
01,수원시동부차고지 - 수원시도시안전통합센터,2025-05-05,월,21,16
01,수원시동부차고지 - 수원시도시안전통합센터,2025-05-05,월,22,16
01,수원시동부차고지 - 수원시도시안전통합센터,2025-05-05,월,23,4
01,수원시동부차고지 - 수원시도시안전통합센터,2025-05-06,화,6,4
01,수원시동부차고지 - 수원시도시안전통합센터,2025-05-06,화,7,3
01,수원시동부차고지 - 수원시도시안전통합센터,2025-05-06,화,8,6
01,수원시동부차고지 - 수원시도시안전통합센터,2025-05-06,화,9,13
01,수원시동부차고지 - 수원시도시안전통합센터,2025-05-06,화,10,9
01,수원시동부차고지 - 수원시도시안전통합센터,2025-05-06,화,11,13
01,수원시동부차고지 - 수원시도시안전통합센터,2025-05-06,화,12,22
01,수원시동부차고지 - 수원시도시안전통합센터,2025-05-06,화,13,10
01,수원시동부차고지 - 수원시도시안전통합센터,2025-05-06,화,14,11
01,수원시동부차고지 - 수원시도시안전통합센터,2025-05-06,화,15,11
01,수원시동부차고지 - 수원시도시안전통합센터,2025-05-06,화,16,12
01,수원시동부차고지 - 수원시도시안전통합센터,2025-05-06,화,17,9
01,수원시동부차고지 - 수원시도시안전통합센터,2025-05-06,화,18,11
01,수원시동부차고지 - 수원시도시안전통합센터,2025-05-06,화,19,11
01,수원시동부차고지 - 수원시도시안전통합센터,2025-05-06,화,20,15
01,수원시동부차고지 - 수원시도시안전통합센터,2025-05-06,화,21,12
01,수원시동부차고지 - 수원시도시안전통합센터,2025-05-06,화,22,16
01,수원시동부차고지 - 수원시도시안전통합센터,2025-05-06,화,23,4
01,수원시동부차고지 - 수원시도시안전통합센터,2025-05-07,수,6,9
01,수원시동부차고지 - 수원시도시안전통합센터,2025-05-07,수,7,41
01,수원시동부차고지 - 수원시도시안전통합센터,2025-05-07,수,8,8
01,수원시동부차고지 - 수원시도시안전통합센터,2025-05-07,수,9,20
01,수원시동부차고지 - 수원시도시안전통합센터,2025-05-07,수,10,14
01,수원시동부차고지 - 수원시도시안전통합센터,2025-05-07,수,11,13
01,수원시동부차고지 - 수원시도시안전통합센터,2025-05-07,수,12,17
01,수원시동부차고지 - 수원시도시안전통합센터,2025-05-07,수,13,28
01,수원시동부차고지 - 수원시도시안전통합센터,2025-05-07,수,14,10
01,수원시동부차고지 - 수원시도시안전통합센터,2025-05-07,수,15,15
01,수원시동부차고지 - 수원시도시안전통합센터,2025-05-07,수,16,21
01,수원시동부차고지 - 수원시도시안전통합센터,2025-05-07,수,17,8
01,수원시동부차고지 - 수원시도시안전통합센터,2025-05-07,수,18,16
01,수원시동부차고지 - 수원시도시안전통합센터,2025-05-07,수,19,15
01,수원시동부차고지 - 수원시도시안전통합센터,2025-05-07,수,20,22
01,수원시동부차고지 - 수원시도시안전통합센터,2025-05-07,수,21,15
01,수원시동부차고지 - 수원시도시안전통합센터,2025-05-07,수,22,26
01,수원시동부차고지 - 수원시도시안전통합센터,2025-05-07,수,23,4
01,수원시동부차고지 - 수원시도시안전통합센터,2025-05-08,목,6,14
01,수원시동부차고지 - 수원시도시안전통합센터,2025-05-08,목,7,36
01,수원시동부차고지 - 수원시도시안전통합센터,2025-05-08,목,8,16
01,수원시동부차고지 - 수원시도시안전통합센터,2025-05-08,목,9,21
01,수원시동부차고지 - 수원시도시안전통합센터,2025-05-08,목,10,12
01,수원시동부차고지 - 수원시도시안전통합센터,2025-05-08,목,11,15
01,수원시동부차고지 - 수원시도시안전통합센터,2025-05-08,목,12,12
01,수원시동부차고지 - 수원시도시안전통합센터,2025-05-08,목,13,29
01,수원시동부차고지 - 수원시도시안전통합센터,2025-05-08,목,14,5
01,수원시동부차고지 - 수원시도시안전통합센터,2025-05-08,목,15,15
01,수원시동부차고지 - 수원시도시안전통합센터,2025-05-08,목,16,19
01,수원시동부차고지 - 수원시도시안전통합센터,2025-05-08,목,17,8
01,수원시동부차고지 - 수원시도시안전통합센터,2025-05-08,목,18,9
01,수원시동부차고지 - 수원시도시안전통합센터,2025-05-08,목,19,15
01,수원시동부차고지 - 수원시도시안전통합센터,2025-05-08,목,20,15
01,수원시동부차고지 - 수원시도시안전통합센터,2025-05-08,목,21,21
01,수원시동부차고지 - 수원시도시안전통합센터,2025-05-08,목,22,20
01,수원시동부차고지 - 수원시도시안전통합센터,2025-05-08,목,23,4
01,수원시동부차고지 - ,2025-05-09,금,6,13
01,수원시동부차고지 - ,2025-05-09,금,7,38
01,수원시동부차고지 - ,2025-05-09,금,8,9
01,수원시동부차고지 - ,2025-05-09,금,9,20
01,수원시동부차고지 - ,2025-05-09,금,10,12
01,수원시동부차고지 - ,2025-05-09,금,11,11
01,수원시동부차고지 - ,2025-05-09,금,12,16
01,수원시동부차고지 - ,2025-05-09,금,13,22
01,수원시동부차고지 - ,2025-05-09,금,14,14
01,수원시동부차고지 - ,2025-05-09,금,15,9
01,수원시동부차고지 - ,2025-05-09,금,16,22
01,수원시동부차고지 - ,2025-05-09,금,17,23
01,수원시동부차고지 - ,2025-05-09,금,18,10
01,수원시동부차고지 - ,2025-05-09,금,19,19
01,수원시동부차고지 - ,2025-05-09,금,20,16
01,수원시동부차고지 - ,2025-05-09,금,21,17
01,수원시동부차고지 - ,2025-05-09,금,22,23
01,수원시동부차고지 - ,2025-05-09,금,23,4
01,수원시동부차고지 - 수원시도시안전통합센터,2025-05-10,토,6,3
01,수원시동부차고지 - 수원시도시안전통합센터,2025-05-10,토,7,9
01,수원시동부차고지 - 수원시도시안전통합센터,2025-05-10,토,8,11
01,수원시동부차고지 - 수원시도시안전통합센터,2025-05-10,토,9,17
01,수원시동부차고지 - 수원시도시안전통합센터,2025-05-10,토,10,15
01,수원시동부차고지 - 수원시도시안전통합센터,2025-05-10,토,11,11
01,수원시동부차고지 - 수원시도시안전통합센터,2025-05-10,토,12,17
01,수원시동부차고지 - 수원시도시안전통합센터,2025-05-10,토,13,28
01,수원시동부차고지 - 수원시도시안전통합센터,2025-05-10,토,14,9
01,수원시동부차고지 - 수원시도시안전통합센터,2025-05-10,토,15,19
01,수원시동부차고지 - 수원시도시안전통합센터,2025-05-10,토,16,15
01,수원시동부차고지 - 수원시도시안전통합센터,2025-05-10,토,17,16
01,수원시동부차고지 - 수원시도시안전통합센터,2025-05-10,토,18,15
01,수원시동부차고지 - 수원시도시안전통합센터,2025-05-10,토,19,11
01,수원시동부차고지 - 수원시도시안전통합센터,2025-05-10,토,20,11
01,수원시동부차고지 - 수원시도시안전통합센터,2025-05-10,토,21,19
01,수원시동부차고지 - 수원시도시안전통합센터,2025-05-10,토,22,23
01,수원시동부차고지 - 수원시도시안전통합센터,2025-05-10,토,23,3
01,수원시동부차고지 - 수원시도시안전통합센터,2025-05-11,일,6,4
01,수원시동부차고지 - 수원시도시안전통합센터,2025-05-11,일,7,13
01,수원시동부차고지 - 수원시도시안전통합센터,2025-05-11,일,8,10
01,수원시동부차고지 - 수원시도시안전통합센터,2025-05-11,일,9,14
01,수원시동부차고지 - 수원시도시안전통합센터,2025-05-11,일,10,20
01,수원시동부차고지 - 수원시도시안전통합센터,2025-05-11,일,11,11
01,수원시동부차고지 - 수원시도시안전통합센터,2025-05-11,일,12,17
01,수원시동부차고지 - 수원시도시안전통합센터,2025-05-11,일,13,9
01,수원시동부차고지 - 수원시도시안전통합센터,2025-05-11,일,14,7
01,수원시동부차고지 - 수원시도시안전통합센터,2025-05-11,일,15,12
01,수원시동부차고지 - 수원시도시안전통합센터,2025-05-11,일,16,15
01,수원시동부차고지 - 수원시도시안전통합센터,2025-05-11,일,17,4
01,수원시동부차고지 - 수원시도시안전통합센터,2025-05-11,일,18,8
01,수원시동부차고지 - 수원시도시안전통합센터,2025-05-11,일,19,12
01,수원시동부차고지 - 수원시도시안전통합센터,2025-05-11,일,20,5
01,수원시동부차고지 - 수원시도시안전통합센터,2025-05-11,일,21,24
01,수원시동부차고지 - 수원시도시안전통합센터,2025-05-11,일,22,11
01,수원시동부차고지 - 수원시도시안전통합센터,2025-05-11,일,23,4
01,수원시동부차고지 - 수원시도시안전통합센터,2025-05-12,월,6,11
01,수원시동부차고지 - 수원시도시안전통합센터,2025-05-12,월,7,24
01,수원시동부차고지 - 수원시도시안전통합센터,2025-05-12,월,8,7
01,수원시동부차고지 - 수원시도시안전통합센터,2025-05-12,월,9,19
01,수원시동부차고지 - 수원시도시안전통합센터,2025-05-12,월,10,12
01,수원시동부차고지 - 수원시도시안전통합센터,2025-05-12,월,11,9
01,수원시동부차고지 - 수원시도시안전통합센터,2025-05-12,월,12,13
01,수원시동부차고지 - 수원시도시안전통합센터,2025-05-12,월,13,25
01,수원시동부차고지 - 수원시도시안전통합센터,2025-05-12,월,14,9
01,수원시동부차고지 - 수원시도시안전통합센터,2025-05-12,월,15,15
01,수원시동부차고지 - 수원시도시안전통합센터,2025-05-12,월,16,19
01,수원시동부차고지 - 수원시도시안전통합센터,2025-05-12,월,17,18
01,수원시동부차고지 - 수원시도시안전통합센터,2025-05-12,월,18,11
01,수원시동부차고지 - 수원시도시안전통합센터,2025-05-12,월,19,26
01,수원시동부차고지 - 수원시도시안전통합센터,2025-05-12,월,20,22
01,수원시동부차고지 - 수원시도시안전통합센터,2025-05-12,월,21,15
01,수원시동부차고지 - 수원시도시안전통합센터,2025-05-12,월,22,21
01,수원시동부차고지 - 수원시도시안전통합센터,2025-05-12,월,23,5
01,수원시동부차고지 - 수원시도시안전통합센터,2025-05-13,화,6,11
01,수원시동부차고지 - 수원시도시안전통합센터,2025-05-13,화,7,45
01,수원시동부차고지 - 수원시도시안전통합센터,2025-05-13,화,8,15
01,수원시동부차고지 - 수원시도시안전통합센터,2025-05-13,화,9,26
01,수원시동부차고지 - 수원시도시안전통합센터,2025-05-13,화,10,10
01,수원시동부차고지 - 수원시도시안전통합센터,2025-05-13,화,11,13
01,수원시동부차고지 - 수원시도시안전통합센터,2025-05-13,화,12,12
01,수원시동부차고지 - 수원시도시안전통합센터,2025-05-13,화,13,21
01,수원시동부차고지 - 수원시도시안전통합센터,2025-05-13,화,14,8
01,수원시동부차고지 - 수원시도시안전통합센터,2025-05-13,화,15,6
01,수원시동부차고지 - 수원시도시안전통합센터,2025-05-13,화,16,11
01,수원시동부차고지 - 수원시도시안전통합센터,2025-05-13,화,17,21
01,수원시동부차고지 - 수원시도시안전통합센터,2025-05-13,화,18,8
01,수원시동부차고지 - 수원시도시안전통합센터,2025-05-13,화,19,17
01,수원시동부차고지 - 수원시도시안전통합센터,2025-05-13,화,20,16
01,수원시동부차고지 - 수원시도시안전통합센터,2025-05-13,화,21,20
01,수원시동부차고지 - 수원시도시안전통합센터,2025-05-13,화,22,19
01,수원시동부차고지 - 수원시도시안전통합센터,2025-05-13,화,23,7
01,수원시동부차고지 - 수원시도시안전통합센터,2025-05-14,수,6,13
01,수원시동부차고지 - 수원시도시안전통합센터,2025-05-14,수,7,31
01,수원시동부차고지 - 수원시도시안전통합센터,2025-05-14,수,8,12
01,수원시동부차고지 - 수원시도시안전통합센터,2025-05-14,수,9,20
01,수원시동부차고지 - 수원시도시안전통합센터,2025-05-14,수,10,14
01,수원시동부차고지 - 수원시도시안전통합센터,2025-05-14,수,11,17
01,수원시동부차고지 - 수원시도시안전통합센터,2025-05-14,수,12,13
01,수원시동부차고지 - 수원시도시안전통합센터,2025-05-14,수,13,30
01,수원시동부차고지 - 수원시도시안전통합센터,2025-05-14,수,14,6
01,수원시동부차고지 - 수원시도시안전통합센터,2025-05-14,수,15,10
01,수원시동부차고지 - 수원시도시안전통합센터,2025-05-14,수,16,22
01,수원시동부차고지 - 수원시도시안전통합센터,2025-05-14,수,17,17
01,수원시동부차고지 - 수원시도시안전통합센터,2025-05-14,수,18,17
01,수원시동부차고지 - 수원시도시안전통합센터,2025-05-14,수,19,19
01,수원시동부차고지 - 수원시도시안전통합센터,2025-05-14,수,20,19
01,수원시동부차고지 - 수원시도시안전통합센터,2025-05-14,수,21,22
01,수원시동부차고지 - 수원시도시안전통합센터,2025-05-14,수,22,22
01,수원시동부차고지 - 수원시도시안전통합센터,2025-05-14,수,23,9
01,수원시동부차고지 - 수원시도시안전통합센터,2025-11-01,토,6,3
01,수원시동부차고지 - 수원시도시안전통합센터,2025-11-01,토,7,18
01,수원시동부차고지 - 수원시도시안전통합센터,2025-11-01,토,8,13
01,수원시동부차고지 - 수원시도시안전통합센터,2025-11-01,토,9,34
01,수원시동부차고지 - 수원시도시안전통합센터,2025-11-01,토,10,17
01,수원시동부차고지 - 수원시도시안전통합센터,2025-11-01,토,11,30
01,수원시동부차고지 - 수원시도시안전통합센터,2025-11-01,토,12,14
01,수원시동부차고지 - 수원시도시안전통합센터,2025-11-01,토,13,23
01,수원시동부차고지 - 수원시도시안전통합센터,2025-11-01,토,14,11
01,수원시동부차고지 - 수원시도시안전통합센터,2025-11-01,토,15,22
01,수원시동부차고지 - 수원시도시안전통합센터,2025-11-01,토,16,27
01,수원시동부차고지 - 수원시도시안전통합센터,2025-11-01,토,17,18
01,수원시동부차고지 - 수원시도시안전통합센터,2025-11-01,토,18,16
01,수원시동부차고지 - 수원시도시안전통합센터,2025-11-01,토,19,23
01,수원시동부차고지 - 수원시도시안전통합센터,2025-11-01,토,20,22
01,수원시동부차고지 - 수원시도시안전통합센터,2025-11-01,토,21,27
01,수원시동부차고지 - 수원시도시안전통합센터,2025-11-01,토,22,26
01,수원시동부차고지 - 수원시도시안전통합센터,2025-11-01,토,23,10
01,수원시동부차고지 - 수원시도시안전통합센터,2025-11-02,일,6,3
01,수원시동부차고지 - 수원시도시안전통합센터,2025-11-02,일,7,7
01,수원시동부차고지 - 수원시도시안전통합센터,2025-11-02,일,8,16
01,수원시동부차고지 - 수원시도시안전통합센터,2025-11-02,일,9,20
01,수원시동부차고지 - 수원시도시안전통합센터,2025-11-02,일,10,25
01,수원시동부차고지 - 수원시도시안전통합센터,2025-11-02,일,11,19
01,수원시동부차고지 - 수원시도시안전통합센터,2025-11-02,일,12,16
01,수원시동부차고지 - 수원시도시안전통합센터,2025-11-02,일,13,36
01,수원시동부차고지 - 수원시도시안전통합센터,2025-11-02,일,14,17
01,수원시동부차고지 - 수원시도시안전통합센터,2025-11-02,일,15,17
01,수원시동부차고지 - 수원시도시안전통합센터,2025-11-02,일,16,33
01,수원시동부차고지 - 수원시도시안전통합센터,2025-11-02,일,17,27
01,수원시동부차고지 - 수원시도시안전통합센터,2025-11-02,일,18,15
01,수원시동부차고지 - 수원시도시안전통합센터,2025-11-02,일,19,19
01,수원시동부차고지 - 수원시도시안전통합센터,2025-11-02,일,20,19
01,수원시동부차고지 - 수원시도시안전통합센터,2025-11-02,일,21,22
01,수원시동부차고지 - 수원시도시안전통합센터,2025-11-02,일,22,21
01,수원시동부차고지 - 수원시도시안전통합센터,2025-11-02,일,23,3
01,수원시동부차고지 - 수원시도시안전통합센터,2025-11-03,월,6,15
01,수원시동부차고지 - 수원시도시안전통합센터,2025-11-03,월,7,43
01,수원시동부차고지 - 수원시도시안전통합센터,2025-11-03,월,8,19
01,수원시동부차고지 - 수원시도시안전통합센터,2025-11-03,월,9,23
01,수원시동부차고지 - 수원시도시안전통합센터,2025-11-03,월,10,18
01,수원시동부차고지 - 수원시도시안전통합센터,2025-11-03,월,11,25
01,수원시동부차고지 - 수원시도시안전통합센터,2025-11-03,월,12,12
01,수원시동부차고지 - 수원시도시안전통합센터,2025-11-03,월,13,30
01,수원시동부차고지 - 수원시도시안전통합센터,2025-11-03,월,14,8
01,수원시동부차고지 - 수원시도시안전통합센터,2025-11-03,월,15,21
01,수원시동부차고지 - 수원시도시안전통합센터,2025-11-03,월,16,38
01,수원시동부차고지 - 수원시도시안전통합센터,2025-11-03,월,17,26
01,수원시동부차고지 - 수원시도시안전통합센터,2025-11-03,월,18,14
01,수원시동부차고지 - 수원시도시안전통합센터,2025-11-03,월,19,32
01,수원시동부차고지 - 수원시도시안전통합센터,2025-11-03,월,20,27
01,수원시동부차고지 - 수원시도시안전통합센터,2025-11-03,월,21,21
01,수원시동부차고지 - 수원시도시안전통합센터,2025-11-03,월,22,23
01,수원시동부차고지 - 수원시도시안전통합센터,2025-11-03,월,23,5
01,수원시동부차고지 - 수원시도시안전통합센터,2025-11-04,화,6,14
01,수원시동부차고지 - 수원시도시안전통합센터,2025-11-04,화,7,36
01,수원시동부차고지 - 수원시도시안전통합센터,2025-11-04,화,8,16
01,수원시동부차고지 - 수원시도시안전통합센터,2025-11-04,화,9,21
01,수원시동부차고지 - 수원시도시안전통합센터,2025-11-04,화,10,13
01,수원시동부차고지 - 수원시도시안전통합센터,2025-11-04,화,11,14
01,수원시동부차고지 - 수원시도시안전통합센터,2025-11-04,화,12,26
01,수원시동부차고지 - 수원시도시안전통합센터,2025-11-04,화,13,34
01,수원시동부차고지 - 수원시도시안전통합센터,2025-11-04,화,14,15
01,수원시동부차고지 - 수원시도시안전통합센터,2025-11-04,화,15,21
01,수원시동부차고지 - 수원시도시안전통합센터,2025-11-04,화,16,33
01,수원시동부차고지 - 수원시도시안전통합센터,2025-11-04,화,17,25
01,수원시동부차고지 - 수원시도시안전통합센터,2025-11-04,화,18,14
01,수원시동부차고지 - 수원시도시안전통합센터,2025-11-04,화,19,29
01,수원시동부차고지 - 수원시도시안전통합센터,2025-11-04,화,20,34
01,수원시동부차고지 - 수원시도시안전통합센터,2025-11-04,화,21,25
01,수원시동부차고지 - 수원시도시안전통합센터,2025-11-04,화,22,32
01,수원시동부차고지 - 수원시도시안전통합센터,2025-11-04,화,23,5
01,수원시동부차고지 - 수원시도시안전통합센터,2025-11-05,수,6,13
01,수원시동부차고지 - 수원시도시안전통합센터,2025-11-05,수,7,39
01,수원시동부차고지 - 수원시도시안전통합센터,2025-11-05,수,8,23
01,수원시동부차고지 - 수원시도시안전통합센터,2025-11-05,수,9,19
01,수원시동부차고지 - 수원시도시안전통합센터,2025-11-05,수,10,19
01,수원시동부차고지 - 수원시도시안전통합센터,2025-11-05,수,11,12
01,수원시동부차고지 - 수원시도시안전통합센터,2025-11-05,수,12,15
01,수원시동부차고지 - 수원시도시안전통합센터,2025-11-05,수,13,29
01,수원시동부차고지 - 수원시도시안전통합센터,2025-11-05,수,14,20
01,수원시동부차고지 - 수원시도시안전통합센터,2025-11-05,수,15,20
01,수원시동부차고지 - 수원시도시안전통합센터,2025-11-05,수,16,31
01,수원시동부차고지 - 수원시도시안전통합센터,2025-11-05,수,17,12
01,수원시동부차고지 - 수원시도시안전통합센터,2025-11-05,수,18,15
01,수원시동부차고지 - 수원시도시안전통합센터,2025-11-05,수,19,17
01,수원시동부차고지 - 수원시도시안전통합센터,2025-11-05,수,20,19
01,수원시동부차고지 - 수원시도시안전통합센터,2025-11-05,수,21,21
01,수원시동부차고지 - 수원시도시안전통합센터,2025-11-05,수,22,20
01,수원시동부차고지 - 수원시도시안전통합센터,2025-11-05,수,23,9
01,수원시동부차고지 - 수원시도시안전통합센터,2025-11-06,목,6,13
01,수원시동부차고지 - 수원시도시안전통합센터,2025-11-06,목,7,34
01,수원시동부차고지 - 수원시도시안전통합센터,2025-11-06,목,8,21
01,수원시동부차고지 - 수원시도시안전통합센터,2025-11-06,목,9,16
01,수원시동부차고지 - 수원시도시안전통합센터,2025-11-06,목,10,22
01,수원시동부차고지 - 수원시도시안전통합센터,2025-11-06,목,11,15
01,수원시동부차고지 - 수원시도시안전통합센터,2025-11-06,목,12,15
01,수원시동부차고지 - 수원시도시안전통합센터,2025-11-06,목,13,15
01,수원시동부차고지 - 수원시도시안전통합센터,2025-11-06,목,14,14
01,수원시동부차고지 - 수원시도시안전통합센터,2025-11-06,목,15,22
01,수원시동부차고지 - 수원시도시안전통합센터,2025-11-06,목,16,20
01,수원시동부차고지 - 수원시도시안전통합센터,2025-11-06,목,17,23
01,수원시동부차고지 - 수원시도시안전통합센터,2025-11-06,목,18,18
01,수원시동부차고지 - 수원시도시안전통합센터,2025-11-06,목,19,22
01,수원시동부차고지 - 수원시도시안전통합센터,2025-11-06,목,20,23
01,수원시동부차고지 - 수원시도시안전통합센터,2025-11-06,목,21,25
01,수원시동부차고지 - 수원시도시안전통합센터,2025-11-06,목,22,29
01,수원시동부차고지 - 수원시도시안전통합센터,2025-11-06,목,23,5
01,수원시동부차고지 - 수원시도시안전통합센터,2025-11-07,금,6,14
01,수원시동부차고지 - 수원시도시안전통합센터,2025-11-07,금,7,49
01,수원시동부차고지 - 수원시도시안전통합센터,2025-11-07,금,8,19
01,수원시동부차고지 - 수원시도시안전통합센터,2025-11-07,금,9,21
01,수원시동부차고지 - 수원시도시안전통합센터,2025-11-07,금,10,14
01,수원시동부차고지 - 수원시도시안전통합센터,2025-11-07,금,11,9
01,수원시동부차고지 - 수원시도시안전통합센터,2025-11-07,금,12,17
01,수원시동부차고지 - 수원시도시안전통합센터,2025-11-07,금,13,21
01,수원시동부차고지 - 수원시도시안전통합센터,2025-11-07,금,14,19
01,수원시동부차고지 - 수원시도시안전통합센터,2025-11-07,금,15,28
01,수원시동부차고지 - 수원시도시안전통합센터,2025-11-07,금,16,28
01,수원시동부차고지 - 수원시도시안전통합센터,2025-11-07,금,17,22
01,수원시동부차고지 - 수원시도시안전통합센터,2025-11-07,금,18,15
01,수원시동부차고지 - 수원시도시안전통합센터,2025-11-07,금,19,27
01,수원시동부차고지 - 수원시도시안전통합센터,2025-11-07,금,20,24
01,수원시동부차고지 - 수원시도시안전통합센터,2025-11-07,금,21,31
01,수원시동부차고지 - 수원시도시안전통합센터,2025-11-07,금,22,28
01,수원시동부차고지 - 수원시도시안전통합센터,2025-11-07,금,23,4
01,수원시동부차고지 - 수원시도시안전통합센터,2025-11-08,토,6,7
01,수원시동부차고지 - 수원시도시안전통합센터,2025-11-08,토,7,15
01,수원시동부차고지 - 수원시도시안전통합센터,2025-11-08,토,8,22
01,수원시동부차고지 - 수원시도시안전통합센터,2025-11-08,토,9,17
01,수원시동부차고지 - 수원시도시안전통합센터,2025-11-08,토,10,24
01,수원시동부차고지 - 수원시도시안전통합센터,2025-11-08,토,11,30
01,수원시동부차고지 - 수원시도시안전통합센터,2025-11-08,토,12,35
01,수원시동부차고지 - 수원시도시안전통합센터,2025-11-08,토,13,31
01,수원시동부차고지 - 수원시도시안전통합센터,2025-11-08,토,14,13
01,수원시동부차고지 - 수원시도시안전통합센터,2025-11-08,토,15,23
01,수원시동부차고지 - 수원시도시안전통합센터,2025-11-08,토,16,23
01,수원시동부차고지 - 수원시도시안전통합센터,2025-11-08,토,17,15
01,수원시동부차고지 - 수원시도시안전통합센터,2025-11-08,토,18,18
01,수원시동부차고지 - 수원시도시안전통합센터,2025-11-08,토,19,21
01,수원시동부차고지 - 수원시도시안전통합센터,2025-11-08,토,20,19
01,수원시동부차고지 - 수원시도시안전통합센터,2025-11-08,토,21,18
01,수원시동부차고지 - 수원시도시안전통합센터,2025-11-08,토,22,25
01,수원시동부차고지 - 수원시도시안전통합센터,2025-11-08,토,23,7
01,수원시동부차고지 - 수원시도시안전통합센터,2025-11-09,일,6,4
01,수원시동부차고지 - 수원시도시안전통합센터,2025-11-09,일,7,12
01,수원시동부차고지 - 수원시도시안전통합센터,2025-11-09,일,8,24
01,수원시동부차고지 - 수원시도시안전통합센터,2025-11-09,일,9,22
01,수원시동부차고지 - 수원시도시안전통합센터,2025-11-09,일,10,16
01,수원시동부차고지 - 수원시도시안전통합센터,2025-11-09,일,11,20
01,수원시동부차고지 - 수원시도시안전통합센터,2025-11-09,일,12,19
01,수원시동부차고지 - 수원시도시안전통합센터,2025-11-09,일,13,26
01,수원시동부차고지 - 수원시도시안전통합센터,2025-11-09,일,14,25
01,수원시동부차고지 - 수원시도시안전통합센터,2025-11-09,일,15,19
01,수원시동부차고지 - 수원시도시안전통합센터,2025-11-09,일,16,30
01,수원시동부차고지 - 수원시도시안전통합센터,2025-11-09,일,17,10
01,수원시동부차고지 - 수원시도시안전통합센터,2025-11-09,일,18,28
01,수원시동부차고지 - 수원시도시안전통합센터,2025-11-09,일,19,26
01,수원시동부차고지 - 수원시도시안전통합센터,2025-11-09,일,20,23
01,수원시동부차고지 - 수원시도시안전통합센터,2025-11-09,일,21,20
01,수원시동부차고지 - 수원시도시안전통합센터,2025-11-09,일,22,36
01,수원시동부차고지 - 수원시도시안전통합센터,2025-11-09,일,23,6
01,수원시동부차고지 - 수원시도시안전통합센터,2025-11-10,월,6,14
01,수원시동부차고지 - 수원시도시안전통합센터,2025-11-10,월,7,45
01,수원시동부차고지 - 수원시도시안전통합센터,2025-11-10,월,8,16
01,수원시동부차고지 - 수원시도시안전통합센터,2025-11-10,월,9,31
01,수원시동부차고지 - 수원시도시안전통합센터,2025-11-10,월,10,17
01,수원시동부차고지 - 수원시도시안전통합센터,2025-11-10,월,11,23
01,수원시동부차고지 - 수원시도시안전통합센터,2025-11-10,월,12,16
01,수원시동부차고지 - 수원시도시안전통합센터,2025-11-10,월,13,25
01,수원시동부차고지 - 수원시도시안전통합센터,2025-11-10,월,14,9
01,수원시동부차고지 - 수원시도시안전통합센터,2025-11-10,월,15,31
01,수원시동부차고지 - 수원시도시안전통합센터,2025-11-10,월,16,27
01,수원시동부차고지 - 수원시도시안전통합센터,2025-11-10,월,17,28
01,수원시동부차고지 - 수원시도시안전통합센터,2025-11-10,월,18,9
01,수원시동부차고지 - 수원시도시안전통합센터,2025-11-10,월,19,27
01,수원시동부차고지 - 수원시도시안전통합센터,2025-11-10,월,20,22
01,수원시동부차고지 - 수원시도시안전통합센터,2025-11-10,월,21,25
01,수원시동부차고지 - 수원시도시안전통합센터,2025-11-10,월,22,26
01,수원시동부차고지 - 수원시도시안전통합센터,2025-11-10,월,23,3
01,수원시동부차고지 - 수원시도시안전통합센터,2025-11-11,화,6,18
01,수원시동부차고지 - 수원시도시안전통합센터,2025-11-11,화,7,39
01,수원시동부차고지 - 수원시도시안전통합센터,2025-11-11,화,8,24
01,수원시동부차고지 - 수원시도시안전통합센터,2025-11-11,화,9,25
01,수원시동부차고지 - 수원시도시안전통합센터,2025-11-11,화,10,22
01,수원시동부차고지 - 수원시도시안전통합센터,2025-11-11,화,11,12
01,수원시동부차고지 - 수원시도시안전통합센터,2025-11-11,화,12,14
01,수원시동부차고지 - 수원시도시안전통합센터,2025-11-11,화,13,27
01,수원시동부차고지 - 수원시도시안전통합센터,2025-11-11,화,14,18
01,수원시동부차고지 - 수원시도시안전통합센터,2025-11-11,화,15,22
01,수원시동부차고지 - 수원시도시안전통합센터,2025-11-11,화,16,41
01,수원시동부차고지 - 수원시도시안전통합센터,2025-11-11,화,17,25
01,수원시동부차고지 - 수원시도시안전통합센터,2025-11-11,화,18,21
01,수원시동부차고지 - 수원시도시안전통합센터,2025-11-11,화,19,31
01,수원시동부차고지 - 수원시도시안전통합센터,2025-11-11,화,20,23
01,수원시동부차고지 - 수원시도시안전통합센터,2025-11-11,화,21,29
01,수원시동부차고지 - 수원시도시안전통합센터,2025-11-11,화,22,29
01,수원시동부차고지 - 수원시도시안전통합센터,2025-11-11,화,23,4
01,수원시동부차고지 - 수원시도시안전통합센터,2025-11-12,수,6,16
01,수원시동부차고지 - 수원시도시안전통합센터,2025-11-12,수,7,34
01,수원시동부차고지 - 수원시도시안전통합센터,2025-11-12,수,8,17
01,수원시동부차고지 - 수원시도시안전통합센터,2025-11-12,수,9,24
01,수원시동부차고지 - 수원시도시안전통합센터,2025-11-12,수,10,24
01,수원시동부차고지 - 수원시도시안전통합센터,2025-11-12,수,11,21
01,수원시동부차고지 - 수원시도시안전통합센터,2025-11-12,수,12,16
01,수원시동부차고지 - 수원시도시안전통합센터,2025-11-12,수,13,39
01,수원시동부차고지 - 수원시도시안전통합센터,2025-11-12,수,14,7
01,수원시동부차고지 - 수원시도시안전통합센터,2025-11-12,수,15,26
01,수원시동부차고지 - 수원시도시안전통합센터,2025-11-12,수,16,29
01,수원시동부차고지 - 수원시도시안전통합센터,2025-11-12,수,17,25
01,수원시동부차고지 - 수원시도시안전통합센터,2025-11-12,수,18,10
01,수원시동부차고지 - 수원시도시안전통합센터,2025-11-12,수,19,28
01,수원시동부차고지 - 수원시도시안전통합센터,2025-11-12,수,20,23
01,수원시동부차고지 - 수원시도시안전통합센터,2025-11-12,수,21,22
01,수원시동부차고지 - 수원시도시안전통합센터,2025-11-12,수,22,21
01,수원시동부차고지 - 수원시도시안전통합센터,2025-11-12,수,23,4
01,수원시동부차고지 - 수원시도시안전통합센터,2025-11-13,목,6,11
01,수원시동부차고지 - 수원시도시안전통합센터,2025-11-13,목,7,36
01,수원시동부차고지 - 수원시도시안전통합센터,2025-11-13,목,8,19
01,수원시동부차고지 - 수원시도시안전통합센터,2025-11-13,목,9,32
01,수원시동부차고지 - 수원시도시안전통합센터,2025-11-13,목,10,25
01,수원시동부차고지 - 수원시도시안전통합센터,2025-11-13,목,11,8
01,수원시동부차고지 - 수원시도시안전통합센터,2025-11-13,목,12,13
01,수원시동부차고지 - 수원시도시안전통합센터,2025-11-13,목,13,21
01,수원시동부차고지 - 수원시도시안전통합센터,2025-11-13,목,14,13
01,수원시동부차고지 - 수원시도시안전통합센터,2025-11-13,목,15,26
01,수원시동부차고지 - 수원시도시안전통합센터,2025-11-13,목,16,26
01,수원시동부차고지 - 수원시도시안전통합센터,2025-11-13,목,17,25
01,수원시동부차고지 - 수원시도시안전통합센터,2025-11-13,목,18,15
01,수원시동부차고지 - 수원시도시안전통합센터,2025-11-13,목,19,29
01,수원시동부차고지 - 수원시도시안전통합센터,2025-11-13,목,20,28
01,수원시동부차고지 - 수원시도시안전통합센터,2025-11-13,목,21,28
01,수원시동부차고지 - 수원시도시안전통합센터,2025-11-13,목,22,28
01,수원시동부차고지 - 수원시도시안전통합센터,2025-11-13,목,23,10
01,수원시동부차고지 - 수원시도시안전통합센터,2025-11-14,금,6,10
01,수원시동부차고지 - 수원시도시안전통합센터,2025-11-14,금,7,40
01,수원시동부차고지 - 수원시도시안전통합센터,2025-11-14,금,8,21
01,수원시동부차고지 - 수원시도시안전통합센터,2025-11-14,금,9,23
01,수원시동부차고지 - 수원시도시안전통합센터,2025-11-14,금,10,25
01,수원시동부차고지 - 수원시도시안전통합센터,2025-11-14,금,11,15
01,수원시동부차고지 - 수원시도시안전통합센터,2025-11-14,금,12,12
01,수원시동부차고지 - 수원시도시안전통합센터,2025-11-14,금,13,24
01,수원시동부차고지 - 수원시도시안전통합센터,2025-11-14,금,14,21
01,수원시동부차고지 - 수원시도시안전통합센터,2025-11-14,금,15,26
01,수원시동부차고지 - 수원시도시안전통합센터,2025-11-14,금,16,35
01,수원시동부차고지 - 수원시도시안전통합센터,2025-11-14,금,17,17
01,수원시동부차고지 - 수원시도시안전통합센터,2025-11-14,금,18,11
01,수원시동부차고지 - 수원시도시안전통합센터,2025-11-14,금,19,23
01,수원시동부차고지 - 수원시도시안전통합센터,2025-11-14,금,20,27
01,수원시동부차고지 - 수원시도시안전통합센터,2025-11-14,금,21,24
01,수원시동부차고지 - 수원시도시안전통합센터,2025-11-14,금,22,33
01,수원시동부차고지 - 수원시도시안전통합센터,2025-11-14,금,23,11
01,수원시동부차고지 - 수원시도시안전통합센터,2026-01-01,목,6,5
01,수원시동부차고지 - 수원시도시안전통합센터,2026-01-01,목,7,13
01,수원시동부차고지 - 수원시도시안전통합센터,2026-01-01,목,8,13
01,수원시동부차고지 - 수원시도시안전통합센터,2026-01-01,목,9,12
01,수원시동부차고지 - 수원시도시안전통합센터,2026-01-01,목,10,15
01,수원시동부차고지 - 수원시도시안전통합센터,2026-01-01,목,11,14
01,수원시동부차고지 - 수원시도시안전통합센터,2026-01-01,목,12,17
01,수원시동부차고지 - 수원시도시안전통합센터,2026-01-01,목,13,21
01,수원시동부차고지 - 수원시도시안전통합센터,2026-01-01,목,14,23
01,수원시동부차고지 - 수원시도시안전통합센터,2026-01-01,목,15,21
01,수원시동부차고지 - 수원시도시안전통합센터,2026-01-01,목,16,25
01,수원시동부차고지 - 수원시도시안전통합센터,2026-01-01,목,17,18
01,수원시동부차고지 - 수원시도시안전통합센터,2026-01-01,목,18,18
01,수원시동부차고지 - 수원시도시안전통합센터,2026-01-01,목,19,16
01,수원시동부차고지 - 수원시도시안전통합센터,2026-01-01,목,20,16
01,수원시동부차고지 - 수원시도시안전통합센터,2026-01-01,목,21,22
01,수원시동부차고지 - 수원시도시안전통합센터,2026-01-01,목,22,16
01,수원시동부차고지 - 수원시도시안전통합센터,2026-01-01,목,23,6
01,수원시동부차고지 - 수원시도시안전통합센터,2026-01-02,금,6,10
01,수원시동부차고지 - 수원시도시안전통합센터,2026-01-02,금,7,33
01,수원시동부차고지 - 수원시도시안전통합센터,2026-01-02,금,8,16
01,수원시동부차고지 - 수원시도시안전통합센터,2026-01-02,금,9,24
01,수원시동부차고지 - 수원시도시안전통합센터,2026-01-02,금,10,26
01,수원시동부차고지 - 수원시도시안전통합센터,2026-01-02,금,11,18
01,수원시동부차고지 - 수원시도시안전통합센터,2026-01-02,금,12,20
01,수원시동부차고지 - 수원시도시안전통합센터,2026-01-02,금,13,42
01,수원시동부차고지 - 수원시도시안전통합센터,2026-01-02,금,14,20
01,수원시동부차고지 - 수원시도시안전통합센터,2026-01-02,금,15,20
01,수원시동부차고지 - 수원시도시안전통합센터,2026-01-02,금,16,28
01,수원시동부차고지 - 수원시도시안전통합센터,2026-01-02,금,17,23
01,수원시동부차고지 - 수원시도시안전통합센터,2026-01-02,금,18,17
01,수원시동부차고지 - 수원시도시안전통합센터,2026-01-02,금,19,27
01,수원시동부차고지 - 수원시도시안전통합센터,2026-01-02,금,20,32
01,수원시동부차고지 - 수원시도시안전통합센터,2026-01-02,금,21,29
01,수원시동부차고지 - 수원시도시안전통합센터,2026-01-02,금,22,23
01,수원시동부차고지 - 수원시도시안전통합센터,2026-01-02,금,23,7
01,수원시동부차고지 - 수원시도시안전통합센터,2026-01-03,토,6,7
01,수원시동부차고지 - 수원시도시안전통합센터,2026-01-03,토,7,16
01,수원시동부차고지 - 수원시도시안전통합센터,2026-01-03,토,8,14
01,수원시동부차고지 - 수원시도시안전통합센터,2026-01-03,토,9,22
01,수원시동부차고지 - 수원시도시안전통합센터,2026-01-03,토,10,24
01,수원시동부차고지 - 수원시도시안전통합센터,2026-01-03,토,11,18
01,수원시동부차고지 - 수원시도시안전통합센터,2026-01-03,토,12,18
01,수원시동부차고지 - 수원시도시안전통합센터,2026-01-03,토,13,37
01,수원시동부차고지 - 수원시도시안전통합센터,2026-01-03,토,14,15
01,수원시동부차고지 - 수원시도시안전통합센터,2026-01-03,토,15,20
01,수원시동부차고지 - 수원시도시안전통합센터,2026-01-03,토,16,29
01,수원시동부차고지 - 수원시도시안전통합센터,2026-01-03,토,17,29
01,수원시동부차고지 - 수원시도시안전통합센터,2026-01-03,토,18,10
01,수원시동부차고지 - 수원시도시안전통합센터,2026-01-03,토,19,15
01,수원시동부차고지 - 수원시도시안전통합센터,2026-01-03,토,20,26
01,수원시동부차고지 - 수원시도시안전통합센터,2026-01-03,토,21,24
01,수원시동부차고지 - 수원시도시안전통합센터,2026-01-03,토,22,27
01,수원시동부차고지 - 수원시도시안전통합센터,2026-01-03,토,23,9
01,수원시동부차고지 - 수원시도시안전통합센터,2026-01-04,일,6,4
01,수원시동부차고지 - 수원시도시안전통합센터,2026-01-04,일,7,19
01,수원시동부차고지 - 수원시도시안전통합센터,2026-01-04,일,8,17
01,수원시동부차고지 - 수원시도시안전통합센터,2026-01-04,일,9,24
01,수원시동부차고지 - 수원시도시안전통합센터,2026-01-04,일,10,21
01,수원시동부차고지 - 수원시도시안전통합센터,2026-01-04,일,11,25
01,수원시동부차고지 - 수원시도시안전통합센터,2026-01-04,일,12,14
01,수원시동부차고지 - 수원시도시안전통합센터,2026-01-04,일,13,37
01,수원시동부차고지 - 수원시도시안전통합센터,2026-01-04,일,14,12
01,수원시동부차고지 - 수원시도시안전통합센터,2026-01-04,일,15,38
01,수원시동부차고지 - 수원시도시안전통합센터,2026-01-04,일,16,23
01,수원시동부차고지 - 수원시도시안전통합센터,2026-01-04,일,17,19
01,수원시동부차고지 - 수원시도시안전통합센터,2026-01-04,일,18,26
01,수원시동부차고지 - 수원시도시안전통합센터,2026-01-04,일,19,24
01,수원시동부차고지 - 수원시도시안전통합센터,2026-01-04,일,20,26
01,수원시동부차고지 - 수원시도시안전통합센터,2026-01-04,일,21,20
01,수원시동부차고지 - 수원시도시안전통합센터,2026-01-04,일,22,23
01,수원시동부차고지 - 수원시도시안전통합센터,2026-01-04,일,23,4
01,수원시동부차고지 - 수원시도시안전통합센터,2026-01-05,월,6,15
01,수원시동부차고지 - 수원시도시안전통합센터,2026-01-05,월,7,42
01,수원시동부차고지 - 수원시도시안전통합센터,2026-01-05,월,8,18
01,수원시동부차고지 - 수원시도시안전통합센터,2026-01-05,월,9,26
01,수원시동부차고지 - 수원시도시안전통합센터,2026-01-05,월,10,26
01,수원시동부차고지 - 수원시도시안전통합센터,2026-01-05,월,11,12
01,수원시동부차고지 - 수원시도시안전통합센터,2026-01-05,월,12,25
01,수원시동부차고지 - 수원시도시안전통합센터,2026-01-05,월,13,25
01,수원시동부차고지 - 수원시도시안전통합센터,2026-01-05,월,14,11
01,수원시동부차고지 - 수원시도시안전통합센터,2026-01-05,월,15,27
01,수원시동부차고지 - 수원시도시안전통합센터,2026-01-05,월,16,26
01,수원시동부차고지 - 수원시도시안전통합센터,2026-01-05,월,17,19
01,수원시동부차고지 - 수원시도시안전통합센터,2026-01-05,월,18,25
01,수원시동부차고지 - 수원시도시안전통합센터,2026-01-05,월,19,27
01,수원시동부차고지 - 수원시도시안전통합센터,2026-01-05,월,20,27
01,수원시동부차고지 - 수원시도시안전통합센터,2026-01-05,월,21,31
01,수원시동부차고지 - 수원시도시안전통합센터,2026-01-05,월,22,28
01,수원시동부차고지 - 수원시도시안전통합센터,2026-01-05,월,23,3
01,수원시동부차고지 - 수원시도시안전통합센터,2026-01-06,화,6,18
01,수원시동부차고지 - 수원시도시안전통합센터,2026-01-06,화,7,39
01,수원시동부차고지 - 수원시도시안전통합센터,2026-01-06,화,8,22
01,수원시동부차고지 - 수원시도시안전통합센터,2026-01-06,화,9,27
01,수원시동부차고지 - 수원시도시안전통합센터,2026-01-06,화,10,18
01,수원시동부차고지 - 수원시도시안전통합센터,2026-01-06,화,11,13
01,수원시동부차고지 - 수원시도시안전통합센터,2026-01-06,화,12,17
01,수원시동부차고지 - 수원시도시안전통합센터,2026-01-06,화,13,31
01,수원시동부차고지 - 수원시도시안전통합센터,2026-01-06,화,14,16
01,수원시동부차고지 - 수원시도시안전통합센터,2026-01-06,화,15,28
01,수원시동부차고지 - 수원시도시안전통합센터,2026-01-06,화,16,23
01,수원시동부차고지 - 수원시도시안전통합센터,2026-01-06,화,17,20
01,수원시동부차고지 - 수원시도시안전통합센터,2026-01-06,화,18,16
01,수원시동부차고지 - 수원시도시안전통합센터,2026-01-06,화,19,39
01,수원시동부차고지 - 수원시도시안전통합센터,2026-01-06,화,20,24
01,수원시동부차고지 - 수원시도시안전통합센터,2026-01-06,화,21,31
01,수원시동부차고지 - 수원시도시안전통합센터,2026-01-06,화,22,31
01,수원시동부차고지 - 수원시도시안전통합센터,2026-01-06,화,23,1
01,수원시동부차고지 - 수원시도시안전통합센터,2026-01-07,수,6,14
01,수원시동부차고지 - 수원시도시안전통합센터,2026-01-07,수,7,47
01,수원시동부차고지 - 수원시도시안전통합센터,2026-01-07,수,8,20
01,수원시동부차고지 - 수원시도시안전통합센터,2026-01-07,수,9,20
01,수원시동부차고지 - 수원시도시안전통합센터,2026-01-07,수,10,24
01,수원시동부차고지 - 수원시도시안전통합센터,2026-01-07,수,11,9
01,수원시동부차고지 - 수원시도시안전통합센터,2026-01-07,수,12,12
01,수원시동부차고지 - 수원시도시안전통합센터,2026-01-07,수,13,23
01,수원시동부차고지 - 수원시도시안전통합센터,2026-01-07,수,14,11
01,수원시동부차고지 - 수원시도시안전통합센터,2026-01-07,수,15,22
01,수원시동부차고지 - 수원시도시안전통합센터,2026-01-07,수,16,33
01,수원시동부차고지 - 수원시도시안전통합센터,2026-01-07,수,17,21
01,수원시동부차고지 - 수원시도시안전통합센터,2026-01-07,수,18,16
01,수원시동부차고지 - 수원시도시안전통합센터,2026-01-07,수,19,35
01,수원시동부차고지 - 수원시도시안전통합센터,2026-01-07,수,20,32
01,수원시동부차고지 - 수원시도시안전통합센터,2026-01-07,수,21,33
01,수원시동부차고지 - 수원시도시안전통합센터,2026-01-07,수,22,25
01,수원시동부차고지 - 수원시도시안전통합센터,2026-01-07,수,23,6
01,수원시동부차고지 - 수원시도시안전통합센터,2026-01-08,목,6,10
01,수원시동부차고지 - 수원시도시안전통합센터,2026-01-08,목,7,38
01,수원시동부차고지 - 수원시도시안전통합센터,2026-01-08,목,8,19
01,수원시동부차고지 - 수원시도시안전통합센터,2026-01-08,목,9,26
01,수원시동부차고지 - 수원시도시안전통합센터,2026-01-08,목,10,28
01,수원시동부차고지 - 수원시도시안전통합센터,2026-01-08,목,11,19
01,수원시동부차고지 - 수원시도시안전통합센터,2026-01-08,목,12,23
01,수원시동부차고지 - 수원시도시안전통합센터,2026-01-08,목,13,34
01,수원시동부차고지 - 수원시도시안전통합센터,2026-01-08,목,14,20
01,수원시동부차고지 - 수원시도시안전통합센터,2026-01-08,목,15,21
01,수원시동부차고지 - 수원시도시안전통합센터,2026-01-08,목,16,22
01,수원시동부차고지 - 수원시도시안전통합센터,2026-01-08,목,17,27
01,수원시동부차고지 - 수원시도시안전통합센터,2026-01-08,목,18,13
01,수원시동부차고지 - 수원시도시안전통합센터,2026-01-08,목,19,30
01,수원시동부차고지 - 수원시도시안전통합센터,2026-01-08,목,20,22
01,수원시동부차고지 - 수원시도시안전통합센터,2026-01-08,목,21,28
01,수원시동부차고지 - 수원시도시안전통합센터,2026-01-08,목,22,27
01,수원시동부차고지 - 수원시도시안전통합센터,2026-01-08,목,23,5
01,수원시동부차고지 - 수원시도시안전통합센터,2026-01-09,금,6,14
01,수원시동부차고지 - 수원시도시안전통합센터,2026-01-09,금,7,33
01,수원시동부차고지 - 수원시도시안전통합센터,2026-01-09,금,8,18
01,수원시동부차고지 - 수원시도시안전통합센터,2026-01-09,금,9,24
01,수원시동부차고지 - 수원시도시안전통합센터,2026-01-09,금,10,30
01,수원시동부차고지 - 수원시도시안전통합센터,2026-01-09,금,11,17
01,수원시동부차고지 - 수원시도시안전통합센터,2026-01-09,금,12,14
01,수원시동부차고지 - 수원시도시안전통합센터,2026-01-09,금,13,23
01,수원시동부차고지 - 수원시도시안전통합센터,2026-01-09,금,14,16
01,수원시동부차고지 - 수원시도시안전통합센터,2026-01-09,금,15,21
01,수원시동부차고지 - 수원시도시안전통합센터,2026-01-09,금,16,26
01,수원시동부차고지 - 수원시도시안전통합센터,2026-01-09,금,17,25
01,수원시동부차고지 - 수원시도시안전통합센터,2026-01-09,금,18,25
01,수원시동부차고지 - 수원시도시안전통합센터,2026-01-09,금,19,23
01,수원시동부차고지 - 수원시도시안전통합센터,2026-01-09,금,20,32
01,수원시동부차고지 - 수원시도시안전통합센터,2026-01-09,금,21,33
01,수원시동부차고지 - 수원시도시안전통합센터,2026-01-09,금,22,21
01,수원시동부차고지 - 수원시도시안전통합센터,2026-01-09,금,23,11
01,수원시동부차고지 - 수원시도시안전통합센터,2026-01-10,토,6,3
01,수원시동부차고지 - 수원시도시안전통합센터,2026-01-10,토,7,10
01,수원시동부차고지 - 수원시도시안전통합센터,2026-01-10,토,8,22
01,수원시동부차고지 - 수원시도시안전통합센터,2026-01-10,토,9,21
01,수원시동부차고지 - 수원시도시안전통합센터,2026-01-10,토,10,30
01,수원시동부차고지 - 수원시도시안전통합센터,2026-01-10,토,11,18
01,수원시동부차고지 - 수원시도시안전통합센터,2026-01-10,토,12,21
01,수원시동부차고지 - 수원시도시안전통합센터,2026-01-10,토,13,27
01,수원시동부차고지 - 수원시도시안전통합센터,2026-01-10,토,14,16
01,수원시동부차고지 - 수원시도시안전통합센터,2026-01-10,토,15,17
01,수원시동부차고지 - 수원시도시안전통합센터,2026-01-10,토,16,29
01,수원시동부차고지 - 수원시도시안전통합센터,2026-01-10,토,17,23
01,수원시동부차고지 - 수원시도시안전통합센터,2026-01-10,토,18,15
01,수원시동부차고지 - 수원시도시안전통합센터,2026-01-10,토,19,19
01,수원시동부차고지 - 수원시도시안전통합센터,2026-01-10,토,20,27
01,수원시동부차고지 - 수원시도시안전통합센터,2026-01-10,토,21,28
01,수원시동부차고지 - 수원시도시안전통합센터,2026-01-10,토,22,30
01,수원시동부차고지 - 수원시도시안전통합센터,2026-01-10,토,23,11
01,수원시동부차고지 - 수원시도시안전통합센터,2026-01-11,일,6,2
01,수원시동부차고지 - 수원시도시안전통합센터,2026-01-11,일,7,7
01,수원시동부차고지 - 수원시도시안전통합센터,2026-01-11,일,8,12
01,수원시동부차고지 - 수원시도시안전통합센터,2026-01-11,일,9,26
01,수원시동부차고지 - 수원시도시안전통합센터,2026-01-11,일,10,28
01,수원시동부차고지 - 수원시도시안전통합센터,2026-01-11,일,11,21
01,수원시동부차고지 - 수원시도시안전통합센터,2026-01-11,일,12,19
01,수원시동부차고지 - 수원시도시안전통합센터,2026-01-11,일,13,32
01,수원시동부차고지 - 수원시도시안전통합센터,2026-01-11,일,14,17
01,수원시동부차고지 - 수원시도시안전통합센터,2026-01-11,일,15,25
01,수원시동부차고지 - 수원시도시안전통합센터,2026-01-11,일,16,20
01,수원시동부차고지 - 수원시도시안전통합센터,2026-01-11,일,17,28
01,수원시동부차고지 - 수원시도시안전통합센터,2026-01-11,일,18,11
01,수원시동부차고지 - 수원시도시안전통합센터,2026-01-11,일,19,19
01,수원시동부차고지 - 수원시도시안전통합센터,2026-01-11,일,20,27
01,수원시동부차고지 - 수원시도시안전통합센터,2026-01-11,일,21,17
01,수원시동부차고지 - 수원시도시안전통합센터,2026-01-11,일,22,23
01,수원시동부차고지 - 수원시도시안전통합센터,2026-01-11,일,23,7
01,수원시동부차고지 - 수원시도시안전통합센터,2026-01-12,월,6,14
01,수원시동부차고지 - 수원시도시안전통합센터,2026-01-12,월,7,33
01,수원시동부차고지 - 수원시도시안전통합센터,2026-01-12,월,8,15
01,수원시동부차고지 - 수원시도시안전통합센터,2026-01-12,월,9,30
01,수원시동부차고지 - 수원시도시안전통합센터,2026-01-12,월,10,30
01,수원시동부차고지 - 수원시도시안전통합센터,2026-01-12,월,11,16
01,수원시동부차고지 - 수원시도시안전통합센터,2026-01-12,월,12,23
01,수원시동부차고지 - 수원시도시안전통합센터,2026-01-12,월,13,27
01,수원시동부차고지 - 수원시도시안전통합센터,2026-01-12,월,14,16
01,수원시동부차고지 - 수원시도시안전통합센터,2026-01-12,월,15,26
01,수원시동부차고지 - 수원시도시안전통합센터,2026-01-12,월,16,23
01,수원시동부차고지 - 수원시도시안전통합센터,2026-01-12,월,17,28
01,수원시동부차고지 - 수원시도시안전통합센터,2026-01-12,월,18,15
01,수원시동부차고지 - 수원시도시안전통합센터,2026-01-12,월,19,31
01,수원시동부차고지 - 수원시도시안전통합센터,2026-01-12,월,20,26
01,수원시동부차고지 - 수원시도시안전통합센터,2026-01-12,월,21,28
01,수원시동부차고지 - 수원시도시안전통합센터,2026-01-12,월,22,22
01,수원시동부차고지 - 수원시도시안전통합센터,2026-01-12,월,23,7
01,수원시동부차고지 - 수원시도시안전통합센터,2026-01-13,화,6,14
01,수원시동부차고지 - 수원시도시안전통합센터,2026-01-13,화,7,27
01,수원시동부차고지 - 수원시도시안전통합센터,2026-01-13,화,8,29
01,수원시동부차고지 - 수원시도시안전통합센터,2026-01-13,화,9,26
01,수원시동부차고지 - 수원시도시안전통합센터,2026-01-13,화,10,30
01,수원시동부차고지 - 수원시도시안전통합센터,2026-01-13,화,11,25
01,수원시동부차고지 - 수원시도시안전통합센터,2026-01-13,화,12,19
01,수원시동부차고지 - 수원시도시안전통합센터,2026-01-13,화,13,31
01,수원시동부차고지 - 수원시도시안전통합센터,2026-01-13,화,14,10
01,수원시동부차고지 - 수원시도시안전통합센터,2026-01-13,화,15,20
01,수원시동부차고지 - 수원시도시안전통합센터,2026-01-13,화,16,31
01,수원시동부차고지 - 수원시도시안전통합센터,2026-01-13,화,17,22
01,수원시동부차고지 - 수원시도시안전통합센터,2026-01-13,화,18,21
01,수원시동부차고지 - 수원시도시안전통합센터,2026-01-13,화,19,21
01,수원시동부차고지 - 수원시도시안전통합센터,2026-01-13,화,20,36
01,수원시동부차고지 - 수원시도시안전통합센터,2026-01-13,화,21,33
01,수원시동부차고지 - 수원시도시안전통합센터,2026-01-13,화,22,25
01,수원시동부차고지 - 수원시도시안전통합센터,2026-01-13,화,23,12
01,수원시동부차고지 - 수원시도시안전통합센터,2026-01-14,수,6,14
01,수원시동부차고지 - 수원시도시안전통합센터,2026-01-14,수,7,38
01,수원시동부차고지 - 수원시도시안전통합센터,2026-01-14,수,8,22
01,수원시동부차고지 - 수원시도시안전통합센터,2026-01-14,수,9,25
01,수원시동부차고지 - 수원시도시안전통합센터,2026-01-14,수,10,16
01,수원시동부차고지 - 수원시도시안전통합센터,2026-01-14,수,11,14
01,수원시동부차고지 - 수원시도시안전통합센터,2026-01-14,수,12,24
01,수원시동부차고지 - 수원시도시안전통합센터,2026-01-14,수,13,28
01,수원시동부차고지 - 수원시도시안전통합센터,2026-01-14,수,14,16
01,수원시동부차고지 - 수원시도시안전통합센터,2026-01-14,수,15,27
01,수원시동부차고지 - 수원시도시안전통합센터,2026-01-14,수,16,29
01,수원시동부차고지 - 수원시도시안전통합센터,2026-01-14,수,17,17
01,수원시동부차고지 - 수원시도시안전통합센터,2026-01-14,수,18,24
01,수원시동부차고지 - 수원시도시안전통합센터,2026-01-14,수,19,19
01,수원시동부차고지 - 수원시도시안전통합센터,2026-01-14,수,20,33
01,수원시동부차고지 - 수원시도시안전통합센터,2026-01-14,수,21,26
01,수원시동부차고지 - 수원시도시안전통합센터,2026-01-14,수,22,27
01,수원시동부차고지 - 수원시도시안전통합센터,2026-01-14,수,23,6
01,수원시동부차고지 - 수원시도시안전통합센터,2026-05-01,금,6,5
01,수원시동부차고지 - 수원시도시안전통합센터,2026-05-01,금,7,20
01,수원시동부차고지 - 수원시도시안전통합센터,2026-05-01,금,8,14
01,수원시동부차고지 - 수원시도시안전통합센터,2026-05-01,금,9,27
01,수원시동부차고지 - 수원시도시안전통합센터,2026-05-01,금,10,23
01,수원시동부차고지 - 수원시도시안전통합센터,2026-05-01,금,11,32
01,수원시동부차고지 - 수원시도시안전통합센터,2026-05-01,금,12,28
01,수원시동부차고지 - 수원시도시안전통합센터,2026-05-01,금,13,41
01,수원시동부차고지 - 수원시도시안전통합센터,2026-05-01,금,14,25
01,수원시동부차고지 - 수원시도시안전통합센터,2026-05-01,금,15,20
01,수원시동부차고지 - 수원시도시안전통합센터,2026-05-01,금,16,39
01,수원시동부차고지 - 수원시도시안전통합센터,2026-05-01,금,17,32
01,수원시동부차고지 - 수원시도시안전통합센터,2026-05-01,금,18,22
01,수원시동부차고지 - 수원시도시안전통합센터,2026-05-01,금,19,26
01,수원시동부차고지 - 수원시도시안전통합센터,2026-05-01,금,20,23
01,수원시동부차고지 - 수원시도시안전통합센터,2026-05-01,금,21,33
01,수원시동부차고지 - 수원시도시안전통합센터,2026-05-01,금,22,28
01,수원시동부차고지 - 수원시도시안전통합센터,2026-05-01,금,23,2
01,수원시동부차고지 - 수원시도시안전통합센터,2026-05-02,토,6,6
01,수원시동부차고지 - 수원시도시안전통합센터,2026-05-02,토,7,20
01,수원시동부차고지 - 수원시도시안전통합센터,2026-05-02,토,8,17
01,수원시동부차고지 - 수원시도시안전통합센터,2026-05-02,토,9,33
01,수원시동부차고지 - 수원시도시안전통합센터,2026-05-02,토,10,33
01,수원시동부차고지 - 수원시도시안전통합센터,2026-05-02,토,11,25
01,수원시동부차고지 - 수원시도시안전통합센터,2026-05-02,토,12,28
01,수원시동부차고지 - 수원시도시안전통합센터,2026-05-02,토,13,48
01,수원시동부차고지 - 수원시도시안전통합센터,2026-05-02,토,14,32
01,수원시동부차고지 - 수원시도시안전통합센터,2026-05-02,토,15,29
01,수원시동부차고지 - 수원시도시안전통합센터,2026-05-02,토,16,29
01,수원시동부차고지 - 수원시도시안전통합센터,2026-05-02,토,17,42
01,수원시동부차고지 - 수원시도시안전통합센터,2026-05-02,토,18,24
01,수원시동부차고지 - 수원시도시안전통합센터,2026-05-02,토,19,23
01,수원시동부차고지 - 수원시도시안전통합센터,2026-05-02,토,20,25
01,수원시동부차고지 - 수원시도시안전통합센터,2026-05-02,토,21,31
01,수원시동부차고지 - 수원시도시안전통합센터,2026-05-02,토,22,35
01,수원시동부차고지 - 수원시도시안전통합센터,2026-05-02,토,23,7
01,수원시동부차고지 - 수원시도시안전통합센터,2026-05-03,일,6,5
01,수원시동부차고지 - 수원시도시안전통합센터,2026-05-03,일,7,16
01,수원시동부차고지 - 수원시도시안전통합센터,2026-05-03,일,8,16
01,수원시동부차고지 - 수원시도시안전통합센터,2026-05-03,일,9,23
01,수원시동부차고지 - 수원시도시안전통합센터,2026-05-03,일,10,35
01,수원시동부차고지 - 수원시도시안전통합센터,2026-05-03,일,11,20
01,수원시동부차고지 - 수원시도시안전통합센터,2026-05-03,일,12,38
01,수원시동부차고지 - 수원시도시안전통합센터,2026-05-03,일,13,33
01,수원시동부차고지 - 수원시도시안전통합센터,2026-05-03,일,14,21
01,수원시동부차고지 - 수원시도시안전통합센터,2026-05-03,일,15,27
01,수원시동부차고지 - 수원시도시안전통합센터,2026-05-03,일,16,46
01,수원시동부차고지 - 수원시도시안전통합센터,2026-05-03,일,17,31
01,수원시동부차고지 - 수원시도시안전통합센터,2026-05-03,일,18,23
01,수원시동부차고지 - 수원시도시안전통합센터,2026-05-03,일,19,22
01,수원시동부차고지 - 수원시도시안전통합센터,2026-05-03,일,20,37
01,수원시동부차고지 - 수원시도시안전통합센터,2026-05-03,일,21,32
01,수원시동부차고지 - 수원시도시안전통합센터,2026-05-03,일,22,23
01,수원시동부차고지 - 수원시도시안전통합센터,2026-05-03,일,23,7
01,수원시동부차고지 - 수원시도시안전통합센터,2026-05-04,월,6,22
01,수원시동부차고지 - 수원시도시안전통합센터,2026-05-04,월,7,38
01,수원시동부차고지 - 수원시도시안전통합센터,2026-05-04,월,8,21
01,수원시동부차고지 - 수원시도시안전통합센터,2026-05-04,월,9,30
01,수원시동부차고지 - 수원시도시안전통합센터,2026-05-04,월,10,34
01,수원시동부차고지 - 수원시도시안전통합센터,2026-05-04,월,11,24
01,수원시동부차고지 - 수원시도시안전통합센터,2026-05-04,월,12,17
01,수원시동부차고지 - 수원시도시안전통합센터,2026-05-04,월,13,36
01,수원시동부차고지 - 수원시도시안전통합센터,2026-05-04,월,14,21
01,수원시동부차고지 - 수원시도시안전통합센터,2026-05-04,월,15,23
01,수원시동부차고지 - 수원시도시안전통합센터,2026-05-04,월,16,42
01,수원시동부차고지 - 수원시도시안전통합센터,2026-05-04,월,17,36
01,수원시동부차고지 - 수원시도시안전통합센터,2026-05-04,월,18,20
01,수원시동부차고지 - 수원시도시안전통합센터,2026-05-04,월,19,30
01,수원시동부차고지 - 수원시도시안전통합센터,2026-05-04,월,20,35
01,수원시동부차고지 - 수원시도시안전통합센터,2026-05-04,월,21,18
01,수원시동부차고지 - 수원시도시안전통합센터,2026-05-04,월,22,40
01,수원시동부차고지 - 수원시도시안전통합센터,2026-05-04,월,23,7
01,수원시동부차고지 - 수원시도시안전통합센터,2026-05-05,화,6,8
01,수원시동부차고지 - 수원시도시안전통합센터,2026-05-05,화,7,7
01,수원시동부차고지 - 수원시도시안전통합센터,2026-05-05,화,8,11
01,수원시동부차고지 - 수원시도시안전통합센터,2026-05-05,화,9,32
01,수원시동부차고지 - 수원시도시안전통합센터,2026-05-05,화,10,47
01,수원시동부차고지 - 수원시도시안전통합센터,2026-05-05,화,11,30
01,수원시동부차고지 - 수원시도시안전통합센터,2026-05-05,화,12,24
01,수원시동부차고지 - 수원시도시안전통합센터,2026-05-05,화,13,42
01,수원시동부차고지 - 수원시도시안전통합센터,2026-05-05,화,14,30
01,수원시동부차고지 - 수원시도시안전통합센터,2026-05-05,화,15,31
01,수원시동부차고지 - 수원시도시안전통합센터,2026-05-05,화,16,48
01,수원시동부차고지 - 수원시도시안전통합센터,2026-05-05,화,17,23
01,수원시동부차고지 - 수원시도시안전통합센터,2026-05-05,화,18,24
01,수원시동부차고지 - 수원시도시안전통합센터,2026-05-05,화,19,24
01,수원시동부차고지 - 수원시도시안전통합센터,2026-05-05,화,20,31
01,수원시동부차고지 - 수원시도시안전통합센터,2026-05-05,화,21,28
01,수원시동부차고지 - 수원시도시안전통합센터,2026-05-05,화,22,23
01,수원시동부차고지 - 수원시도시안전통합센터,2026-05-05,화,23,7
01,수원시동부차고지 - 수원시도시안전통합센터,2026-05-06,수,6,23
01,수원시동부차고지 - 수원시도시안전통합센터,2026-05-06,수,7,46
01,수원시동부차고지 - 수원시도시안전통합센터,2026-05-06,수,8,24
01,수원시동부차고지 - 수원시도시안전통합센터,2026-05-06,수,9,33
01,수원시동부차고지 - 수원시도시안전통합센터,2026-05-06,수,10,23
01,수원시동부차고지 - 수원시도시안전통합센터,2026-05-06,수,11,21
01,수원시동부차고지 - 수원시도시안전통합센터,2026-05-06,수,12,16
01,수원시동부차고지 - 수원시도시안전통합센터,2026-05-06,수,13,27
01,수원시동부차고지 - 수원시도시안전통합센터,2026-05-06,수,14,19
01,수원시동부차고지 - 수원시도시안전통합센터,2026-05-06,수,15,23
01,수원시동부차고지 - 수원시도시안전통합센터,2026-05-06,수,16,57
01,수원시동부차고지 - 수원시도시안전통합센터,2026-05-06,수,17,31
01,수원시동부차고지 - 수원시도시안전통합센터,2026-05-06,수,18,26
01,수원시동부차고지 - 수원시도시안전통합센터,2026-05-06,수,19,32
01,수원시동부차고지 - 수원시도시안전통합센터,2026-05-06,수,20,41
01,수원시동부차고지 - 수원시도시안전통합센터,2026-05-06,수,21,28
01,수원시동부차고지 - 수원시도시안전통합센터,2026-05-06,수,22,43
01,수원시동부차고지 - 수원시도시안전통합센터,2026-05-06,수,23,6
01,수원시동부차고지 - 수원시도시안전통합센터,2026-05-07,목,6,20
01,수원시동부차고지 - 수원시도시안전통합센터,2026-05-07,목,7,54
01,수원시동부차고지 - 수원시도시안전통합센터,2026-05-07,목,8,22
01,수원시동부차고지 - 수원시도시안전통합센터,2026-05-07,목,9,37
01,수원시동부차고지 - 수원시도시안전통합센터,2026-05-07,목,10,16
01,수원시동부차고지 - 수원시도시안전통합센터,2026-05-07,목,11,19
01,수원시동부차고지 - 수원시도시안전통합센터,2026-05-07,목,12,23
01,수원시동부차고지 - 수원시도시안전통합센터,2026-05-07,목,13,29
01,수원시동부차고지 - 수원시도시안전통합센터,2026-05-07,목,14,25
01,수원시동부차고지 - 수원시도시안전통합센터,2026-05-07,목,15,26
01,수원시동부차고지 - 수원시도시안전통합센터,2026-05-07,목,16,55
01,수원시동부차고지 - 수원시도시안전통합센터,2026-05-07,목,17,39
01,수원시동부차고지 - 수원시도시안전통합센터,2026-05-07,목,18,23
01,수원시동부차고지 - 수원시도시안전통합센터,2026-05-07,목,19,30
01,수원시동부차고지 - 수원시도시안전통합센터,2026-05-07,목,20,44
01,수원시동부차고지 - 수원시도시안전통합센터,2026-05-07,목,21,23
01,수원시동부차고지 - 수원시도시안전통합센터,2026-05-07,목,22,38
01,수원시동부차고지 - 수원시도시안전통합센터,2026-05-07,목,23,9
01,수원시동부차고지 - 수원시도시안전통합센터,2026-05-08,금,6,18
01,수원시동부차고지 - 수원시도시안전통합센터,2026-05-08,금,7,55
01,수원시동부차고지 - 수원시도시안전통합센터,2026-05-08,금,8,26
01,수원시동부차고지 - 수원시도시안전통합센터,2026-05-08,금,9,37
01,수원시동부차고지 - 수원시도시안전통합센터,2026-05-08,금,10,29
01,수원시동부차고지 - 수원시도시안전통합센터,2026-05-08,금,11,20
01,수원시동부차고지 - 수원시도시안전통합센터,2026-05-08,금,12,26
01,수원시동부차고지 - 수원시도시안전통합센터,2026-05-08,금,13,23
01,수원시동부차고지 - 수원시도시안전통합센터,2026-05-08,금,14,19
01,수원시동부차고지 - 수원시도시안전통합센터,2026-05-08,금,15,26
01,수원시동부차고지 - 수원시도시안전통합센터,2026-05-08,금,16,45
01,수원시동부차고지 - 수원시도시안전통합센터,2026-05-08,금,17,39
01,수원시동부차고지 - 수원시도시안전통합센터,2026-05-08,금,18,12
01,수원시동부차고지 - 수원시도시안전통합센터,2026-05-08,금,19,35
01,수원시동부차고지 - 수원시도시안전통합센터,2026-05-08,금,20,34
01,수원시동부차고지 - 수원시도시안전통합센터,2026-05-08,금,21,30
01,수원시동부차고지 - 수원시도시안전통합센터,2026-05-08,금,22,39
01,수원시동부차고지 - 수원시도시안전통합센터,2026-05-08,금,23,12
01,수원시동부차고지 - 수원시도시안전통합센터,2026-05-09,토,6,5
01,수원시동부차고지 - 수원시도시안전통합센터,2026-05-09,토,7,18
01,수원시동부차고지 - 수원시도시안전통합센터,2026-05-09,토,8,28
01,수원시동부차고지 - 수원시도시안전통합센터,2026-05-09,토,9,37
01,수원시동부차고지 - 수원시도시안전통합센터,2026-05-09,토,10,31
01,수원시동부차고지 - 수원시도시안전통합센터,2026-05-09,토,11,35
01,수원시동부차고지 - 수원시도시안전통합센터,2026-05-09,토,12,26
01,수원시동부차고지 - 수원시도시안전통합센터,2026-05-09,토,13,38
01,수원시동부차고지 - 수원시도시안전통합센터,2026-05-09,토,14,22
01,수원시동부차고지 - 수원시도시안전통합센터,2026-05-09,토,15,52
01,수원시동부차고지 - 수원시도시안전통합센터,2026-05-09,토,16,54
01,수원시동부차고지 - 수원시도시안전통합센터,2026-05-09,토,17,48
01,수원시동부차고지 - 수원시도시안전통합센터,2026-05-09,토,18,28
01,수원시동부차고지 - 수원시도시안전통합센터,2026-05-09,토,19,41
01,수원시동부차고지 - 수원시도시안전통합센터,2026-05-09,토,20,35
01,수원시동부차고지 - 수원시도시안전통합센터,2026-05-09,토,21,47
01,수원시동부차고지 - 수원시도시안전통합센터,2026-05-09,토,22,33
01,수원시동부차고지 - 수원시도시안전통합센터,2026-05-09,토,23,14
01,수원시동부차고지 - 수원시도시안전통합센터,2026-05-10,일,6,7
01,수원시동부차고지 - 수원시도시안전통합센터,2026-05-10,일,7,14
01,수원시동부차고지 - 수원시도시안전통합센터,2026-05-10,일,8,21
01,수원시동부차고지 - 수원시도시안전통합센터,2026-05-10,일,9,31
01,수원시동부차고지 - 수원시도시안전통합센터,2026-05-10,일,10,42
01,수원시동부차고지 - 수원시도시안전통합센터,2026-05-10,일,11,29
01,수원시동부차고지 - 수원시도시안전통합센터,2026-05-10,일,12,15
01,수원시동부차고지 - 수원시도시안전통합센터,2026-05-10,일,13,25
01,수원시동부차고지 - 수원시도시안전통합센터,2026-05-10,일,14,33
01,수원시동부차고지 - 수원시도시안전통합센터,2026-05-10,일,15,28
01,수원시동부차고지 - 수원시도시안전통합센터,2026-05-10,일,16,48
01,수원시동부차고지 - 수원시도시안전통합센터,2026-05-10,일,17,32
01,수원시동부차고지 - 수원시도시안전통합센터,2026-05-10,일,18,24
01,수원시동부차고지 - 수원시도시안전통합센터,2026-05-10,일,19,32
01,수원시동부차고지 - 수원시도시안전통합센터,2026-05-10,일,20,31
01,수원시동부차고지 - 수원시도시안전통합센터,2026-05-10,일,21,28
01,수원시동부차고지 - 수원시도시안전통합센터,2026-05-10,일,22,38
01,수원시동부차고지 - 수원시도시안전통합센터,2026-05-10,일,23,7
01,수원시동부차고지 - 수원시도시안전통합센터,2026-05-11,월,6,14
01,수원시동부차고지 - 수원시도시안전통합센터,2026-05-11,월,7,51
01,수원시동부차고지 - 수원시도시안전통합센터,2026-05-11,월,8,25
01,수원시동부차고지 - 수원시도시안전통합센터,2026-05-11,월,9,41
01,수원시동부차고지 - 수원시도시안전통합센터,2026-05-11,월,10,28
01,수원시동부차고지 - 수원시도시안전통합센터,2026-05-11,월,11,22
01,수원시동부차고지 - 수원시도시안전통합센터,2026-05-11,월,12,19
01,수원시동부차고지 - 수원시도시안전통합센터,2026-05-11,월,13,37
01,수원시동부차고지 - 수원시도시안전통합센터,2026-05-11,월,14,22
01,수원시동부차고지 - 수원시도시안전통합센터,2026-05-11,월,15,37
01,수원시동부차고지 - 수원시도시안전통합센터,2026-05-11,월,16,44
01,수원시동부차고지 - 수원시도시안전통합센터,2026-05-11,월,17,35
01,수원시동부차고지 - 수원시도시안전통합센터,2026-05-11,월,18,19
01,수원시동부차고지 - 수원시도시안전통합센터,2026-05-11,월,19,34
01,수원시동부차고지 - 수원시도시안전통합센터,2026-05-11,월,20,31
01,수원시동부차고지 - 수원시도시안전통합센터,2026-05-11,월,21,30
01,수원시동부차고지 - 수원시도시안전통합센터,2026-05-11,월,22,36
01,수원시동부차고지 - 수원시도시안전통합센터,2026-05-11,월,23,6
01,수원시동부차고지 - 수원시도시안전통합센터,2026-05-12,화,6,18
01,수원시동부차고지 - 수원시도시안전통합센터,2026-05-12,화,7,50
01,수원시동부차고지 - 수원시도시안전통합센터,2026-05-12,화,8,25
01,수원시동부차고지 - 수원시도시안전통합센터,2026-05-12,화,9,36
01,수원시동부차고지 - 수원시도시안전통합센터,2026-05-12,화,10,25
01,수원시동부차고지 - 수원시도시안전통합센터,2026-05-12,화,11,28
01,수원시동부차고지 - 수원시도시안전통합센터,2026-05-12,화,12,18
01,수원시동부차고지 - 수원시도시안전통합센터,2026-05-12,화,13,25
01,수원시동부차고지 - 수원시도시안전통합센터,2026-05-12,화,14,29
01,수원시동부차고지 - 수원시도시안전통합센터,2026-05-12,화,15,21
01,수원시동부차고지 - 수원시도시안전통합센터,2026-05-12,화,16,48
01,수원시동부차고지 - 수원시도시안전통합센터,2026-05-12,화,17,42
01,수원시동부차고지 - 수원시도시안전통합센터,2026-05-12,화,18,14
01,수원시동부차고지 - 수원시도시안전통합센터,2026-05-12,화,19,33
01,수원시동부차고지 - 수원시도시안전통합센터,2026-05-12,화,20,42
01,수원시동부차고지 - 수원시도시안전통합센터,2026-05-12,화,21,31
01,수원시동부차고지 - 수원시도시안전통합센터,2026-05-12,화,22,34
01,수원시동부차고지 - 수원시도시안전통합센터,2026-05-12,화,23,10
01,수원시동부차고지 - 수원시도시안전통합센터,2026-05-13,수,6,15
01,수원시동부차고지 - 수원시도시안전통합센터,2026-05-13,수,7,47
01,수원시동부차고지 - 수원시도시안전통합센터,2026-05-13,수,8,27
01,수원시동부차고지 - 수원시도시안전통합센터,2026-05-13,수,9,27
01,수원시동부차고지 - 수원시도시안전통합센터,2026-05-13,수,10,29
01,수원시동부차고지 - 수원시도시안전통합센터,2026-05-13,수,11,14
01,수원시동부차고지 - 수원시도시안전통합센터,2026-05-13,수,12,13
01,수원시동부차고지 - 수원시도시안전통합센터,2026-05-13,수,13,40
01,수원시동부차고지 - 수원시도시안전통합센터,2026-05-13,수,14,21
01,수원시동부차고지 - 수원시도시안전통합센터,2026-05-13,수,15,32
01,수원시동부차고지 - 수원시도시안전통합센터,2026-05-13,수,16,38
01,수원시동부차고지 - 수원시도시안전통합센터,2026-05-13,수,17,30
01,수원시동부차고지 - 수원시도시안전통합센터,2026-05-13,수,18,10
01,수원시동부차고지 - 수원시도시안전통합센터,2026-05-13,수,19,34
01,수원시동부차고지 - 수원시도시안전통합센터,2026-05-13,수,20,35
01,수원시동부차고지 - 수원시도시안전통합센터,2026-05-13,수,21,30
01,수원시동부차고지 - 수원시도시안전통합센터,2026-05-13,수,22,37
01,수원시동부차고지 - 수원시도시안전통합센터,2026-05-13,수,23,11
01,수원시동부차고지 - 수원시도시안전통합센터,2026-05-14,목,6,16
01,수원시동부차고지 - 수원시도시안전통합센터,2026-05-14,목,7,41
01,수원시동부차고지 - 수원시도시안전통합센터,2026-05-14,목,8,26
01,수원시동부차고지 - 수원시도시안전통합센터,2026-05-14,목,9,27
01,수원시동부차고지 - 수원시도시안전통합센터,2026-05-14,목,10,21
01,수원시동부차고지 - 수원시도시안전통합센터,2026-05-14,목,11,23
01,수원시동부차고지 - 수원시도시안전통합센터,2026-05-14,목,12,13
01,수원시동부차고지 - 수원시도시안전통합센터,2026-05-14,목,13,32
01,수원시동부차고지 - 수원시도시안전통합센터,2026-05-14,목,14,22
01,수원시동부차고지 - 수원시도시안전통합센터,2026-05-14,목,15,27
01,수원시동부차고지 - 수원시도시안전통합센터,2026-05-14,목,16,42
01,수원시동부차고지 - 수원시도시안전통합센터,2026-05-14,목,17,44
01,수원시동부차고지 - 수원시도시안전통합센터,2026-05-14,목,18,21
01,수원시동부차고지 - 수원시도시안전통합센터,2026-05-14,목,19,43
01,수원시동부차고지 - 수원시도시안전통합센터,2026-05-14,목,20,38
01,수원시동부차고지 - 수원시도시안전통합센터,2026-05-14,목,21,36
01,수원시동부차고지 - 수원시도시안전통합센터,2026-05-14,목,22,45
01,수원시동부차고지 - 수원시도시안전통합센터,2026-05-14,목,23,7
01,수원시동부차고지 - 수원시도시안전통합센터,2026-08-01,토,6,7
01,수원시동부차고지 - 수원시도시안전통합센터,2026-08-01,토,7,16
01,수원시동부차고지 - 수원시도시안전통합센터,2026-08-01,토,8,20
01,수원시동부차고지 - 수원시도시안전통합센터,2026-08-01,토,9,38
01,수원시동부차고지 - 수원시도시안전통합센터,2026-08-01,토,10,31
01,수원시동부차고지 - 수원시도시안전통합센터,2026-08-01,토,11,42
01,수원시동부차고지 - 수원시도시안전통합센터,2026-08-01,토,12,40
01,수원시동부차고지 - 수원시도시안전통합센터,2026-08-01,토,13,51
01,수원시동부차고지 - 수원시도시안전통합센터,2026-08-01,토,14,37
01,수원시동부차고지 - 수원시도시안전통합센터,2026-08-01,토,15,31
01,수원시동부차고지 - 수원시도시안전통합센터,2026-08-01,토,16,61
01,수원시동부차고지 - 수원시도시안전통합센터,2026-08-01,토,17,39
01,수원시동부차고지 - 수원시도시안전통합센터,2026-08-01,토,18,23
01,수원시동부차고지 - 수원시도시안전통합센터,2026-08-01,토,19,26
01,수원시동부차고지 - 수원시도시안전통합센터,2026-08-01,토,20,40
01,수원시동부차고지 - 수원시도시안전통합센터,2026-08-01,토,21,36
01,수원시동부차고지 - 수원시도시안전통합센터,2026-08-01,토,22,60
01,수원시동부차고지 - 수원시도시안전통합센터,2026-08-01,토,23,14
01,수원시동부차고지 - 수원시도시안전통합센터,2026-08-02,일,6,8
01,수원시동부차고지 - 수원시도시안전통합센터,2026-08-02,일,7,17
01,수원시동부차고지 - 수원시도시안전통합센터,2026-08-02,일,8,26
01,수원시동부차고지 - 수원시도시안전통합센터,2026-08-02,일,9,40
01,수원시동부차고지 - 수원시도시안전통합센터,2026-08-02,일,10,38
01,수원시동부차고지 - 수원시도시안전통합센터,2026-08-02,일,11,36
01,수원시동부차고지 - 수원시도시안전통합센터,2026-08-02,일,12,17
01,수원시동부차고지 - 수원시도시안전통합센터,2026-08-02,일,13,32
01,수원시동부차고지 - 수원시도시안전통합센터,2026-08-02,일,14,21
01,수원시동부차고지 - 수원시도시안전통합센터,2026-08-02,일,15,28
01,수원시동부차고지 - 수원시도시안전통합센터,2026-08-02,일,16,41
01,수원시동부차고지 - 수원시도시안전통합센터,2026-08-02,일,17,47
01,수원시동부차고지 - 수원시도시안전통합센터,2026-08-02,일,18,24
01,수원시동부차고지 - 수원시도시안전통합센터,2026-08-02,일,19,33
01,수원시동부차고지 - 수원시도시안전통합센터,2026-08-02,일,20,31
01,수원시동부차고지 - 수원시도시안전통합센터,2026-08-02,일,21,38
01,수원시동부차고지 - 수원시도시안전통합센터,2026-08-02,일,22,40
01,수원시동부차고지 - 수원시도시안전통합센터,2026-08-02,일,23,7
01,수원시동부차고지 - 수원시도시안전통합센터,2026-08-03,월,6,19
01,수원시동부차고지 - 수원시도시안전통합센터,2026-08-03,월,7,50
01,수원시동부차고지 - 수원시도시안전통합센터,2026-08-03,월,8,22
01,수원시동부차고지 - 수원시도시안전통합센터,2026-08-03,월,9,53
01,수원시동부차고지 - 수원시도시안전통합센터,2026-08-03,월,10,34
01,수원시동부차고지 - 수원시도시안전통합센터,2026-08-03,월,11,33
01,수원시동부차고지 - 수원시도시안전통합센터,2026-08-03,월,12,26
01,수원시동부차고지 - 수원시도시안전통합센터,2026-08-03,월,13,46
01,수원시동부차고지 - 수원시도시안전통합센터,2026-08-03,월,14,25
01,수원시동부차고지 - 수원시도시안전통합센터,2026-08-03,월,15,45
01,수원시동부차고지 - 수원시도시안전통합센터,2026-08-03,월,16,44
01,수원시동부차고지 - 수원시도시안전통합센터,2026-08-03,월,17,44
01,수원시동부차고지 - 수원시도시안전통합센터,2026-08-03,월,18,24
01,수원시동부차고지 - 수원시도시안전통합센터,2026-08-03,월,19,44
01,수원시동부차고지 - 수원시도시안전통합센터,2026-08-03,월,20,34
01,수원시동부차고지 - 수원시도시안전통합센터,2026-08-03,월,21,33
01,수원시동부차고지 - 수원시도시안전통합센터,2026-08-03,월,22,37
01,수원시동부차고지 - 수원시도시안전통합센터,2026-08-03,월,23,11
01,수원시동부차고지 - 수원시도시안전통합센터,2026-08-04,화,6,23
01,수원시동부차고지 - 수원시도시안전통합센터,2026-08-04,화,7,63
01,수원시동부차고지 - 수원시도시안전통합센터,2026-08-04,화,8,24
01,수원시동부차고지 - 수원시도시안전통합센터,2026-08-04,화,9,47
01,수원시동부차고지 - 수원시도시안전통합센터,2026-08-04,화,10,28
01,수원시동부차고지 - 수원시도시안전통합센터,2026-08-04,화,11,25
01,수원시동부차고지 - 수원시도시안전통합센터,2026-08-04,화,12,24
01,수원시동부차고지 - 수원시도시안전통합센터,2026-08-04,화,13,32
01,수원시동부차고지 - 수원시도시안전통합센터,2026-08-04,화,14,24
01,수원시동부차고지 - 수원시도시안전통합센터,2026-08-04,화,15,42
01,수원시동부차고지 - 수원시도시안전통합센터,2026-08-04,화,16,49
01,수원시동부차고지 - 수원시도시안전통합센터,2026-08-04,화,17,42
01,수원시동부차고지 - 수원시도시안전통합센터,2026-08-04,화,18,29
01,수원시동부차고지 - 수원시도시안전통합센터,2026-08-04,화,19,50
01,수원시동부차고지 - 수원시도시안전통합센터,2026-08-04,화,20,53
01,수원시동부차고지 - 수원시도시안전통합센터,2026-08-04,화,21,30
01,수원시동부차고지 - 수원시도시안전통합센터,2026-08-04,화,22,49
01,수원시동부차고지 - 수원시도시안전통합센터,2026-08-04,화,23,12
01,수원시동부차고지 - 수원시도시안전통합센터,2026-08-05,수,6,22
01,수원시동부차고지 - 수원시도시안전통합센터,2026-08-05,수,7,61
01,수원시동부차고지 - 수원시도시안전통합센터,2026-08-05,수,8,28
01,수원시동부차고지 - 수원시도시안전통합센터,2026-08-05,수,9,44
01,수원시동부차고지 - 수원시도시안전통합센터,2026-08-05,수,10,32
01,수원시동부차고지 - 수원시도시안전통합센터,2026-08-05,수,11,28
01,수원시동부차고지 - 수원시도시안전통합센터,2026-08-05,수,12,25
01,수원시동부차고지 - 수원시도시안전통합센터,2026-08-05,수,13,41
01,수원시동부차고지 - 수원시도시안전통합센터,2026-08-05,수,14,29
01,수원시동부차고지 - 수원시도시안전통합센터,2026-08-05,수,15,45
01,수원시동부차고지 - 수원시도시안전통합센터,2026-08-05,수,16,62
01,수원시동부차고지 - 수원시도시안전통합센터,2026-08-05,수,17,46
01,수원시동부차고지 - 수원시도시안전통합센터,2026-08-05,수,18,28
01,수원시동부차고지 - 수원시도시안전통합센터,2026-08-05,수,19,41
01,수원시동부차고지 - 수원시도시안전통합센터,2026-08-05,수,20,45
01,수원시동부차고지 - 수원시도시안전통합센터,2026-08-05,수,21,29
01,수원시동부차고지 - 수원시도시안전통합센터,2026-08-05,수,22,34
01,수원시동부차고지 - 수원시도시안전통합센터,2026-08-05,수,23,10
01,수원시동부차고지 - 수원시도시안전통합센터,2026-08-06,목,6,25
01,수원시동부차고지 - 수원시도시안전통합센터,2026-08-06,목,7,61
01,수원시동부차고지 - 수원시도시안전통합센터,2026-08-06,목,8,35
01,수원시동부차고지 - 수원시도시안전통합센터,2026-08-06,목,9,40
01,수원시동부차고지 - 수원시도시안전통합센터,2026-08-06,목,10,36
01,수원시동부차고지 - 수원시도시안전통합센터,2026-08-06,목,11,37
01,수원시동부차고지 - 수원시도시안전통합센터,2026-08-06,목,12,21
01,수원시동부차고지 - 수원시도시안전통합센터,2026-08-06,목,13,41
01,수원시동부차고지 - 수원시도시안전통합센터,2026-08-06,목,14,19
01,수원시동부차고지 - 수원시도시안전통합센터,2026-08-06,목,15,41
01,수원시동부차고지 - 수원시도시안전통합센터,2026-08-06,목,16,51
01,수원시동부차고지 - 수원시도시안전통합센터,2026-08-06,목,17,54
01,수원시동부차고지 - 수원시도시안전통합센터,2026-08-06,목,18,28
01,수원시동부차고지 - 수원시도시안전통합센터,2026-08-06,목,19,55
01,수원시동부차고지 - 수원시도시안전통합센터,2026-08-06,목,20,44
01,수원시동부차고지 - 수원시도시안전통합센터,2026-08-06,목,21,47
01,수원시동부차고지 - 수원시도시안전통합센터,2026-08-06,목,22,46
01,수원시동부차고지 - 수원시도시안전통합센터,2026-08-06,목,23,11
01,수원시동부차고지 - 수원시도시안전통합센터,2026-08-07,금,6,30
01,수원시동부차고지 - 수원시도시안전통합센터,2026-08-07,금,7,58
01,수원시동부차고지 - 수원시도시안전통합센터,2026-08-07,금,8,29
01,수원시동부차고지 - 수원시도시안전통합센터,2026-08-07,금,9,40
01,수원시동부차고지 - 수원시도시안전통합센터,2026-08-07,금,10,32
01,수원시동부차고지 - 수원시도시안전통합센터,2026-08-07,금,11,26
01,수원시동부차고지 - 수원시도시안전통합센터,2026-08-07,금,12,24
01,수원시동부차고지 - 수원시도시안전통합센터,2026-08-07,금,13,50
01,수원시동부차고지 - 수원시도시안전통합센터,2026-08-07,금,14,24
01,수원시동부차고지 - 수원시도시안전통합센터,2026-08-07,금,15,40
01,수원시동부차고지 - 수원시도시안전통합센터,2026-08-07,금,16,53
01,수원시동부차고지 - 수원시도시안전통합센터,2026-08-07,금,17,34
01,수원시동부차고지 - 수원시도시안전통합센터,2026-08-07,금,18,17
01,수원시동부차고지 - 수원시도시안전통합센터,2026-08-07,금,19,31
01,수원시동부차고지 - 수원시도시안전통합센터,2026-08-07,금,20,46
01,수원시동부차고지 - 수원시도시안전통합센터,2026-08-07,금,21,38
01,수원시동부차고지 - 수원시도시안전통합센터,2026-08-07,금,22,66
01,수원시동부차고지 - 수원시도시안전통합센터,2026-08-07,금,23,8
01,수원시동부차고지 - 수원시도시안전통합센터,2026-08-08,토,6,10
01,수원시동부차고지 - 수원시도시안전통합센터,2026-08-08,토,7,24
01,수원시동부차고지 - 수원시도시안전통합센터,2026-08-08,토,8,32
01,수원시동부차고지 - 수원시도시안전통합센터,2026-08-08,토,9,40
01,수원시동부차고지 - 수원시도시안전통합센터,2026-08-08,토,10,33
01,수원시동부차고지 - 수원시도시안전통합센터,2026-08-08,토,11,35
01,수원시동부차고지 - 수원시도시안전통합센터,2026-08-08,토,12,29
01,수원시동부차고지 - 수원시도시안전통합센터,2026-08-08,토,13,36
01,수원시동부차고지 - 수원시도시안전통합센터,2026-08-08,토,14,22
01,수원시동부차고지 - 수원시도시안전통합센터,2026-08-08,토,15,31
01,수원시동부차고지 - 수원시도시안전통합센터,2026-08-08,토,16,51
01,수원시동부차고지 - 수원시도시안전통합센터,2026-08-08,토,17,45
01,수원시동부차고지 - 수원시도시안전통합센터,2026-08-08,토,18,24
01,수원시동부차고지 - 수원시도시안전통합센터,2026-08-08,토,19,37
01,수원시동부차고지 - 수원시도시안전통합센터,2026-08-08,토,20,39
01,수원시동부차고지 - 수원시도시안전통합센터,2026-08-08,토,21,28
01,수원시동부차고지 - 수원시도시안전통합센터,2026-08-08,토,22,42
01,수원시동부차고지 - 수원시도시안전통합센터,2026-08-08,토,23,13
01,수원시동부차고지 - 수원시도시안전통합센터,2026-08-09,일,6,9
01,수원시동부차고지 - 수원시도시안전통합센터,2026-08-09,일,7,20
01,수원시동부차고지 - 수원시도시안전통합센터,2026-08-09,일,8,23
01,수원시동부차고지 - 수원시도시안전통합센터,2026-08-09,일,9,32
01,수원시동부차고지 - 수원시도시안전통합센터,2026-08-09,일,10,37
01,수원시동부차고지 - 수원시도시안전통합센터,2026-08-09,일,11,36
01,수원시동부차고지 - 수원시도시안전통합센터,2026-08-09,일,12,33
01,수원시동부차고지 - 수원시도시안전통합센터,2026-08-09,일,13,38
01,수원시동부차고지 - 수원시도시안전통합센터,2026-08-09,일,14,34
01,수원시동부차고지 - 수원시도시안전통합센터,2026-08-09,일,15,37
01,수원시동부차고지 - 수원시도시안전통합센터,2026-08-09,일,16,53
01,수원시동부차고지 - 수원시도시안전통합센터,2026-08-09,일,17,44
01,수원시동부차고지 - 수원시도시안전통합센터,2026-08-09,일,18,19
01,수원시동부차고지 - 수원시도시안전통합센터,2026-08-09,일,19,37
01,수원시동부차고지 - 수원시도시안전통합센터,2026-08-09,일,20,33
01,수원시동부차고지 - 수원시도시안전통합센터,2026-08-09,일,21,37
01,수원시동부차고지 - 수원시도시안전통합센터,2026-08-09,일,22,28
01,수원시동부차고지 - 수원시도시안전통합센터,2026-08-09,일,23,7
01,수원시동부차고지 - 수원시도시안전통합센터,2026-08-10,월,6,22
01,수원시동부차고지 - 수원시도시안전통합센터,2026-08-10,월,7,50
01,수원시동부차고지 - 수원시도시안전통합센터,2026-08-10,월,8,32
01,수원시동부차고지 - 수원시도시안전통합센터,2026-08-10,월,9,46
01,수원시동부차고지 - 수원시도시안전통합센터,2026-08-10,월,10,43
01,수원시동부차고지 - 수원시도시안전통합센터,2026-08-10,월,11,31
01,수원시동부차고지 - 수원시도시안전통합센터,2026-08-10,월,12,22
01,수원시동부차고지 - 수원시도시안전통합센터,2026-08-10,월,13,52
01,수원시동부차고지 - 수원시도시안전통합센터,2026-08-10,월,14,33
01,수원시동부차고지 - 수원시도시안전통합센터,2026-08-10,월,15,32
01,수원시동부차고지 - 수원시도시안전통합센터,2026-08-10,월,16,46
01,수원시동부차고지 - 수원시도시안전통합센터,2026-08-10,월,17,50
01,수원시동부차고지 - 수원시도시안전통합센터,2026-08-10,월,18,31
01,수원시동부차고지 - 수원시도시안전통합센터,2026-08-10,월,19,36
01,수원시동부차고지 - 수원시도시안전통합센터,2026-08-10,월,20,37
01,수원시동부차고지 - 수원시도시안전통합센터,2026-08-10,월,21,26
01,수원시동부차고지 - 수원시도시안전통합센터,2026-08-10,월,22,39
01,수원시동부차고지 - 수원시도시안전통합센터,2026-08-10,월,23,10
01,수원시동부차고지 - 수원시도시안전통합센터,2026-08-11,화,6,24
01,수원시동부차고지 - 수원시도시안전통합센터,2026-08-11,화,7,63
01,수원시동부차고지 - 수원시도시안전통합센터,2026-08-11,화,8,37
01,수원시동부차고지 - 수원시도시안전통합센터,2026-08-11,화,9,49
01,수원시동부차고지 - 수원시도시안전통합센터,2026-08-11,화,10,33
01,수원시동부차고지 - 수원시도시안전통합센터,2026-08-11,화,11,33
01,수원시동부차고지 - 수원시도시안전통합센터,2026-08-11,화,12,25
01,수원시동부차고지 - 수원시도시안전통합센터,2026-08-11,화,13,42
01,수원시동부차고지 - 수원시도시안전통합센터,2026-08-11,화,14,28
01,수원시동부차고지 - 수원시도시안전통합센터,2026-08-11,화,15,28
01,수원시동부차고지 - 수원시도시안전통합센터,2026-08-11,화,16,68
01,수원시동부차고지 - 수원시도시안전통합센터,2026-08-11,화,17,35
01,수원시동부차고지 - 수원시도시안전통합센터,2026-08-11,화,18,23
01,수원시동부차고지 - 수원시도시안전통합센터,2026-08-11,화,19,45
01,수원시동부차고지 - 수원시도시안전통합센터,2026-08-11,화,20,39
01,수원시동부차고지 - 수원시도시안전통합센터,2026-08-11,화,21,34
01,수원시동부차고지 - 수원시도시안전통합센터,2026-08-11,화,22,42
01,수원시동부차고지 - 수원시도시안전통합센터,2026-08-11,화,23,8
01,수원시동부차고지 - 수원시도시안전통합센터,2026-08-12,수,6,25
01,수원시동부차고지 - 수원시도시안전통합센터,2026-08-12,수,7,51
01,수원시동부차고지 - 수원시도시안전통합센터,2026-08-12,수,8,22
01,수원시동부차고지 - 수원시도시안전통합센터,2026-08-12,수,9,36
01,수원시동부차고지 - 수원시도시안전통합센터,2026-08-12,수,10,43
01,수원시동부차고지 - 수원시도시안전통합센터,2026-08-12,수,11,26
01,수원시동부차고지 - 수원시도시안전통합센터,2026-08-12,수,12,24
01,수원시동부차고지 - 수원시도시안전통합센터,2026-08-12,수,13,37
01,수원시동부차고지 - 수원시도시안전통합센터,2026-08-12,수,14,32
01,수원시동부차고지 - 수원시도시안전통합센터,2026-08-12,수,15,29
01,수원시동부차고지 - 수원시도시안전통합센터,2026-08-12,수,16,53
01,수원시동부차고지 - 수원시도시안전통합센터,2026-08-12,수,17,46
01,수원시동부차고지 - 수원시도시안전통합센터,2026-08-12,수,18,19
01,수원시동부차고지 - 수원시도시안전통합센터,2026-08-12,수,19,39
01,수원시동부차고지 - 수원시도시안전통합센터,2026-08-12,수,20,31
01,수원시동부차고지 - 수원시도시안전통합센터,2026-08-12,수,21,29
01,수원시동부차고지 - 수원시도시안전통합센터,2026-08-12,수,22,50
01,수원시동부차고지 - 수원시도시안전통합센터,2026-08-12,수,23,8
01,수원시동부차고지 - 수원시도시안전통합센터,2026-08-13,목,6,24
01,수원시동부차고지 - 수원시도시안전통합센터,2026-08-13,목,7,55
01,수원시동부차고지 - 수원시도시안전통합센터,2026-08-13,목,8,32
01,수원시동부차고지 - 수원시도시안전통합센터,2026-08-13,목,9,43
01,수원시동부차고지 - 수원시도시안전통합센터,2026-08-13,목,10,38
01,수원시동부차고지 - 수원시도시안전통합센터,2026-08-13,목,11,22
01,수원시동부차고지 - 수원시도시안전통합센터,2026-08-13,목,12,22
01,수원시동부차고지 - 수원시도시안전통합센터,2026-08-13,목,13,46
01,수원시동부차고지 - 수원시도시안전통합센터,2026-08-13,목,14,18
01,수원시동부차고지 - 수원시도시안전통합센터,2026-08-13,목,15,35
01,수원시동부차고지 - 수원시도시안전통합센터,2026-08-13,목,16,43
01,수원시동부차고지 - 수원시도시안전통합센터,2026-08-13,목,17,41
01,수원시동부차고지 - 수원시도시안전통합센터,2026-08-13,목,18,25
01,수원시동부차고지 - 수원시도시안전통합센터,2026-08-13,목,19,30
01,수원시동부차고지 - 수원시도시안전통합센터,2026-08-13,목,20,42
01,수원시동부차고지 - 수원시도시안전통합센터,2026-08-13,목,21,32
01,수원시동부차고지 - 수원시도시안전통합센터,2026-08-13,목,22,47
01,수원시동부차고지 - 수원시도시안전통합센터,2026-08-13,목,23,10
01,수원시동부차고지 - 수원시도시안전통합센터,2026-08-14,금,6,22
01,수원시동부차고지 - 수원시도시안전통합센터,2026-08-14,금,7,45
01,수원시동부차고지 - 수원시도시안전통합센터,2026-08-14,금,8,21
01,수원시동부차고지 - 수원시도시안전통합센터,2026-08-14,금,9,43
01,수원시동부차고지 - 수원시도시안전통합센터,2026-08-14,금,10,35
01,수원시동부차고지 - 수원시도시안전통합센터,2026-08-14,금,11,25
01,수원시동부차고지 - 수원시도시안전통합센터,2026-08-14,금,12,19
01,수원시동부차고지 - 수원시도시안전통합센터,2026-08-14,금,13,42
01,수원시동부차고지 - 수원시도시안전통합센터,2026-08-14,금,14,31
01,수원시동부차고지 - 수원시도시안전통합센터,2026-08-14,금,15,32
01,수원시동부차고지 - 수원시도시안전통합센터,2026-08-14,금,16,49
01,수원시동부차고지 - 수원시도시안전통합센터,2026-08-14,금,17,43
01,수원시동부차고지 - 수원시도시안전통합센터,2026-08-14,금,18,19
01,수원시동부차고지 - 수원시도시안전통합센터,2026-08-14,금,19,24
01,수원시동부차고지 - 수원시도시안전통합센터,2026-08-14,금,20,42
01,수원시동부차고지 - 수원시도시안전통합센터,2026-08-14,금,21,34
01,수원시동부차고지 - 수원시도시안전통합센터,2026-08-14,금,22,37
01,수원시동부차고지 - 수원시도시안전통합센터,2026-08-14,금,23,16
01,수원시동부차고지 - 수원시도시안전통합센터,2026-09-01,화,6,25
01,수원시동부차고지 - 수원시도시안전통합센터,2026-09-01,화,7,67
01,수원시동부차고지 - 수원시도시안전통합센터,2026-09-01,화,8,33
01,수원시동부차고지 - 수원시도시안전통합센터,2026-09-01,화,9,33
01,수원시동부차고지 - 수원시도시안전통합센터,2026-09-01,화,10,28
01,수원시동부차고지 - 수원시도시안전통합센터,2026-09-01,화,11,32
01,수원시동부차고지 - 수원시도시안전통합센터,2026-09-01,화,12,25
01,수원시동부차고지 - 수원시도시안전통합센터,2026-09-01,화,13,48
01,수원시동부차고지 - 수원시도시안전통합센터,2026-09-01,화,14,25
01,수원시동부차고지 - 수원시도시안전통합센터,2026-09-01,화,15,33
01,수원시동부차고지 - 수원시도시안전통합센터,2026-09-01,화,16,51
01,수원시동부차고지 - 수원시도시안전통합센터,2026-09-01,화,17,41
01,수원시동부차고지 - 수원시도시안전통합센터,2026-09-01,화,18,20
01,수원시동부차고지 - 수원시도시안전통합센터,2026-09-01,화,19,37
01,수원시동부차고지 - 수원시도시안전통합센터,2026-09-01,화,20,33
01,수원시동부차고지 - 수원시도시안전통합센터,2026-09-01,화,21,41
01,수원시동부차고지 - 수원시도시안전통합센터,2026-09-01,화,22,53
01,수원시동부차고지 - 수원시도시안전통합센터,2026-09-01,화,23,9
01,수원시동부차고지 - 수원시도시안전통합센터,2026-09-02,수,6,22
01,수원시동부차고지 - 수원시도시안전통합센터,2026-09-02,수,7,64
01,수원시동부차고지 - 수원시도시안전통합센터,2026-09-02,수,8,25
01,수원시동부차고지 - 수원시도시안전통합센터,2026-09-02,수,9,36
01,수원시동부차고지 - 수원시도시안전통합센터,2026-09-02,수,10,28
01,수원시동부차고지 - 수원시도시안전통합센터,2026-09-02,수,11,29
01,수원시동부차고지 - 수원시도시안전통합센터,2026-09-02,수,12,20
01,수원시동부차고지 - 수원시도시안전통합센터,2026-09-02,수,13,42
01,수원시동부차고지 - 수원시도시안전통합센터,2026-09-02,수,14,27
01,수원시동부차고지 - 수원시도시안전통합센터,2026-09-02,수,15,32
01,수원시동부차고지 - 수원시도시안전통합센터,2026-09-02,수,16,49
01,수원시동부차고지 - 수원시도시안전통합센터,2026-09-02,수,17,26
01,수원시동부차고지 - 수원시도시안전통합센터,2026-09-02,수,18,26
01,수원시동부차고지 - 수원시도시안전통합센터,2026-09-02,수,19,42
01,수원시동부차고지 - 수원시도시안전통합센터,2026-09-02,수,20,49
01,수원시동부차고지 - 수원시도시안전통합센터,2026-09-02,수,21,29
01,수원시동부차고지 - 수원시도시안전통합센터,2026-09-02,수,22,32
01,수원시동부차고지 - 수원시도시안전통합센터,2026-09-02,수,23,10
01,수원시동부차고지 - 수원시도시안전통합센터,2026-09-03,목,6,24
01,수원시동부차고지 - 수원시도시안전통합센터,2026-09-03,목,7,52
01,수원시동부차고지 - 수원시도시안전통합센터,2026-09-03,목,8,25
01,수원시동부차고지 - 수원시도시안전통합센터,2026-09-03,목,9,47
01,수원시동부차고지 - 수원시도시안전통합센터,2026-09-03,목,10,30
01,수원시동부차고지 - 수원시도시안전통합센터,2026-09-03,목,11,22
01,수원시동부차고지 - 수원시도시안전통합센터,2026-09-03,목,12,19
01,수원시동부차고지 - 수원시도시안전통합센터,2026-09-03,목,13,43
01,수원시동부차고지 - 수원시도시안전통합센터,2026-09-03,목,14,28
01,수원시동부차고지 - 수원시도시안전통합센터,2026-09-03,목,15,35
01,수원시동부차고지 - 수원시도시안전통합센터,2026-09-03,목,16,47
01,수원시동부차고지 - 수원시도시안전통합센터,2026-09-03,목,17,50
01,수원시동부차고지 - 수원시도시안전통합센터,2026-09-03,목,18,21
01,수원시동부차고지 - 수원시도시안전통합센터,2026-09-03,목,19,43
01,수원시동부차고지 - 수원시도시안전통합센터,2026-09-03,목,20,46
01,수원시동부차고지 - 수원시도시안전통합센터,2026-09-03,목,21,37
01,수원시동부차고지 - 수원시도시안전통합센터,2026-09-03,목,22,47
01,수원시동부차고지 - 수원시도시안전통합센터,2026-09-03,목,23,13
01,수원시동부차고지 - 수원시도시안전통합센터,2026-09-04,금,6,22
01,수원시동부차고지 - 수원시도시안전통합센터,2026-09-04,금,7,63
01,수원시동부차고지 - 수원시도시안전통합센터,2026-09-04,금,8,25
01,수원시동부차고지 - 수원시도시안전통합센터,2026-09-04,금,9,40
01,수원시동부차고지 - 수원시도시안전통합센터,2026-09-04,금,10,32
01,수원시동부차고지 - 수원시도시안전통합센터,2026-09-04,금,11,23
01,수원시동부차고지 - 수원시도시안전통합센터,2026-09-04,금,12,15
01,수원시동부차고지 - 수원시도시안전통합센터,2026-09-04,금,13,40
01,수원시동부차고지 - 수원시도시안전통합센터,2026-09-04,금,14,33
01,수원시동부차고지 - 수원시도시안전통합센터,2026-09-04,금,15,40
01,수원시동부차고지 - 수원시도시안전통합센터,2026-09-04,금,16,52
01,수원시동부차고지 - 수원시도시안전통합센터,2026-09-04,금,17,47
01,수원시동부차고지 - 수원시도시안전통합센터,2026-09-04,금,18,25
01,수원시동부차고지 - 수원시도시안전통합센터,2026-09-04,금,19,40
01,수원시동부차고지 - 수원시도시안전통합센터,2026-09-04,금,20,38
01,수원시동부차고지 - 수원시도시안전통합센터,2026-09-04,금,21,34
01,수원시동부차고지 - 수원시도시안전통합센터,2026-09-04,금,22,52
01,수원시동부차고지 - 수원시도시안전통합센터,2026-09-04,금,23,9
01,수원시동부차고지 - 수원시도시안전통합센터,2026-09-05,토,6,9
01,수원시동부차고지 - 수원시도시안전통합센터,2026-09-05,토,7,20
01,수원시동부차고지 - 수원시도시안전통합센터,2026-09-05,토,8,25
01,수원시동부차고지 - 수원시도시안전통합센터,2026-09-05,토,9,34
01,수원시동부차고지 - 수원시도시안전통합센터,2026-09-05,토,10,48
01,수원시동부차고지 - 수원시도시안전통합센터,2026-09-05,토,11,32
01,수원시동부차고지 - 수원시도시안전통합센터,2026-09-05,토,12,29
01,수원시동부차고지 - 수원시도시안전통합센터,2026-09-05,토,13,47
01,수원시동부차고지 - 수원시도시안전통합센터,2026-09-05,토,14,25
01,수원시동부차고지 - 수원시도시안전통합센터,2026-09-05,토,15,35
01,수원시동부차고지 - 수원시도시안전통합센터,2026-09-05,토,16,50
01,수원시동부차고지 - 수원시도시안전통합센터,2026-09-05,토,17,35
01,수원시동부차고지 - 수원시도시안전통합센터,2026-09-05,토,18,18
01,수원시동부차고지 - 수원시도시안전통합센터,2026-09-05,토,19,36
01,수원시동부차고지 - 수원시도시안전통합센터,2026-09-05,토,20,35
01,수원시동부차고지 - 수원시도시안전통합센터,2026-09-05,토,21,36
01,수원시동부차고지 - 수원시도시안전통합센터,2026-09-05,토,22,36
01,수원시동부차고지 - 수원시도시안전통합센터,2026-09-05,토,23,15
01,수원시동부차고지 - 수원시도시안전통합센터,2026-09-06,일,6,8
01,수원시동부차고지 - 수원시도시안전통합센터,2026-09-06,일,7,16
01,수원시동부차고지 - 수원시도시안전통합센터,2026-09-06,일,8,17
01,수원시동부차고지 - 수원시도시안전통합센터,2026-09-06,일,9,31
01,수원시동부차고지 - 수원시도시안전통합센터,2026-09-06,일,10,31
01,수원시동부차고지 - 수원시도시안전통합센터,2026-09-06,일,11,28
01,수원시동부차고지 - 수원시도시안전통합센터,2026-09-06,일,12,16
01,수원시동부차고지 - 수원시도시안전통합센터,2026-09-06,일,13,40
01,수원시동부차고지 - 수원시도시안전통합센터,2026-09-06,일,14,23
01,수원시동부차고지 - 수원시도시안전통합센터,2026-09-06,일,15,43
01,수원시동부차고지 - 수원시도시안전통합센터,2026-09-06,일,16,47
01,수원시동부차고지 - 수원시도시안전통합센터,2026-09-06,일,17,53
01,수원시동부차고지 - 수원시도시안전통합센터,2026-09-06,일,18,31
01,수원시동부차고지 - 수원시도시안전통합센터,2026-09-06,일,19,41
01,수원시동부차고지 - 수원시도시안전통합센터,2026-09-06,일,20,34
01,수원시동부차고지 - 수원시도시안전통합센터,2026-09-06,일,21,45
01,수원시동부차고지 - 수원시도시안전통합센터,2026-09-06,일,22,31
01,수원시동부차고지 - 수원시도시안전통합센터,2026-09-06,일,23,8
01,수원시동부차고지 - 수원시도시안전통합센터,2026-09-07,월,6,24
01,수원시동부차고지 - 수원시도시안전통합센터,2026-09-07,월,7,73
01,수원시동부차고지 - 수원시도시안전통합센터,2026-09-07,월,8,28
01,수원시동부차고지 - 수원시도시안전통합센터,2026-09-07,월,9,49
01,수원시동부차고지 - 수원시도시안전통합센터,2026-09-07,월,10,30
01,수원시동부차고지 - 수원시도시안전통합센터,2026-09-07,월,11,28
01,수원시동부차고지 - 수원시도시안전통합센터,2026-09-07,월,12,14
01,수원시동부차고지 - 수원시도시안전통합센터,2026-09-07,월,13,62
01,수원시동부차고지 - 수원시도시안전통합센터,2026-09-07,월,14,19
01,수원시동부차고지 - 수원시도시안전통합센터,2026-09-07,월,15,39
01,수원시동부차고지 - 수원시도시안전통합센터,2026-09-07,월,16,46
01,수원시동부차고지 - 수원시도시안전통합센터,2026-09-07,월,17,42
01,수원시동부차고지 - 수원시도시안전통합센터,2026-09-07,월,18,26
01,수원시동부차고지 - 수원시도시안전통합센터,2026-09-07,월,19,41
01,수원시동부차고지 - 수원시도시안전통합센터,2026-09-07,월,20,39
01,수원시동부차고지 - 수원시도시안전통합센터,2026-09-07,월,21,39
01,수원시동부차고지 - 수원시도시안전통합센터,2026-09-07,월,22,37
01,수원시동부차고지 - 수원시도시안전통합센터,2026-09-07,월,23,9
01,수원시동부차고지 - 수원시도시안전통합센터,2026-09-08,화,6,21
01,수원시동부차고지 - 수원시도시안전통합센터,2026-09-08,화,7,60
01,수원시동부차고지 - 수원시도시안전통합센터,2026-09-08,화,8,22
01,수원시동부차고지 - 수원시도시안전통합센터,2026-09-08,화,9,46
01,수원시동부차고지 - 수원시도시안전통합센터,2026-09-08,화,10,24
01,수원시동부차고지 - 수원시도시안전통합센터,2026-09-08,화,11,26
01,수원시동부차고지 - 수원시도시안전통합센터,2026-09-08,화,12,20
01,수원시동부차고지 - 수원시도시안전통합센터,2026-09-08,화,13,32
01,수원시동부차고지 - 수원시도시안전통합센터,2026-09-08,화,14,24
01,수원시동부차고지 - 수원시도시안전통합센터,2026-09-08,화,15,35
01,수원시동부차고지 - 수원시도시안전통합센터,2026-09-08,화,16,57
01,수원시동부차고지 - 수원시도시안전통합센터,2026-09-08,화,17,35
01,수원시동부차고지 - 수원시도시안전통합센터,2026-09-08,화,18,19
01,수원시동부차고지 - 수원시도시안전통합센터,2026-09-08,화,19,45
01,수원시동부차고지 - 수원시도시안전통합센터,2026-09-08,화,20,37
01,수원시동부차고지 - 수원시도시안전통합센터,2026-09-08,화,21,33
01,수원시동부차고지 - 수원시도시안전통합센터,2026-09-08,화,22,47
01,수원시동부차고지 - 수원시도시안전통합센터,2026-09-08,화,23,7
01,수원시동부차고지 - 수원시도시안전통합센터,2026-09-09,수,6,22
01,수원시동부차고지 - 수원시도시안전통합센터,2026-09-09,수,7,58
01,수원시동부차고지 - 수원시도시안전통합센터,2026-09-09,수,8,29
01,수원시동부차고지 - 수원시도시안전통합센터,2026-09-09,수,9,40
01,수원시동부차고지 - 수원시도시안전통합센터,2026-09-09,수,10,16
01,수원시동부차고지 - 수원시도시안전통합센터,2026-09-09,수,11,20
01,수원시동부차고지 - 수원시도시안전통합센터,2026-09-09,수,12,16
01,수원시동부차고지 - 수원시도시안전통합센터,2026-09-09,수,13,49
01,수원시동부차고지 - 수원시도시안전통합센터,2026-09-09,수,14,25
01,수원시동부차고지 - 수원시도시안전통합센터,2026-09-09,수,15,25
01,수원시동부차고지 - 수원시도시안전통합센터,2026-09-09,수,16,46
01,수원시동부차고지 - 수원시도시안전통합센터,2026-09-09,수,17,39
01,수원시동부차고지 - 수원시도시안전통합센터,2026-09-09,수,18,20
01,수원시동부차고지 - 수원시도시안전통합센터,2026-09-09,수,19,37
01,수원시동부차고지 - 수원시도시안전통합센터,2026-09-09,수,20,38
01,수원시동부차고지 - 수원시도시안전통합센터,2026-09-09,수,21,43
01,수원시동부차고지 - 수원시도시안전통합센터,2026-09-09,수,22,48
01,수원시동부차고지 - 수원시도시안전통합센터,2026-09-09,수,23,15
01,수원시동부차고지 - 수원시도시안전통합센터,2026-09-10,목,6,22
01,수원시동부차고지 - 수원시도시안전통합센터,2026-09-10,목,7,65
01,수원시동부차고지 - 수원시도시안전통합센터,2026-09-10,목,8,36
01,수원시동부차고지 - 수원시도시안전통합센터,2026-09-10,목,9,39
01,수원시동부차고지 - 수원시도시안전통합센터,2026-09-10,목,10,33
01,수원시동부차고지 - 수원시도시안전통합센터,2026-09-10,목,11,22
01,수원시동부차고지 - 수원시도시안전통합센터,2026-09-10,목,12,19
01,수원시동부차고지 - 수원시도시안전통합센터,2026-09-10,목,13,38
01,수원시동부차고지 - 수원시도시안전통합센터,2026-09-10,목,14,22
01,수원시동부차고지 - 수원시도시안전통합센터,2026-09-10,목,15,28
01,수원시동부차고지 - 수원시도시안전통합센터,2026-09-10,목,16,49
01,수원시동부차고지 - 수원시도시안전통합센터,2026-09-10,목,17,43
01,수원시동부차고지 - 수원시도시안전통합센터,2026-09-10,목,18,18
01,수원시동부차고지 - 수원시도시안전통합센터,2026-09-10,목,19,34
01,수원시동부차고지 - 수원시도시안전통합센터,2026-09-10,목,20,32
01,수원시동부차고지 - 수원시도시안전통합센터,2026-09-10,목,21,32
01,수원시동부차고지 - 수원시도시안전통합센터,2026-09-10,목,22,46
01,수원시동부차고지 - 수원시도시안전통합센터,2026-09-10,목,23,12
01,수원시동부차고지 - 수원시도시안전통합센터,2026-09-11,금,6,17
01,수원시동부차고지 - 수원시도시안전통합센터,2026-09-11,금,7,60
01,수원시동부차고지 - 수원시도시안전통합센터,2026-09-11,금,8,22
01,수원시동부차고지 - 수원시도시안전통합센터,2026-09-11,금,9,59
01,수원시동부차고지 - 수원시도시안전통합센터,2026-09-11,금,10,24
01,수원시동부차고지 - 수원시도시안전통합센터,2026-09-11,금,11,32
01,수원시동부차고지 - 수원시도시안전통합센터,2026-09-11,금,12,21
01,수원시동부차고지 - 수원시도시안전통합센터,2026-09-11,금,13,44
01,수원시동부차고지 - 수원시도시안전통합센터,2026-09-11,금,14,15
01,수원시동부차고지 - 수원시도시안전통합센터,2026-09-11,금,15,40
01,수원시동부차고지 - 수원시도시안전통합센터,2026-09-11,금,16,61
01,수원시동부차고지 - 수원시도시안전통합센터,2026-09-11,금,17,33
01,수원시동부차고지 - 수원시도시안전통합센터,2026-09-11,금,18,31
01,수원시동부차고지 - 수원시도시안전통합센터,2026-09-11,금,19,41
01,수원시동부차고지 - 수원시도시안전통합센터,2026-09-11,금,20,30
01,수원시동부차고지 - 수원시도시안전통합센터,2026-09-11,금,21,43
01,수원시동부차고지 - 수원시도시안전통합센터,2026-09-11,금,22,38
01,수원시동부차고지 - 수원시도시안전통합센터,2026-09-11,금,23,13
01,수원시동부차고지 - 수원시도시안전통합센터,2026-09-12,토,6,11
01,수원시동부차고지 - 수원시도시안전통합센터,2026-09-12,토,7,14
01,수원시동부차고지 - 수원시도시안전통합센터,2026-09-12,토,8,29
01,수원시동부차고지 - 수원시도시안전통합센터,2026-09-12,토,9,54
01,수원시동부차고지 - 수원시도시안전통합센터,2026-09-12,토,10,31
01,수원시동부차고지 - 수원시도시안전통합센터,2026-09-12,토,11,39
01,수원시동부차고지 - 수원시도시안전통합센터,2026-09-12,토,12,44
01,수원시동부차고지 - 수원시도시안전통합센터,2026-09-12,토,13,42
01,수원시동부차고지 - 수원시도시안전통합센터,2026-09-12,토,14,27
01,수원시동부차고지 - 수원시도시안전통합센터,2026-09-12,토,15,33
01,수원시동부차고지 - 수원시도시안전통합센터,2026-09-12,토,16,35
01,수원시동부차고지 - 수원시도시안전통합센터,2026-09-12,토,17,34
01,수원시동부차고지 - 수원시도시안전통합센터,2026-09-12,토,18,29
01,수원시동부차고지 - 수원시도시안전통합센터,2026-09-12,토,19,15
01,수원시동부차고지 - 수원시도시안전통합센터,2026-09-12,토,20,30
01,수원시동부차고지 - 수원시도시안전통합센터,2026-09-12,토,21,33
01,수원시동부차고지 - 수원시도시안전통합센터,2026-09-12,토,22,45
01,수원시동부차고지 - 수원시도시안전통합센터,2026-09-12,토,23,10
01,수원시동부차고지 - 수원시도시안전통합센터,2026-09-13,일,6,9
01,수원시동부차고지 - 수원시도시안전통합센터,2026-09-13,일,7,8
01,수원시동부차고지 - 수원시도시안전통합센터,2026-09-13,일,8,24
01,수원시동부차고지 - 수원시도시안전통합센터,2026-09-13,일,9,34
01,수원시동부차고지 - 수원시도시안전통합센터,2026-09-13,일,10,23
01,수원시동부차고지 - 수원시도시안전통합센터,2026-09-13,일,11,38
01,수원시동부차고지 - 수원시도시안전통합센터,2026-09-13,일,12,26
01,수원시동부차고지 - 수원시도시안전통합센터,2026-09-13,일,13,58
01,수원시동부차고지 - 수원시도시안전통합센터,2026-09-13,일,14,29
01,수원시동부차고지 - 수원시도시안전통합센터,2026-09-13,일,15,41
01,수원시동부차고지 - 수원시도시안전통합센터,2026-09-13,일,16,47
01,수원시동부차고지 - 수원시도시안전통합센터,2026-09-13,일,17,28
01,수원시동부차고지 - 수원시도시안전통합센터,2026-09-13,일,18,22
01,수원시동부차고지 - 수원시도시안전통합센터,2026-09-13,일,19,28
01,수원시동부차고지 - 수원시도시안전통합센터,2026-09-13,일,20,28
01,수원시동부차고지 - 수원시도시안전통합센터,2026-09-13,일,21,28
01,수원시동부차고지 - 수원시도시안전통합센터,2026-09-13,일,22,31
01,수원시동부차고지 - 수원시도시안전통합센터,2026-09-13,일,23,9
01,수원시동부차고지 - 수원시도시안전통합센터,2026-09-14,월,6,23
01,수원시동부차고지 - 수원시도시안전통합센터,2026-09-14,월,7,64
01,수원시동부차고지 - 수원시도시안전통합센터,2026-09-14,월,8,26
01,수원시동부차고지 - 수원시도시안전통합센터,2026-09-14,월,9,38
01,수원시동부차고지 - 수원시도시안전통합센터,2026-09-14,월,10,31
01,수원시동부차고지 - 수원시도시안전통합센터,2026-09-14,월,11,22
01,수원시동부차고지 - 수원시도시안전통합센터,2026-09-14,월,12,28
01,수원시동부차고지 - 수원시도시안전통합센터,2026-09-14,월,13,50
01,수원시동부차고지 - 수원시도시안전통합센터,2026-09-14,월,14,18
01,수원시동부차고지 - 수원시도시안전통합센터,2026-09-14,월,15,33
01,수원시동부차고지 - 수원시도시안전통합센터,2026-09-14,월,16,51
01,수원시동부차고지 - 수원시도시안전통합센터,2026-09-14,월,17,26
01,수원시동부차고지 - 수원시도시안전통합센터,2026-09-14,월,18,26
01,수원시동부차고지 - 수원시도시안전통합센터,2026-09-14,월,19,34
01,수원시동부차고지 - 수원시도시안전통합센터,2026-09-14,월,20,46
01,수원시동부차고지 - 수원시도시안전통합센터,2026-09-14,월,21,33
01,수원시동부차고지 - 수원시도시안전통합센터,2026-09-14,월,22,36
01,수원시동부차고지 - 수원시도시안전통합센터,2026-09-14,월,23,9
02,고색역.고색초교.태산아파트 - 고색역.고색초교.태산아파트,2024-10-07,월,7,0
02,고색역.고색초교.태산아파트 - 고색역.고색초교.태산아파트,2024-10-07,월,8,1
02,고색역.고색초교.태산아파트 - 고색역.고색초교.태산아파트,2024-10-07,월,9,0
02,고색역.고색초교.태산아파트 - 고색역.고색초교.태산아파트,2024-10-07,월,10,1
02,고색역.고색초교.태산아파트 - 고색역.고색초교.태산아파트,2024-10-07,월,11,1
02,고색역.고색초교.태산아파트 - 고색역.고색초교.태산아파트,2024-10-07,월,13,1
02,고색역.고색초교.태산아파트 - 고색역.고색초교.태산아파트,2024-10-07,월,14,1
02,고색역.고색초교.태산아파트 - 고색역.고색초교.태산아파트,2024-10-07,월,15,0
02,고색역.고색초교.태산아파트 - 고색역.고색초교.태산아파트,2024-10-07,월,16,0
02,고색역.고색초교.태산아파트 - 고색역.고색초교.태산아파트,2024-10-07,월,17,1
02,고색역.고색초교.태산아파트 - 고색역.고색초교.태산아파트,2024-10-07,월,18,0
02,고색역.고색초교.태산아파트 - 고색역.고색초교.태산아파트,2024-10-07,월,19,0
02,고색역.고색초교.태산아파트 - 고색역.고색초교.태산아파트,2024-10-07,월,20,0
02,고색역.고색초교.태산아파트 - 고색역.고색초교.태산아파트,2024-10-07,월,21,0
02,고색역.고색초교.태산아파트 - 고색역.고색초교.태산아파트,2024-10-07,월,22,0
02,고색역.고색초교.태산아파트 - 고색역.고색초교.태산아파트,2024-10-07,월,23,0
02,고색역.고색초교.태산아파트 - 고색역.고색초교.태산아파트,2024-10-08,화,7,1
02,고색역.고색초교.태산아파트 - 고색역.고색초교.태산아파트,2024-10-08,화,8,1
02,고색역.고색초교.태산아파트 - 고색역.고색초교.태산아파트,2024-10-08,화,9,0
02,고색역.고색초교.태산아파트 - 고색역.고색초교.태산아파트,2024-10-08,화,10,1
02,고색역.고색초교.태산아파트 - 고색역.고색초교.태산아파트,2024-10-08,화,11,0
02,고색역.고색초교.태산아파트 - 고색역.고색초교.태산아파트,2024-10-08,화,13,0
02,고색역.고색초교.태산아파트 - 고색역.고색초교.태산아파트,2024-10-08,화,14,0
02,고색역.고색초교.태산아파트 - 고색역.고색초교.태산아파트,2024-10-08,화,15,0
02,고색역.고색초교.태산아파트 - 고색역.고색초교.태산아파트,2024-10-08,화,16,0
02,고색역.고색초교.태산아파트 - 고색역.고색초교.태산아파트,2024-10-08,화,17,0
02,고색역.고색초교.태산아파트 - 고색역.고색초교.태산아파트,2024-10-08,화,18,0
02,고색역.고색초교.태산아파트 - 고색역.고색초교.태산아파트,2024-10-08,화,19,0
02,고색역.고색초교.태산아파트 - 고색역.고색초교.태산아파트,2024-10-08,화,20,1
02,고색역.고색초교.태산아파트 - 고색역.고색초교.태산아파트,2024-10-08,화,21,0
02,고색역.고색초교.태산아파트 - 고색역.고색초교.태산아파트,2024-10-08,화,22,0
02,고색역.고색초교.태산아파트 - 고색역.고색초교.태산아파트,2024-10-08,화,23,0
02,고색역.고색초교.태산아파트 - 고색역.고색초교.태산아파트,2024-10-09,수,7,1
02,고색역.고색초교.태산아파트 - 고색역.고색초교.태산아파트,2024-10-09,수,8,1
02,고색역.고색초교.태산아파트 - 고색역.고색초교.태산아파트,2024-10-09,수,9,0
02,고색역.고색초교.태산아파트 - 고색역.고색초교.태산아파트,2024-10-09,수,10,2
02,고색역.고색초교.태산아파트 - 고색역.고색초교.태산아파트,2024-10-09,수,11,0
02,고색역.고색초교.태산아파트 - 고색역.고색초교.태산아파트,2024-10-09,수,13,0
02,고색역.고색초교.태산아파트 - 고색역.고색초교.태산아파트,2024-10-09,수,14,0
02,고색역.고색초교.태산아파트 - 고색역.고색초교.태산아파트,2024-10-09,수,15,0
02,고색역.고색초교.태산아파트 - 고색역.고색초교.태산아파트,2024-10-09,수,16,1
02,고색역.고색초교.태산아파트 - 고색역.고색초교.태산아파트,2024-10-09,수,17,1
02,고색역.고색초교.태산아파트 - 고색역.고색초교.태산아파트,2024-10-09,수,18,0
02,고색역.고색초교.태산아파트 - 고색역.고색초교.태산아파트,2024-10-09,수,19,0
02,고색역.고색초교.태산아파트 - 고색역.고색초교.태산아파트,2024-10-09,수,20,0
02,고색역.고색초교.태산아파트 - 고색역.고색초교.태산아파트,2024-10-09,수,21,0
02,고색역.고색초교.태산아파트 - 고색역.고색초교.태산아파트,2024-10-09,수,22,1
02,고색역.고색초교.태산아파트 - 고색역.고색초교.태산아파트,2024-10-09,수,23,0
02,고색역.고색초교.태산아파트 - 고색역.고색초교.태산아파트,2024-10-10,목,7,0
02,고색역.고색초교.태산아파트 - 고색역.고색초교.태산아파트,2024-10-10,목,8,1
02,고색역.고색초교.태산아파트 - 고색역.고색초교.태산아파트,2024-10-10,목,9,0
02,고색역.고색초교.태산아파트 - 고색역.고색초교.태산아파트,2024-10-10,목,10,1
02,고색역.고색초교.태산아파트 - 고색역.고색초교.태산아파트,2024-10-10,목,11,0
02,고색역.고색초교.태산아파트 - 고색역.고색초교.태산아파트,2024-10-10,목,13,1
02,고색역.고색초교.태산아파트 - 고색역.고색초교.태산아파트,2024-10-10,목,14,0
02,고색역.고색초교.태산아파트 - 고색역.고색초교.태산아파트,2024-10-10,목,15,0
02,고색역.고색초교.태산아파트 - 고색역.고색초교.태산아파트,2024-10-10,목,16,0
02,고색역.고색초교.태산아파트 - 고색역.고색초교.태산아파트,2024-10-10,목,17,1
02,고색역.고색초교.태산아파트 - 고색역.고색초교.태산아파트,2024-10-10,목,18,1
02,고색역.고색초교.태산아파트 - 고색역.고색초교.태산아파트,2024-10-10,목,19,1
02,고색역.고색초교.태산아파트 - 고색역.고색초교.태산아파트,2024-10-10,목,20,1
02,고색역.고색초교.태산아파트 - 고색역.고색초교.태산아파트,2024-10-10,목,21,0
02,고색역.고색초교.태산아파트 - 고색역.고색초교.태산아파트,2024-10-10,목,22,1
02,고색역.고색초교.태산아파트 - 고색역.고색초교.태산아파트,2024-10-10,목,23,0
02,고색역.고색초교.태산아파트 - 고색역.고색초교.태산아파트,2024-10-11,금,7,2
02,고색역.고색초교.태산아파트 - 고색역.고색초교.태산아파트,2024-10-11,금,8,0
02,고색역.고색초교.태산아파트 - 고색역.고색초교.태산아파트,2024-10-11,금,9,0
02,고색역.고색초교.태산아파트 - 고색역.고색초교.태산아파트,2024-10-11,금,10,1
02,고색역.고색초교.태산아파트 - 고색역.고색초교.태산아파트,2024-10-11,금,11,0
02,고색역.고색초교.태산아파트 - 고색역.고색초교.태산아파트,2024-10-11,금,13,0
02,고색역.고색초교.태산아파트 - 고색역.고색초교.태산아파트,2024-10-11,금,14,2
02,고색역.고색초교.태산아파트 - 고색역.고색초교.태산아파트,2024-10-11,금,15,0
02,고색역.고색초교.태산아파트 - 고색역.고색초교.태산아파트,2024-10-11,금,16,0
02,고색역.고색초교.태산아파트 - 고색역.고색초교.태산아파트,2024-10-11,금,17,3
02,고색역.고색초교.태산아파트 - 고색역.고색초교.태산아파트,2024-10-11,금,18,1
02,고색역.고색초교.태산아파트 - 고색역.고색초교.태산아파트,2024-10-11,금,19,1
02,고색역.고색초교.태산아파트 - 고색역.고색초교.태산아파트,2024-10-11,금,20,1
02,고색역.고색초교.태산아파트 - 고색역.고색초교.태산아파트,2024-10-11,금,21,1
02,고색역.고색초교.태산아파트 - 고색역.고색초교.태산아파트,2024-10-11,금,22,1
02,고색역.고색초교.태산아파트 - 고색역.고색초교.태산아파트,2024-10-11,금,23,1
02,고색역.고색초교.태산아파트 - 고색역.고색초교.태산아파트,2024-10-12,토,7,0
02,고색역.고색초교.태산아파트 - 고색역.고색초교.태산아파트,2024-10-12,토,8,1
02,고색역.고색초교.태산아파트 - 고색역.고색초교.태산아파트,2024-10-12,토,9,0
02,고색역.고색초교.태산아파트 - 고색역.고색초교.태산아파트,2024-10-12,토,10,1
02,고색역.고색초교.태산아파트 - 고색역.고색초교.태산아파트,2024-10-12,토,11,2
02,고색역.고색초교.태산아파트 - 고색역.고색초교.태산아파트,2024-10-12,토,13,0
02,고색역.고색초교.태산아파트 - 고색역.고색초교.태산아파트,2024-10-12,토,14,1
02,고색역.고색초교.태산아파트 - 고색역.고색초교.태산아파트,2024-10-12,토,15,0
02,고색역.고색초교.태산아파트 - 고색역.고색초교.태산아파트,2024-10-12,토,16,0
02,고색역.고색초교.태산아파트 - 고색역.고색초교.태산아파트,2024-10-12,토,17,2
02,고색역.고색초교.태산아파트 - 고색역.고색초교.태산아파트,2024-10-12,토,18,1
02,고색역.고색초교.태산아파트 - 고색역.고색초교.태산아파트,2024-10-12,토,19,0
02,고색역.고색초교.태산아파트 - 고색역.고색초교.태산아파트,2024-10-12,토,20,0
02,고색역.고색초교.태산아파트 - 고색역.고색초교.태산아파트,2024-10-12,토,21,0
02,고색역.고색초교.태산아파트 - 고색역.고색초교.태산아파트,2024-10-12,토,22,0
02,고색역.고색초교.태산아파트 - 고색역.고색초교.태산아파트,2024-10-12,토,23,2
02,고색역.고색초교.태산아파트 - 고색역.고색초교.태산아파트,2024-10-13,일,7,0
02,고색역.고색초교.태산아파트 - 고색역.고색초교.태산아파트,2024-10-13,일,8,1
02,고색역.고색초교.태산아파트 - 고색역.고색초교.태산아파트,2024-10-13,일,9,0
02,고색역.고색초교.태산아파트 - 고색역.고색초교.태산아파트,2024-10-13,일,10,2
02,고색역.고색초교.태산아파트 - 고색역.고색초교.태산아파트,2024-10-13,일,11,1
02,고색역.고색초교.태산아파트 - 고색역.고색초교.태산아파트,2024-10-13,일,13,0
02,고색역.고색초교.태산아파트 - 고색역.고색초교.태산아파트,2024-10-13,일,14,5
02,고색역.고색초교.태산아파트 - 고색역.고색초교.태산아파트,2024-10-13,일,15,0
02,고색역.고색초교.태산아파트 - 고색역.고색초교.태산아파트,2024-10-13,일,16,1
02,고색역.고색초교.태산아파트 - 고색역.고색초교.태산아파트,2024-10-13,일,17,2
02,고색역.고색초교.태산아파트 - 고색역.고색초교.태산아파트,2024-10-13,일,18,0
02,고색역.고색초교.태산아파트 - 고색역.고색초교.태산아파트,2024-10-13,일,19,0
02,고색역.고색초교.태산아파트 - 고색역.고색초교.태산아파트,2024-10-13,일,20,0
02,고색역.고색초교.태산아파트 - 고색역.고색초교.태산아파트,2024-10-13,일,21,0
02,고색역.고색초교.태산아파트 - 고색역.고색초교.태산아파트,2024-10-13,일,22,0
02,고색역.고색초교.태산아파트 - 고색역.고색초교.태산아파트,2024-10-13,일,23,0
02,고색역.고색초교.태산아파트 - 고색역.고색초교.태산아파트,2024-10-14,월,7,1
02,고색역.고색초교.태산아파트 - 고색역.고색초교.태산아파트,2024-10-14,월,8,6
02,고색역.고색초교.태산아파트 - 고색역.고색초교.태산아파트,2024-10-14,월,9,1
02,고색역.고색초교.태산아파트 - 고색역.고색초교.태산아파트,2024-10-14,월,10,1
02,고색역.고색초교.태산아파트 - 고색역.고색초교.태산아파트,2024-10-14,월,11,0
02,고색역.고색초교.태산아파트 - 고색역.고색초교.태산아파트,2024-10-14,월,13,1
02,고색역.고색초교.태산아파트 - 고색역.고색초교.태산아파트,2024-10-14,월,14,1
02,고색역.고색초교.태산아파트 - 고색역.고색초교.태산아파트,2024-10-14,월,15,1
02,고색역.고색초교.태산아파트 - 고색역.고색초교.태산아파트,2024-10-14,월,16,2
02,고색역.고색초교.태산아파트 - 고색역.고색초교.태산아파트,2024-10-14,월,17,1
02,고색역.고색초교.태산아파트 - 고색역.고색초교.태산아파트,2024-10-14,월,18,2
02,고색역.고색초교.태산아파트 - 고색역.고색초교.태산아파트,2024-10-14,월,19,0
02,고색역.고색초교.태산아파트 - 고색역.고색초교.태산아파트,2024-10-14,월,20,3
02,고색역.고색초교.태산아파트 - 고색역.고색초교.태산아파트,2024-10-14,월,21,0
02,고색역.고색초교.태산아파트 - 고색역.고색초교.태산아파트,2024-10-14,월,22,3
02,고색역.고색초교.태산아파트 - 고색역.고색초교.태산아파트,2024-10-14,월,23,0
02,고색역.고색초교.태산아파트 - 고색역.고색초교.태산아파트,2024-11-12,화,6,1
02,고색역.고색초교.태산아파트 - 고색역.고색초교.태산아파트,2024-11-12,화,7,32
02,고색역.고색초교.태산아파트 - 고색역.고색초교.태산아파트,2024-11-12,화,8,21
02,고색역.고색초교.태산아파트 - 고색역.고색초교.태산아파트,2024-11-12,화,9,8
02,고색역.고색초교.태산아파트 - 고색역.고색초교.태산아파트,2024-11-12,화,10,6
02,고색역.고색초교.태산아파트 - 고색역.고색초교.태산아파트,2024-11-12,화,11,4
02,고색역.고색초교.태산아파트 - 고색역.고색초교.태산아파트,2024-11-12,화,12,5
02,고색역.고색초교.태산아파트 - 고색역.고색초교.태산아파트,2024-11-12,화,13,10
02,고색역.고색초교.태산아파트 - 고색역.고색초교.태산아파트,2024-11-12,화,14,5
02,고색역.고색초교.태산아파트 - 고색역.고색초교.태산아파트,2024-11-12,화,15,4
02,고색역.고색초교.태산아파트 - 고색역.고색초교.태산아파트,2024-11-12,화,16,15
02,고색역.고색초교.태산아파트 - 고색역.고색초교.태산아파트,2024-11-12,화,17,19
02,고색역.고색초교.태산아파트 - 고색역.고색초교.태산아파트,2024-11-12,화,18,24
02,고색역.고색초교.태산아파트 - 고색역.고색초교.태산아파트,2024-11-12,화,19,27
02,고색역.고색초교.태산아파트 - 고색역.고색초교.태산아파트,2024-11-12,화,20,14
02,고색역.고색초교.태산아파트 - 고색역.고색초교.태산아파트,2024-11-12,화,21,15
02,고색역.고색초교.태산아파트 - 고색역.고색초교.태산아파트,2024-11-12,화,22,3
02,고색역.고색초교.태산아파트 - 고색역.고색초교.태산아파트,2024-11-12,화,23,2
02,고색역.고색초교.태산아파트 - 고색역.고색초교.태산아파트,2024-11-13,수,6,2
02,고색역.고색초교.태산아파트 - 고색역.고색초교.태산아파트,2024-11-13,수,7,28
02,고색역.고색초교.태산아파트 - 고색역.고색초교.태산아파트,2024-11-13,수,8,27
02,고색역.고색초교.태산아파트 - 고색역.고색초교.태산아파트,2024-11-13,수,9,16
02,고색역.고색초교.태산아파트 - 고색역.고색초교.태산아파트,2024-11-13,수,10,5
02,고색역.고색초교.태산아파트 - 고색역.고색초교.태산아파트,2024-11-13,수,11,1
02,고색역.고색초교.태산아파트 - 고색역.고색초교.태산아파트,2024-11-13,수,12,14
02,고색역.고색초교.태산아파트 - 고색역.고색초교.태산아파트,2024-11-13,수,13,11
02,고색역.고색초교.태산아파트 - 고색역.고색초교.태산아파트,2024-11-13,수,14,5
02,고색역.고색초교.태산아파트 - 고색역.고색초교.태산아파트,2024-11-13,수,15,4
02,고색역.고색초교.태산아파트 - 고색역.고색초교.태산아파트,2024-11-13,수,16,21
02,고색역.고색초교.태산아파트 - 고색역.고색초교.태산아파트,2024-11-13,수,17,20
02,고색역.고색초교.태산아파트 - 고색역.고색초교.태산아파트,2024-11-13,수,18,19
02,고색역.고색초교.태산아파트 - 고색역.고색초교.태산아파트,2024-11-13,수,19,20
02,고색역.고색초교.태산아파트 - 고색역.고색초교.태산아파트,2024-11-13,수,20,11
02,고색역.고색초교.태산아파트 - 고색역.고색초교.태산아파트,2024-11-13,수,21,10
02,고색역.고색초교.태산아파트 - 고색역.고색초교.태산아파트,2024-11-13,수,22,3
02,고색역.고색초교.태산아파트 - 고색역.고색초교.태산아파트,2024-11-13,수,23,1
02,고색역.고색초교.태산아파트 - 고색역.고색초교.태산아파트,2024-11-14,목,6,5
02,고색역.고색초교.태산아파트 - 고색역.고색초교.태산아파트,2024-11-14,목,7,27
02,고색역.고색초교.태산아파트 - 고색역.고색초교.태산아파트,2024-11-14,목,8,20
02,고색역.고색초교.태산아파트 - 고색역.고색초교.태산아파트,2024-11-14,목,9,17
02,고색역.고색초교.태산아파트 - 고색역.고색초교.태산아파트,2024-11-14,목,10,6
02,고색역.고색초교.태산아파트 - 고색역.고색초교.태산아파트,2024-11-14,목,11,5
02,고색역.고색초교.태산아파트 - 고색역.고색초교.태산아파트,2024-11-14,목,12,8
02,고색역.고색초교.태산아파트 - 고색역.고색초교.태산아파트,2024-11-14,목,13,10
02,고색역.고색초교.태산아파트 - 고색역.고색초교.태산아파트,2024-11-14,목,14,7
02,고색역.고색초교.태산아파트 - 고색역.고색초교.태산아파트,2024-11-14,목,15,7
02,고색역.고색초교.태산아파트 - 고색역.고색초교.태산아파트,2024-11-14,목,16,13
02,고색역.고색초교.태산아파트 - 고색역.고색초교.태산아파트,2024-11-14,목,17,17
02,고색역.고색초교.태산아파트 - 고색역.고색초교.태산아파트,2024-11-14,목,18,20
02,고색역.고색초교.태산아파트 - 고색역.고색초교.태산아파트,2024-11-14,목,19,30
02,고색역.고색초교.태산아파트 - 고색역.고색초교.태산아파트,2024-11-14,목,20,15
02,고색역.고색초교.태산아파트 - 고색역.고색초교.태산아파트,2024-11-14,목,21,11
02,고색역.고색초교.태산아파트 - 고색역.고색초교.태산아파트,2024-11-14,목,22,9
02,고색역.고색초교.태산아파트 - 고색역.고색초교.태산아파트,2024-11-14,목,23,1
02,고색역.고색초교.태산아파트 - 고색역.고색초교.태산아파트,2025-04-01,화,6,18
02,고색역.고색초교.태산아파트 - 고색역.고색초교.태산아파트,2025-04-01,화,7,77
02,고색역.고색초교.태산아파트 - 고색역.고색초교.태산아파트,2025-04-01,화,8,36
02,고색역.고색초교.태산아파트 - 고색역.고색초교.태산아파트,2025-04-01,화,9,47
02,고색역.고색초교.태산아파트 - 고색역.고색초교.태산아파트,2025-04-01,화,10,18
02,고색역.고색초교.태산아파트 - 고색역.고색초교.태산아파트,2025-04-01,화,11,9
02,고색역.고색초교.태산아파트 - 고색역.고색초교.태산아파트,2025-04-01,화,12,48
02,고색역.고색초교.태산아파트 - 고색역.고색초교.태산아파트,2025-04-01,화,13,18
02,고색역.고색초교.태산아파트 - 고색역.고색초교.태산아파트,2025-04-01,화,14,7
02,고색역.고색초교.태산아파트 - 고색역.고색초교.태산아파트,2025-04-01,화,15,12
02,고색역.고색초교.태산아파트 - 고색역.고색초교.태산아파트,2025-04-01,화,16,58
02,고색역.고색초교.태산아파트 - 고색역.고색초교.태산아파트,2025-04-01,화,17,29
02,고색역.고색초교.태산아파트 - 고색역.고색초교.태산아파트,2025-04-01,화,18,41
02,고색역.고색초교.태산아파트 - 고색역.고색초교.태산아파트,2025-04-01,화,19,47
02,고색역.고색초교.태산아파트 - 고색역.고색초교.태산아파트,2025-04-01,화,20,40
02,고색역.고색초교.태산아파트 - 고색역.고색초교.태산아파트,2025-04-01,화,21,25
02,고색역.고색초교.태산아파트 - 고색역.고색초교.태산아파트,2025-04-01,화,22,15
02,고색역.고색초교.태산아파트 - 고색역.고색초교.태산아파트,2025-04-01,화,23,4
02,고색역.고색초교.태산아파트 - 고색역.고색초교.태산아파트,2025-04-02,수,6,26
02,고색역.고색초교.태산아파트 - 고색역.고색초교.태산아파트,2025-04-02,수,7,71
02,고색역.고색초교.태산아파트 - 고색역.고색초교.태산아파트,2025-04-02,수,8,55
02,고색역.고색초교.태산아파트 - 고색역.고색초교.태산아파트,2025-04-02,수,9,44
02,고색역.고색초교.태산아파트 - 고색역.고색초교.태산아파트,2025-04-02,수,10,14
02,고색역.고색초교.태산아파트 - 고색역.고색초교.태산아파트,2025-04-02,수,11,13
02,고색역.고색초교.태산아파트 - 고색역.고색초교.태산아파트,2025-04-02,수,12,22
02,고색역.고색초교.태산아파트 - 고색역.고색초교.태산아파트,2025-04-02,수,13,33
02,고색역.고색초교.태산아파트 - 고색역.고색초교.태산아파트,2025-04-02,수,14,17
02,고색역.고색초교.태산아파트 - 고색역.고색초교.태산아파트,2025-04-02,수,15,26
02,고색역.고색초교.태산아파트 - 고색역.고색초교.태산아파트,2025-04-02,수,16,57
02,고색역.고색초교.태산아파트 - 고색역.고색초교.태산아파트,2025-04-02,수,17,30
02,고색역.고색초교.태산아파트 - 고색역.고색초교.태산아파트,2025-04-02,수,18,31
02,고색역.고색초교.태산아파트 - 고색역.고색초교.태산아파트,2025-04-02,수,19,40
02,고색역.고색초교.태산아파트 - 고색역.고색초교.태산아파트,2025-04-02,수,20,51
02,고색역.고색초교.태산아파트 - 고색역.고색초교.태산아파트,2025-04-02,수,21,20
02,고색역.고색초교.태산아파트 - 고색역.고색초교.태산아파트,2025-04-02,수,22,21
02,고색역.고색초교.태산아파트 - 고색역.고색초교.태산아파트,2025-04-02,수,23,6
02, - ,2025-04-03,목,6,7
02, - ,2025-04-03,목,7,51
02, - ,2025-04-03,목,8,30
02, - ,2025-04-03,목,9,19
02, - ,2025-04-03,목,10,14
02, - ,2025-04-03,목,11,10
02, - ,2025-04-03,목,12,24
02, - ,2025-04-03,목,13,17
02, - ,2025-04-03,목,14,3
02, - ,2025-04-03,목,15,7
02, - ,2025-04-03,목,16,35
02, - ,2025-04-03,목,17,29
02, - ,2025-04-03,목,18,26
02, - ,2025-04-03,목,19,25
02, - ,2025-04-03,목,20,33
02, - ,2025-04-03,목,21,16
02, - ,2025-04-03,목,22,12
02, - ,2025-04-03,목,23,1
02,고색역.고색초교.태산아파트 - 고색역.고색초교.태산아파트,2025-04-04,금,6,5
02,고색역.고색초교.태산아파트 - 고색역.고색초교.태산아파트,2025-04-04,금,7,44
02,고색역.고색초교.태산아파트 - 고색역.고색초교.태산아파트,2025-04-04,금,8,32
02,고색역.고색초교.태산아파트 - 고색역.고색초교.태산아파트,2025-04-04,금,9,17
02,고색역.고색초교.태산아파트 - 고색역.고색초교.태산아파트,2025-04-04,금,10,7
02,고색역.고색초교.태산아파트 - 고색역.고색초교.태산아파트,2025-04-04,금,11,9
02,고색역.고색초교.태산아파트 - 고색역.고색초교.태산아파트,2025-04-04,금,12,12
02,고색역.고색초교.태산아파트 - 고색역.고색초교.태산아파트,2025-04-04,금,13,10
02,고색역.고색초교.태산아파트 - 고색역.고색초교.태산아파트,2025-04-04,금,14,5
02,고색역.고색초교.태산아파트 - 고색역.고색초교.태산아파트,2025-04-04,금,15,12
02,고색역.고색초교.태산아파트 - 고색역.고색초교.태산아파트,2025-04-04,금,16,8
02,고색역.고색초교.태산아파트 - 고색역.고색초교.태산아파트,2025-04-04,금,17,31
02,고색역.고색초교.태산아파트 - 고색역.고색초교.태산아파트,2025-04-04,금,18,17
02,고색역.고색초교.태산아파트 - 고색역.고색초교.태산아파트,2025-04-04,금,19,24
02,고색역.고색초교.태산아파트 - 고색역.고색초교.태산아파트,2025-04-04,금,20,26
02,고색역.고색초교.태산아파트 - 고색역.고색초교.태산아파트,2025-04-04,금,21,12
02,고색역.고색초교.태산아파트 - 고색역.고색초교.태산아파트,2025-04-04,금,22,12
02,고색역.고색초교.태산아파트 - 고색역.고색초교.태산아파트,2025-04-04,금,23,3
02,고색역.고색초교.태산아파트 - 고색역.고색초교.태산아파트,2025-04-05,토,6,3
02,고색역.고색초교.태산아파트 - 고색역.고색초교.태산아파트,2025-04-05,토,7,11
02,고색역.고색초교.태산아파트 - 고색역.고색초교.태산아파트,2025-04-05,토,8,10
02,고색역.고색초교.태산아파트 - 고색역.고색초교.태산아파트,2025-04-05,토,9,17
02,고색역.고색초교.태산아파트 - 고색역.고색초교.태산아파트,2025-04-05,토,10,12
02,고색역.고색초교.태산아파트 - 고색역.고색초교.태산아파트,2025-04-05,토,11,9
02,고색역.고색초교.태산아파트 - 고색역.고색초교.태산아파트,2025-04-05,토,12,24
02,고색역.고색초교.태산아파트 - 고색역.고색초교.태산아파트,2025-04-05,토,13,19
02,고색역.고색초교.태산아파트 - 고색역.고색초교.태산아파트,2025-04-05,토,14,6
02,고색역.고색초교.태산아파트 - 고색역.고색초교.태산아파트,2025-04-05,토,15,10
02,고색역.고색초교.태산아파트 - 고색역.고색초교.태산아파트,2025-04-05,토,16,13
02,고색역.고색초교.태산아파트 - 고색역.고색초교.태산아파트,2025-04-05,토,17,23
02,고색역.고색초교.태산아파트 - 고색역.고색초교.태산아파트,2025-04-05,토,18,11
02,고색역.고색초교.태산아파트 - 고색역.고색초교.태산아파트,2025-04-05,토,19,9
02,고색역.고색초교.태산아파트 - 고색역.고색초교.태산아파트,2025-04-05,토,20,15
02,고색역.고색초교.태산아파트 - 고색역.고색초교.태산아파트,2025-04-05,토,21,11
02,고색역.고색초교.태산아파트 - 고색역.고색초교.태산아파트,2025-04-05,토,22,14
02,고색역.고색초교.태산아파트 - 고색역.고색초교.태산아파트,2025-04-05,토,23,2
02,고색역.고색초교.태산아파트 - 고색역.고색초교.태산아파트,2025-04-06,일,6,2
02,고색역.고색초교.태산아파트 - 고색역.고색초교.태산아파트,2025-04-06,일,7,7
02,고색역.고색초교.태산아파트 - 고색역.고색초교.태산아파트,2025-04-06,일,8,8
02,고색역.고색초교.태산아파트 - 고색역.고색초교.태산아파트,2025-04-06,일,9,10
02,고색역.고색초교.태산아파트 - 고색역.고색초교.태산아파트,2025-04-06,일,10,9
02,고색역.고색초교.태산아파트 - 고색역.고색초교.태산아파트,2025-04-06,일,11,14
02,고색역.고색초교.태산아파트 - 고색역.고색초교.태산아파트,2025-04-06,일,12,12
02,고색역.고색초교.태산아파트 - 고색역.고색초교.태산아파트,2025-04-06,일,13,16
02,고색역.고색초교.태산아파트 - 고색역.고색초교.태산아파트,2025-04-06,일,14,8
02,고색역.고색초교.태산아파트 - 고색역.고색초교.태산아파트,2025-04-06,일,15,5
02,고색역.고색초교.태산아파트 - 고색역.고색초교.태산아파트,2025-04-06,일,16,9
02,고색역.고색초교.태산아파트 - 고색역.고색초교.태산아파트,2025-04-06,일,17,13
02,고색역.고색초교.태산아파트 - 고색역.고색초교.태산아파트,2025-04-06,일,18,10
02,고색역.고색초교.태산아파트 - 고색역.고색초교.태산아파트,2025-04-06,일,19,8
02,고색역.고색초교.태산아파트 - 고색역.고색초교.태산아파트,2025-04-06,일,20,19
02,고색역.고색초교.태산아파트 - 고색역.고색초교.태산아파트,2025-04-06,일,21,9
02,고색역.고색초교.태산아파트 - 고색역.고색초교.태산아파트,2025-04-06,일,22,16
02,고색역.고색초교.태산아파트 - 고색역.고색초교.태산아파트,2025-04-06,일,23,4
02,고색역.고색초교.태산아파트 - 고색역.고색초교.태산아파트,2025-04-07,월,6,14
02,고색역.고색초교.태산아파트 - 고색역.고색초교.태산아파트,2025-04-07,월,7,71
02,고색역.고색초교.태산아파트 - 고색역.고색초교.태산아파트,2025-04-07,월,8,57
02,고색역.고색초교.태산아파트 - 고색역.고색초교.태산아파트,2025-04-07,월,9,37
02,고색역.고색초교.태산아파트 - 고색역.고색초교.태산아파트,2025-04-07,월,10,38
02,고색역.고색초교.태산아파트 - 고색역.고색초교.태산아파트,2025-04-07,월,11,10
02,고색역.고색초교.태산아파트 - 고색역.고색초교.태산아파트,2025-04-07,월,12,15
02,고색역.고색초교.태산아파트 - 고색역.고색초교.태산아파트,2025-04-07,월,13,27
02,고색역.고색초교.태산아파트 - 고색역.고색초교.태산아파트,2025-04-07,월,14,14
02,고색역.고색초교.태산아파트 - 고색역.고색초교.태산아파트,2025-04-07,월,15,21
02,고색역.고색초교.태산아파트 - 고색역.고색초교.태산아파트,2025-04-07,월,16,53
02,고색역.고색초교.태산아파트 - 고색역.고색초교.태산아파트,2025-04-07,월,17,42
02,고색역.고색초교.태산아파트 - 고색역.고색초교.태산아파트,2025-04-07,월,18,31
02,고색역.고색초교.태산아파트 - 고색역.고색초교.태산아파트,2025-04-07,월,19,49
02,고색역.고색초교.태산아파트 - 고색역.고색초교.태산아파트,2025-04-07,월,20,42
02,고색역.고색초교.태산아파트 - 고색역.고색초교.태산아파트,2025-04-07,월,21,26
02,고색역.고색초교.태산아파트 - 고색역.고색초교.태산아파트,2025-04-07,월,22,17
02,고색역.고색초교.태산아파트 - 고색역.고색초교.태산아파트,2025-04-07,월,23,3
02,고색역.고색초교.태산아파트 - 고색역.고색초교.태산아파트,2025-04-08,화,6,14
02,고색역.고색초교.태산아파트 - 고색역.고색초교.태산아파트,2025-04-08,화,7,74
02,고색역.고색초교.태산아파트 - 고색역.고색초교.태산아파트,2025-04-08,화,8,40
02,고색역.고색초교.태산아파트 - 고색역.고색초교.태산아파트,2025-04-08,화,9,51
02,고색역.고색초교.태산아파트 - 고색역.고색초교.태산아파트,2025-04-08,화,10,21
02,고색역.고색초교.태산아파트 - 고색역.고색초교.태산아파트,2025-04-08,화,11,12
02,고색역.고색초교.태산아파트 - 고색역.고색초교.태산아파트,2025-04-08,화,12,21
02,고색역.고색초교.태산아파트 - 고색역.고색초교.태산아파트,2025-04-08,화,13,24
02,고색역.고색초교.태산아파트 - 고색역.고색초교.태산아파트,2025-04-08,화,14,5
02,고색역.고색초교.태산아파트 - 고색역.고색초교.태산아파트,2025-04-08,화,15,20
02,고색역.고색초교.태산아파트 - 고색역.고색초교.태산아파트,2025-04-08,화,16,49
02,고색역.고색초교.태산아파트 - 고색역.고색초교.태산아파트,2025-04-08,화,17,37
02,고색역.고색초교.태산아파트 - 고색역.고색초교.태산아파트,2025-04-08,화,18,21
02,고색역.고색초교.태산아파트 - 고색역.고색초교.태산아파트,2025-04-08,화,19,39
02,고색역.고색초교.태산아파트 - 고색역.고색초교.태산아파트,2025-04-08,화,20,28
02,고색역.고색초교.태산아파트 - 고색역.고색초교.태산아파트,2025-04-08,화,21,37
02,고색역.고색초교.태산아파트 - 고색역.고색초교.태산아파트,2025-04-08,화,22,14
02,고색역.고색초교.태산아파트 - 고색역.고색초교.태산아파트,2025-04-08,화,23,4
02,고색역.고색초교.태산아파트 - 고색역.고색초교.태산아파트,2025-04-09,수,6,14
02,고색역.고색초교.태산아파트 - 고색역.고색초교.태산아파트,2025-04-09,수,7,74
02,고색역.고색초교.태산아파트 - 고색역.고색초교.태산아파트,2025-04-09,수,8,47
02,고색역.고색초교.태산아파트 - 고색역.고색초교.태산아파트,2025-04-09,수,9,49
02,고색역.고색초교.태산아파트 - 고색역.고색초교.태산아파트,2025-04-09,수,10,10
02,고색역.고색초교.태산아파트 - 고색역.고색초교.태산아파트,2025-04-09,수,11,15
02,고색역.고색초교.태산아파트 - 고색역.고색초교.태산아파트,2025-04-09,수,12,22
02,고색역.고색초교.태산아파트 - 고색역.고색초교.태산아파트,2025-04-09,수,13,25
02,고색역.고색초교.태산아파트 - 고색역.고색초교.태산아파트,2025-04-09,수,14,12
02,고색역.고색초교.태산아파트 - 고색역.고색초교.태산아파트,2025-04-09,수,15,23
02,고색역.고색초교.태산아파트 - 고색역.고색초교.태산아파트,2025-04-09,수,16,81
02,고색역.고색초교.태산아파트 - 고색역.고색초교.태산아파트,2025-04-09,수,17,23
02,고색역.고색초교.태산아파트 - 고색역.고색초교.태산아파트,2025-04-09,수,18,27
02,고색역.고색초교.태산아파트 - 고색역.고색초교.태산아파트,2025-04-09,수,19,43
02,고색역.고색초교.태산아파트 - 고색역.고색초교.태산아파트,2025-04-09,수,20,34
02,고색역.고색초교.태산아파트 - 고색역.고색초교.태산아파트,2025-04-09,수,21,27
02,고색역.고색초교.태산아파트 - 고색역.고색초교.태산아파트,2025-04-09,수,22,11
02,고색역.고색초교.태산아파트 - 고색역.고색초교.태산아파트,2025-04-09,수,23,4
02,고색역.고색초교.태산아파트 - 고색역.고색초교.태산아파트,2025-04-10,목,6,16
02,고색역.고색초교.태산아파트 - 고색역.고색초교.태산아파트,2025-04-10,목,7,73
02,고색역.고색초교.태산아파트 - 고색역.고색초교.태산아파트,2025-04-10,목,8,32
02,고색역.고색초교.태산아파트 - 고색역.고색초교.태산아파트,2025-04-10,목,9,58
02,고색역.고색초교.태산아파트 - 고색역.고색초교.태산아파트,2025-04-10,목,10,20
02,고색역.고색초교.태산아파트 - 고색역.고색초교.태산아파트,2025-04-10,목,11,21
02,고색역.고색초교.태산아파트 - 고색역.고색초교.태산아파트,2025-04-10,목,12,40
02,고색역.고색초교.태산아파트 - 고색역.고색초교.태산아파트,2025-04-10,목,13,30
02,고색역.고색초교.태산아파트 - 고색역.고색초교.태산아파트,2025-04-10,목,14,8
02,고색역.고색초교.태산아파트 - 고색역.고색초교.태산아파트,2025-04-10,목,15,25
02,고색역.고색초교.태산아파트 - 고색역.고색초교.태산아파트,2025-04-10,목,16,58
02,고색역.고색초교.태산아파트 - 고색역.고색초교.태산아파트,2025-04-10,목,17,35
02,고색역.고색초교.태산아파트 - 고색역.고색초교.태산아파트,2025-04-10,목,18,36
02,고색역.고색초교.태산아파트 - 고색역.고색초교.태산아파트,2025-04-10,목,19,41
02,고색역.고색초교.태산아파트 - 고색역.고색초교.태산아파트,2025-04-10,목,20,40
02,고색역.고색초교.태산아파트 - 고색역.고색초교.태산아파트,2025-04-10,목,21,22
02,고색역.고색초교.태산아파트 - 고색역.고색초교.태산아파트,2025-04-10,목,22,24
02,고색역.고색초교.태산아파트 - 고색역.고색초교.태산아파트,2025-04-10,목,23,5
02, - ,2025-04-11,금,6,17
02, - ,2025-04-11,금,7,76
02, - ,2025-04-11,금,8,42
02, - ,2025-04-11,금,9,20
02, - ,2025-04-11,금,10,12
02, - ,2025-04-11,금,11,17
02, - ,2025-04-11,금,12,24
02, - ,2025-04-11,금,13,20
02, - ,2025-04-11,금,14,12
02, - ,2025-04-11,금,15,17
02, - ,2025-04-11,금,16,38
02, - ,2025-04-11,금,17,29
02, - ,2025-04-11,금,18,33
02, - ,2025-04-11,금,19,37
02, - ,2025-04-11,금,20,32
02, - ,2025-04-11,금,21,33
02, - ,2025-04-11,금,22,22
02, - ,2025-04-11,금,23,6
02,고색역.고색초교.태산아파트 - 고색역.고색초교.태산아파트,2025-04-12,토,6,1
02,고색역.고색초교.태산아파트 - 고색역.고색초교.태산아파트,2025-04-12,토,7,13
02,고색역.고색초교.태산아파트 - 고색역.고색초교.태산아파트,2025-04-12,토,8,10
02,고색역.고색초교.태산아파트 - 고색역.고색초교.태산아파트,2025-04-12,토,9,16
02,고색역.고색초교.태산아파트 - 고색역.고색초교.태산아파트,2025-04-12,토,10,9
02,고색역.고색초교.태산아파트 - 고색역.고색초교.태산아파트,2025-04-12,토,11,12
02,고색역.고색초교.태산아파트 - 고색역.고색초교.태산아파트,2025-04-12,토,12,10
02,고색역.고색초교.태산아파트 - 고색역.고색초교.태산아파트,2025-04-12,토,13,12
02,고색역.고색초교.태산아파트 - 고색역.고색초교.태산아파트,2025-04-12,토,14,12
02,고색역.고색초교.태산아파트 - 고색역.고색초교.태산아파트,2025-04-12,토,15,9
02,고색역.고색초교.태산아파트 - 고색역.고색초교.태산아파트,2025-04-12,토,16,12
02,고색역.고색초교.태산아파트 - 고색역.고색초교.태산아파트,2025-04-12,토,17,25
02,고색역.고색초교.태산아파트 - 고색역.고색초교.태산아파트,2025-04-12,토,18,14
02,고색역.고색초교.태산아파트 - 고색역.고색초교.태산아파트,2025-04-12,토,19,11
02,고색역.고색초교.태산아파트 - 고색역.고색초교.태산아파트,2025-04-12,토,20,9
02,고색역.고색초교.태산아파트 - 고색역.고색초교.태산아파트,2025-04-12,토,21,18
02,고색역.고색초교.태산아파트 - 고색역.고색초교.태산아파트,2025-04-12,토,22,14
02,고색역.고색초교.태산아파트 - 고색역.고색초교.태산아파트,2025-04-12,토,23,8
02,고색역.고색초교.태산아파트 - 고색역.고색초교.태산아파트,2025-04-13,일,6,0
02,고색역.고색초교.태산아파트 - 고색역.고색초교.태산아파트,2025-04-13,일,7,12
02,고색역.고색초교.태산아파트 - 고색역.고색초교.태산아파트,2025-04-13,일,8,3
02,고색역.고색초교.태산아파트 - 고색역.고색초교.태산아파트,2025-04-13,일,9,12
02,고색역.고색초교.태산아파트 - 고색역.고색초교.태산아파트,2025-04-13,일,10,9
02,고색역.고색초교.태산아파트 - 고색역.고색초교.태산아파트,2025-04-13,일,11,4
02,고색역.고색초교.태산아파트 - 고색역.고색초교.태산아파트,2025-04-13,일,12,13
02,고색역.고색초교.태산아파트 - 고색역.고색초교.태산아파트,2025-04-13,일,13,11
02,고색역.고색초교.태산아파트 - 고색역.고색초교.태산아파트,2025-04-13,일,14,11
02,고색역.고색초교.태산아파트 - 고색역.고색초교.태산아파트,2025-04-13,일,15,7
02,고색역.고색초교.태산아파트 - 고색역.고색초교.태산아파트,2025-04-13,일,16,7
02,고색역.고색초교.태산아파트 - 고색역.고색초교.태산아파트,2025-04-13,일,17,6
02,고색역.고색초교.태산아파트 - 고색역.고색초교.태산아파트,2025-04-13,일,18,19
02,고색역.고색초교.태산아파트 - 고색역.고색초교.태산아파트,2025-04-13,일,19,5
02,고색역.고색초교.태산아파트 - 고색역.고색초교.태산아파트,2025-04-13,일,20,10
02,고색역.고색초교.태산아파트 - 고색역.고색초교.태산아파트,2025-04-13,일,21,14
02,고색역.고색초교.태산아파트 - 고색역.고색초교.태산아파트,2025-04-13,일,22,17
02,고색역.고색초교.태산아파트 - 고색역.고색초교.태산아파트,2025-04-13,일,23,6
02,고색역.고색초교.태산아파트 - 고색역.고색초교.태산아파트,2025-04-14,월,6,16
02,고색역.고색초교.태산아파트 - 고색역.고색초교.태산아파트,2025-04-14,월,7,63
02,고색역.고색초교.태산아파트 - 고색역.고색초교.태산아파트,2025-04-14,월,8,43
02,고색역.고색초교.태산아파트 - 고색역.고색초교.태산아파트,2025-04-14,월,9,43
02,고색역.고색초교.태산아파트 - 고색역.고색초교.태산아파트,2025-04-14,월,10,32
02,고색역.고색초교.태산아파트 - 고색역.고색초교.태산아파트,2025-04-14,월,11,11
02,고색역.고색초교.태산아파트 - 고색역.고색초교.태산아파트,2025-04-14,월,12,22
02,고색역.고색초교.태산아파트 - 고색역.고색초교.태산아파트,2025-04-14,월,13,17
02,고색역.고색초교.태산아파트 - 고색역.고색초교.태산아파트,2025-04-14,월,14,16
02,고색역.고색초교.태산아파트 - 고색역.고색초교.태산아파트,2025-04-14,월,15,32
02,고색역.고색초교.태산아파트 - 고색역.고색초교.태산아파트,2025-04-14,월,16,56
02,고색역.고색초교.태산아파트 - 고색역.고색초교.태산아파트,2025-04-14,월,17,46
02,고색역.고색초교.태산아파트 - 고색역.고색초교.태산아파트,2025-04-14,월,18,35
02,고색역.고색초교.태산아파트 - 고색역.고색초교.태산아파트,2025-04-14,월,19,54
02,고색역.고색초교.태산아파트 - 고색역.고색초교.태산아파트,2025-04-14,월,20,34
02,고색역.고색초교.태산아파트 - 고색역.고색초교.태산아파트,2025-04-14,월,21,26
02,고색역.고색초교.태산아파트 - 고색역.고색초교.태산아파트,2025-04-14,월,22,15
02,고색역.고색초교.태산아파트 - 고색역.고색초교.태산아파트,2025-04-14,월,23,4
02,고색역.고색초교.태산아파트 - 고색역.고색초교.태산아파트,2025-10-01,수,6,15
02,고색역.고색초교.태산아파트 - 고색역.고색초교.태산아파트,2025-10-01,수,7,79
02,고색역.고색초교.태산아파트 - 고색역.고색초교.태산아파트,2025-10-01,수,8,43
02,고색역.고색초교.태산아파트 - 고색역.고색초교.태산아파트,2025-10-01,수,9,86
02,고색역.고색초교.태산아파트 - 고색역.고색초교.태산아파트,2025-10-01,수,10,40
02,고색역.고색초교.태산아파트 - 고색역.고색초교.태산아파트,2025-10-01,수,11,20
02,고색역.고색초교.태산아파트 - 고색역.고색초교.태산아파트,2025-10-01,수,12,55
02,고색역.고색초교.태산아파트 - 고색역.고색초교.태산아파트,2025-10-01,수,13,63
02,고색역.고색초교.태산아파트 - 고색역.고색초교.태산아파트,2025-10-01,수,14,10
02,고색역.고색초교.태산아파트 - 고색역.고색초교.태산아파트,2025-10-01,수,15,23
02,고색역.고색초교.태산아파트 - 고색역.고색초교.태산아파트,2025-10-01,수,16,69
02,고색역.고색초교.태산아파트 - 고색역.고색초교.태산아파트,2025-10-01,수,17,50
02,고색역.고색초교.태산아파트 - 고색역.고색초교.태산아파트,2025-10-01,수,18,40
02,고색역.고색초교.태산아파트 - 고색역.고색초교.태산아파트,2025-10-01,수,19,38
02,고색역.고색초교.태산아파트 - 고색역.고색초교.태산아파트,2025-10-01,수,20,35
02,고색역.고색초교.태산아파트 - 고색역.고색초교.태산아파트,2025-10-01,수,21,27
02,고색역.고색초교.태산아파트 - 고색역.고색초교.태산아파트,2025-10-01,수,22,18
02,고색역.고색초교.태산아파트 - 고색역.고색초교.태산아파트,2025-10-01,수,23,5
02,고색역.고색초교.태산아파트 - 고색역.고색초교.태산아파트,2025-10-02,목,6,17
02,고색역.고색초교.태산아파트 - 고색역.고색초교.태산아파트,2025-10-02,목,7,69
02,고색역.고색초교.태산아파트 - 고색역.고색초교.태산아파트,2025-10-02,목,8,47
02,고색역.고색초교.태산아파트 - 고색역.고색초교.태산아파트,2025-10-02,목,9,72
02,고색역.고색초교.태산아파트 - 고색역.고색초교.태산아파트,2025-10-02,목,10,42
02,고색역.고색초교.태산아파트 - 고색역.고색초교.태산아파트,2025-10-02,목,11,10
02,고색역.고색초교.태산아파트 - 고색역.고색초교.태산아파트,2025-10-02,목,12,35
02,고색역.고색초교.태산아파트 - 고색역.고색초교.태산아파트,2025-10-02,목,13,94
02,고색역.고색초교.태산아파트 - 고색역.고색초교.태산아파트,2025-10-02,목,14,28
02,고색역.고색초교.태산아파트 - 고색역.고색초교.태산아파트,2025-10-02,목,15,28
02,고색역.고색초교.태산아파트 - 고색역.고색초교.태산아파트,2025-10-02,목,16,69
02,고색역.고색초교.태산아파트 - 고색역.고색초교.태산아파트,2025-10-02,목,17,48
02,고색역.고색초교.태산아파트 - 고색역.고색초교.태산아파트,2025-10-02,목,18,27
02,고색역.고색초교.태산아파트 - 고색역.고색초교.태산아파트,2025-10-02,목,19,36
02,고색역.고색초교.태산아파트 - 고색역.고색초교.태산아파트,2025-10-02,목,20,28
02,고색역.고색초교.태산아파트 - 고색역.고색초교.태산아파트,2025-10-02,목,21,27
02,고색역.고색초교.태산아파트 - 고색역.고색초교.태산아파트,2025-10-02,목,22,16
02,고색역.고색초교.태산아파트 - 고색역.고색초교.태산아파트,2025-10-02,목,23,3
02,고색역.고색초교.태산아파트 - 고색역.고색초교.태산아파트,2025-10-03,금,6,4
02,고색역.고색초교.태산아파트 - 고색역.고색초교.태산아파트,2025-10-03,금,7,23
02,고색역.고색초교.태산아파트 - 고색역.고색초교.태산아파트,2025-10-03,금,8,17
02,고색역.고색초교.태산아파트 - 고색역.고색초교.태산아파트,2025-10-03,금,9,17
02,고색역.고색초교.태산아파트 - 고색역.고색초교.태산아파트,2025-10-03,금,10,14
02,고색역.고색초교.태산아파트 - 고색역.고색초교.태산아파트,2025-10-03,금,11,10
02,고색역.고색초교.태산아파트 - 고색역.고색초교.태산아파트,2025-10-03,금,12,14
02,고색역.고색초교.태산아파트 - 고색역.고색초교.태산아파트,2025-10-03,금,13,18
02,고색역.고색초교.태산아파트 - 고색역.고색초교.태산아파트,2025-10-03,금,14,8
02,고색역.고색초교.태산아파트 - 고색역.고색초교.태산아파트,2025-10-03,금,15,20
02,고색역.고색초교.태산아파트 - 고색역.고색초교.태산아파트,2025-10-03,금,16,15
02,고색역.고색초교.태산아파트 - 고색역.고색초교.태산아파트,2025-10-03,금,17,27
02,고색역.고색초교.태산아파트 - 고색역.고색초교.태산아파트,2025-10-03,금,18,18
02,고색역.고색초교.태산아파트 - 고색역.고색초교.태산아파트,2025-10-03,금,19,24
02,고색역.고색초교.태산아파트 - 고색역.고색초교.태산아파트,2025-10-03,금,20,16
02,고색역.고색초교.태산아파트 - 고색역.고색초교.태산아파트,2025-10-03,금,21,12
02,고색역.고색초교.태산아파트 - 고색역.고색초교.태산아파트,2025-10-03,금,22,18
02,고색역.고색초교.태산아파트 - 고색역.고색초교.태산아파트,2025-10-03,금,23,3
02,고색역.고색초교.태산아파트 - 고색역.고색초교.태산아파트,2025-10-04,토,6,1
02,고색역.고색초교.태산아파트 - 고색역.고색초교.태산아파트,2025-10-04,토,7,12
02,고색역.고색초교.태산아파트 - 고색역.고색초교.태산아파트,2025-10-04,토,8,15
02,고색역.고색초교.태산아파트 - 고색역.고색초교.태산아파트,2025-10-04,토,9,15
02,고색역.고색초교.태산아파트 - 고색역.고색초교.태산아파트,2025-10-04,토,10,7
02,고색역.고색초교.태산아파트 - 고색역.고색초교.태산아파트,2025-10-04,토,11,7
02,고색역.고색초교.태산아파트 - 고색역.고색초교.태산아파트,2025-10-04,토,12,16
02,고색역.고색초교.태산아파트 - 고색역.고색초교.태산아파트,2025-10-04,토,13,5
02,고색역.고색초교.태산아파트 - 고색역.고색초교.태산아파트,2025-10-04,토,14,10
02,고색역.고색초교.태산아파트 - 고색역.고색초교.태산아파트,2025-10-04,토,15,13
02,고색역.고색초교.태산아파트 - 고색역.고색초교.태산아파트,2025-10-04,토,16,16
02,고색역.고색초교.태산아파트 - 고색역.고색초교.태산아파트,2025-10-04,토,17,19
02,고색역.고색초교.태산아파트 - 고색역.고색초교.태산아파트,2025-10-04,토,18,8
02,고색역.고색초교.태산아파트 - 고색역.고색초교.태산아파트,2025-10-04,토,19,23
02,고색역.고색초교.태산아파트 - 고색역.고색초교.태산아파트,2025-10-04,토,20,11
02,고색역.고색초교.태산아파트 - 고색역.고색초교.태산아파트,2025-10-04,토,21,6
02,고색역.고색초교.태산아파트 - 고색역.고색초교.태산아파트,2025-10-04,토,22,13
02,고색역.고색초교.태산아파트 - 고색역.고색초교.태산아파트,2025-10-04,토,23,7
02,고색역.고색초교.태산아파트 - 고색역.고색초교.태산아파트,2025-10-05,일,6,0
02,고색역.고색초교.태산아파트 - 고색역.고색초교.태산아파트,2025-10-05,일,7,4
02,고색역.고색초교.태산아파트 - 고색역.고색초교.태산아파트,2025-10-05,일,8,17
02,고색역.고색초교.태산아파트 - 고색역.고색초교.태산아파트,2025-10-05,일,9,7
02,고색역.고색초교.태산아파트 - 고색역.고색초교.태산아파트,2025-10-05,일,10,14
02,고색역.고색초교.태산아파트 - 고색역.고색초교.태산아파트,2025-10-05,일,11,8
02,고색역.고색초교.태산아파트 - 고색역.고색초교.태산아파트,2025-10-05,일,12,12
02,고색역.고색초교.태산아파트 - 고색역.고색초교.태산아파트,2025-10-05,일,13,7
02,고색역.고색초교.태산아파트 - 고색역.고색초교.태산아파트,2025-10-05,일,14,6
02,고색역.고색초교.태산아파트 - 고색역.고색초교.태산아파트,2025-10-05,일,15,11
02,고색역.고색초교.태산아파트 - 고색역.고색초교.태산아파트,2025-10-05,일,16,22
02,고색역.고색초교.태산아파트 - 고색역.고색초교.태산아파트,2025-10-05,일,17,15
02,고색역.고색초교.태산아파트 - 고색역.고색초교.태산아파트,2025-10-05,일,18,14
02,고색역.고색초교.태산아파트 - 고색역.고색초교.태산아파트,2025-10-05,일,19,21
02,고색역.고색초교.태산아파트 - 고색역.고색초교.태산아파트,2025-10-05,일,20,16
02,고색역.고색초교.태산아파트 - 고색역.고색초교.태산아파트,2025-10-05,일,21,12
02,고색역.고색초교.태산아파트 - 고색역.고색초교.태산아파트,2025-10-05,일,22,14
02,고색역.고색초교.태산아파트 - 고색역.고색초교.태산아파트,2025-10-05,일,23,4
02,고색역.고색초교.태산아파트 - 고색역.고색초교.태산아파트,2025-10-06,월,6,2
02,고색역.고색초교.태산아파트 - 고색역.고색초교.태산아파트,2025-10-06,월,7,6
02,고색역.고색초교.태산아파트 - 고색역.고색초교.태산아파트,2025-10-06,월,8,7
02,고색역.고색초교.태산아파트 - 고색역.고색초교.태산아파트,2025-10-06,월,9,7
02,고색역.고색초교.태산아파트 - 고색역.고색초교.태산아파트,2025-10-06,월,10,7
02,고색역.고색초교.태산아파트 - 고색역.고색초교.태산아파트,2025-10-06,월,11,5
02,고색역.고색초교.태산아파트 - 고색역.고색초교.태산아파트,2025-10-06,월,12,1
02,고색역.고색초교.태산아파트 - 고색역.고색초교.태산아파트,2025-10-06,월,13,7
02,고색역.고색초교.태산아파트 - 고색역.고색초교.태산아파트,2025-10-06,월,14,5
02,고색역.고색초교.태산아파트 - 고색역.고색초교.태산아파트,2025-10-06,월,15,2
02,고색역.고색초교.태산아파트 - 고색역.고색초교.태산아파트,2025-10-06,월,16,8
02,고색역.고색초교.태산아파트 - 고색역.고색초교.태산아파트,2025-10-06,월,17,12
02,고색역.고색초교.태산아파트 - 고색역.고색초교.태산아파트,2025-10-06,월,18,8
02,고색역.고색초교.태산아파트 - 고색역.고색초교.태산아파트,2025-10-06,월,19,8
02,고색역.고색초교.태산아파트 - 고색역.고색초교.태산아파트,2025-10-06,월,20,6
02,고색역.고색초교.태산아파트 - 고색역.고색초교.태산아파트,2025-10-06,월,21,10
02,고색역.고색초교.태산아파트 - 고색역.고색초교.태산아파트,2025-10-06,월,22,12
02,고색역.고색초교.태산아파트 - 고색역.고색초교.태산아파트,2025-10-06,월,23,4
02,고색역.고색초교.태산아파트 - 고색역.고색초교.태산아파트,2025-10-07,화,6,1
02,고색역.고색초교.태산아파트 - 고색역.고색초교.태산아파트,2025-10-07,화,7,8
02,고색역.고색초교.태산아파트 - 고색역.고색초교.태산아파트,2025-10-07,화,8,10
02,고색역.고색초교.태산아파트 - 고색역.고색초교.태산아파트,2025-10-07,화,9,8
02,고색역.고색초교.태산아파트 - 고색역.고색초교.태산아파트,2025-10-07,화,10,6
02,고색역.고색초교.태산아파트 - 고색역.고색초교.태산아파트,2025-10-07,화,11,10
02,고색역.고색초교.태산아파트 - 고색역.고색초교.태산아파트,2025-10-07,화,12,8
02,고색역.고색초교.태산아파트 - 고색역.고색초교.태산아파트,2025-10-07,화,13,12
02,고색역.고색초교.태산아파트 - 고색역.고색초교.태산아파트,2025-10-07,화,14,11
02,고색역.고색초교.태산아파트 - 고색역.고색초교.태산아파트,2025-10-07,화,15,12
02,고색역.고색초교.태산아파트 - 고색역.고색초교.태산아파트,2025-10-07,화,16,12
02,고색역.고색초교.태산아파트 - 고색역.고색초교.태산아파트,2025-10-07,화,17,17
02,고색역.고색초교.태산아파트 - 고색역.고색초교.태산아파트,2025-10-07,화,18,20
02,고색역.고색초교.태산아파트 - 고색역.고색초교.태산아파트,2025-10-07,화,19,23
02,고색역.고색초교.태산아파트 - 고색역.고색초교.태산아파트,2025-10-07,화,20,15
02,고색역.고색초교.태산아파트 - 고색역.고색초교.태산아파트,2025-10-07,화,21,17
02,고색역.고색초교.태산아파트 - 고색역.고색초교.태산아파트,2025-10-07,화,22,20
02,고색역.고색초교.태산아파트 - 고색역.고색초교.태산아파트,2025-10-07,화,23,4
02,고색역.고색초교.태산아파트 - 고색역.고색초교.태산아파트,2025-10-08,수,6,1
02,고색역.고색초교.태산아파트 - 고색역.고색초교.태산아파트,2025-10-08,수,7,11
02,고색역.고색초교.태산아파트 - 고색역.고색초교.태산아파트,2025-10-08,수,8,10
02,고색역.고색초교.태산아파트 - 고색역.고색초교.태산아파트,2025-10-08,수,9,7
02,고색역.고색초교.태산아파트 - 고색역.고색초교.태산아파트,2025-10-08,수,10,10
02,고색역.고색초교.태산아파트 - 고색역.고색초교.태산아파트,2025-10-08,수,11,16
02,고색역.고색초교.태산아파트 - 고색역.고색초교.태산아파트,2025-10-08,수,12,13
02,고색역.고색초교.태산아파트 - 고색역.고색초교.태산아파트,2025-10-08,수,13,17
02,고색역.고색초교.태산아파트 - 고색역.고색초교.태산아파트,2025-10-08,수,14,9
02,고색역.고색초교.태산아파트 - 고색역.고색초교.태산아파트,2025-10-08,수,15,20
02,고색역.고색초교.태산아파트 - 고색역.고색초교.태산아파트,2025-10-08,수,16,23
02,고색역.고색초교.태산아파트 - 고색역.고색초교.태산아파트,2025-10-08,수,17,16
02,고색역.고색초교.태산아파트 - 고색역.고색초교.태산아파트,2025-10-08,수,18,14
02,고색역.고색초교.태산아파트 - 고색역.고색초교.태산아파트,2025-10-08,수,19,24
02,고색역.고색초교.태산아파트 - 고색역.고색초교.태산아파트,2025-10-08,수,20,11
02,고색역.고색초교.태산아파트 - 고색역.고색초교.태산아파트,2025-10-08,수,21,17
02,고색역.고색초교.태산아파트 - 고색역.고색초교.태산아파트,2025-10-08,수,22,16
02,고색역.고색초교.태산아파트 - 고색역.고색초교.태산아파트,2025-10-08,수,23,8
02,고색역.고색초교.태산아파트 - 고색역.고색초교.태산아파트,2025-10-09,목,6,2
02,고색역.고색초교.태산아파트 - 고색역.고색초교.태산아파트,2025-10-09,목,7,10
02,고색역.고색초교.태산아파트 - 고색역.고색초교.태산아파트,2025-10-09,목,8,11
02,고색역.고색초교.태산아파트 - 고색역.고색초교.태산아파트,2025-10-09,목,9,19
02,고색역.고색초교.태산아파트 - 고색역.고색초교.태산아파트,2025-10-09,목,10,12
02,고색역.고색초교.태산아파트 - 고색역.고색초교.태산아파트,2025-10-09,목,11,9
02,고색역.고색초교.태산아파트 - 고색역.고색초교.태산아파트,2025-10-09,목,12,18
02,고색역.고색초교.태산아파트 - 고색역.고색초교.태산아파트,2025-10-09,목,13,20
02,고색역.고색초교.태산아파트 - 고색역.고색초교.태산아파트,2025-10-09,목,14,16
02,고색역.고색초교.태산아파트 - 고색역.고색초교.태산아파트,2025-10-09,목,15,15
02,고색역.고색초교.태산아파트 - 고색역.고색초교.태산아파트,2025-10-09,목,16,19
02,고색역.고색초교.태산아파트 - 고색역.고색초교.태산아파트,2025-10-09,목,17,15
02,고색역.고색초교.태산아파트 - 고색역.고색초교.태산아파트,2025-10-09,목,18,15
02,고색역.고색초교.태산아파트 - 고색역.고색초교.태산아파트,2025-10-09,목,19,18
02,고색역.고색초교.태산아파트 - 고색역.고색초교.태산아파트,2025-10-09,목,20,14
02,고색역.고색초교.태산아파트 - 고색역.고색초교.태산아파트,2025-10-09,목,21,13
02,고색역.고색초교.태산아파트 - 고색역.고색초교.태산아파트,2025-10-09,목,22,8
02,고색역.고색초교.태산아파트 - 고색역.고색초교.태산아파트,2025-10-09,목,23,6
02,고색역.고색초교.태산아파트 - 고색역.고색초교.태산아파트,2025-10-10,금,6,17
02,고색역.고색초교.태산아파트 - 고색역.고색초교.태산아파트,2025-10-10,금,7,50
02,고색역.고색초교.태산아파트 - 고색역.고색초교.태산아파트,2025-10-10,금,8,42
02,고색역.고색초교.태산아파트 - 고색역.고색초교.태산아파트,2025-10-10,금,9,24
02,고색역.고색초교.태산아파트 - 고색역.고색초교.태산아파트,2025-10-10,금,10,16
02,고색역.고색초교.태산아파트 - 고색역.고색초교.태산아파트,2025-10-10,금,11,13
02,고색역.고색초교.태산아파트 - 고색역.고색초교.태산아파트,2025-10-10,금,12,19
02,고색역.고색초교.태산아파트 - 고색역.고색초교.태산아파트,2025-10-10,금,13,13
02,고색역.고색초교.태산아파트 - 고색역.고색초교.태산아파트,2025-10-10,금,14,8
02,고색역.고색초교.태산아파트 - 고색역.고색초교.태산아파트,2025-10-10,금,15,20
02,고색역.고색초교.태산아파트 - 고색역.고색초교.태산아파트,2025-10-10,금,16,29
02,고색역.고색초교.태산아파트 - 고색역.고색초교.태산아파트,2025-10-10,금,17,39
02,고색역.고색초교.태산아파트 - 고색역.고색초교.태산아파트,2025-10-10,금,18,30
02,고색역.고색초교.태산아파트 - 고색역.고색초교.태산아파트,2025-10-10,금,19,30
02,고색역.고색초교.태산아파트 - 고색역.고색초교.태산아파트,2025-10-10,금,20,26
02,고색역.고색초교.태산아파트 - 고색역.고색초교.태산아파트,2025-10-10,금,21,31
02,고색역.고색초교.태산아파트 - 고색역.고색초교.태산아파트,2025-10-10,금,22,18
02,고색역.고색초교.태산아파트 - 고색역.고색초교.태산아파트,2025-10-10,금,23,4
02,고색역.고색초교.태산아파트 - 고색역.고색초교.태산아파트,2025-10-11,토,6,5
02,고색역.고색초교.태산아파트 - 고색역.고색초교.태산아파트,2025-10-11,토,7,15
02,고색역.고색초교.태산아파트 - 고색역.고색초교.태산아파트,2025-10-11,토,8,24
02,고색역.고색초교.태산아파트 - 고색역.고색초교.태산아파트,2025-10-11,토,9,20
02,고색역.고색초교.태산아파트 - 고색역.고색초교.태산아파트,2025-10-11,토,10,15
02,고색역.고색초교.태산아파트 - 고색역.고색초교.태산아파트,2025-10-11,토,11,8
02,고색역.고색초교.태산아파트 - 고색역.고색초교.태산아파트,2025-10-11,토,12,20
02,고색역.고색초교.태산아파트 - 고색역.고색초교.태산아파트,2025-10-11,토,13,18
02,고색역.고색초교.태산아파트 - 고색역.고색초교.태산아파트,2025-10-11,토,14,8
02,고색역.고색초교.태산아파트 - 고색역.고색초교.태산아파트,2025-10-11,토,15,15
02,고색역.고색초교.태산아파트 - 고색역.고색초교.태산아파트,2025-10-11,토,16,20
02,고색역.고색초교.태산아파트 - 고색역.고색초교.태산아파트,2025-10-11,토,17,22
02,고색역.고색초교.태산아파트 - 고색역.고색초교.태산아파트,2025-10-11,토,18,16
02,고색역.고색초교.태산아파트 - 고색역.고색초교.태산아파트,2025-10-11,토,19,17
02,고색역.고색초교.태산아파트 - 고색역.고색초교.태산아파트,2025-10-11,토,20,12
02,고색역.고색초교.태산아파트 - 고색역.고색초교.태산아파트,2025-10-11,토,21,13
02,고색역.고색초교.태산아파트 - 고색역.고색초교.태산아파트,2025-10-11,토,22,13
02,고색역.고색초교.태산아파트 - 고색역.고색초교.태산아파트,2025-10-11,토,23,1
02,고색역.고색초교.태산아파트 - 고색역.고색초교.태산아파트,2025-10-12,일,6,5
02,고색역.고색초교.태산아파트 - 고색역.고색초교.태산아파트,2025-10-12,일,7,7
02,고색역.고색초교.태산아파트 - 고색역.고색초교.태산아파트,2025-10-12,일,8,15
02,고색역.고색초교.태산아파트 - 고색역.고색초교.태산아파트,2025-10-12,일,9,10
02,고색역.고색초교.태산아파트 - 고색역.고색초교.태산아파트,2025-10-12,일,10,19
02,고색역.고색초교.태산아파트 - 고색역.고색초교.태산아파트,2025-10-12,일,11,12
02,고색역.고색초교.태산아파트 - 고색역.고색초교.태산아파트,2025-10-12,일,12,22
02,고색역.고색초교.태산아파트 - 고색역.고색초교.태산아파트,2025-10-12,일,13,12
02,고색역.고색초교.태산아파트 - 고색역.고색초교.태산아파트,2025-10-12,일,14,11
02,고색역.고색초교.태산아파트 - 고색역.고색초교.태산아파트,2025-10-12,일,15,15
02,고색역.고색초교.태산아파트 - 고색역.고색초교.태산아파트,2025-10-12,일,16,14
02,고색역.고색초교.태산아파트 - 고색역.고색초교.태산아파트,2025-10-12,일,17,16
02,고색역.고색초교.태산아파트 - 고색역.고색초교.태산아파트,2025-10-12,일,18,17
02,고색역.고색초교.태산아파트 - 고색역.고색초교.태산아파트,2025-10-12,일,19,15
02,고색역.고색초교.태산아파트 - 고색역.고색초교.태산아파트,2025-10-12,일,20,16
02,고색역.고색초교.태산아파트 - 고색역.고색초교.태산아파트,2025-10-12,일,21,17
02,고색역.고색초교.태산아파트 - 고색역.고색초교.태산아파트,2025-10-12,일,22,13
02,고색역.고색초교.태산아파트 - 고색역.고색초교.태산아파트,2025-10-12,일,23,1
02,고색역.고색초교.태산아파트 - 고색역.고색초교.태산아파트,2025-10-13,월,6,20
02,고색역.고색초교.태산아파트 - 고색역.고색초교.태산아파트,2025-10-13,월,7,77
02,고색역.고색초교.태산아파트 - 고색역.고색초교.태산아파트,2025-10-13,월,8,47
02,고색역.고색초교.태산아파트 - 고색역.고색초교.태산아파트,2025-10-13,월,9,80
02,고색역.고색초교.태산아파트 - 고색역.고색초교.태산아파트,2025-10-13,월,10,62
02,고색역.고색초교.태산아파트 - 고색역.고색초교.태산아파트,2025-10-13,월,11,26
02,고색역.고색초교.태산아파트 - 고색역.고색초교.태산아파트,2025-10-13,월,12,47
02,고색역.고색초교.태산아파트 - 고색역.고색초교.태산아파트,2025-10-13,월,13,45
02,고색역.고색초교.태산아파트 - 고색역.고색초교.태산아파트,2025-10-13,월,14,13
02,고색역.고색초교.태산아파트 - 고색역.고색초교.태산아파트,2025-10-13,월,15,31
02,고색역.고색초교.태산아파트 - 고색역.고색초교.태산아파트,2025-10-13,월,16,70
02,고색역.고색초교.태산아파트 - 고색역.고색초교.태산아파트,2025-10-13,월,17,48
02,고색역.고색초교.태산아파트 - 고색역.고색초교.태산아파트,2025-10-13,월,18,46
02,고색역.고색초교.태산아파트 - 고색역.고색초교.태산아파트,2025-10-13,월,19,43
02,고색역.고색초교.태산아파트 - 고색역.고색초교.태산아파트,2025-10-13,월,20,33
02,고색역.고색초교.태산아파트 - 고색역.고색초교.태산아파트,2025-10-13,월,21,26
02,고색역.고색초교.태산아파트 - 고색역.고색초교.태산아파트,2025-10-13,월,22,24
02,고색역.고색초교.태산아파트 - 고색역.고색초교.태산아파트,2025-10-13,월,23,1
02,고색역.고색초교.태산아파트 - 고색역.고색초교.태산아파트,2025-10-14,화,6,17
02,고색역.고색초교.태산아파트 - 고색역.고색초교.태산아파트,2025-10-14,화,7,72
02,고색역.고색초교.태산아파트 - 고색역.고색초교.태산아파트,2025-10-14,화,8,44
02,고색역.고색초교.태산아파트 - 고색역.고색초교.태산아파트,2025-10-14,화,9,79
02,고색역.고색초교.태산아파트 - 고색역.고색초교.태산아파트,2025-10-14,화,10,41
02,고색역.고색초교.태산아파트 - 고색역.고색초교.태산아파트,2025-10-14,화,11,17
02,고색역.고색초교.태산아파트 - 고색역.고색초교.태산아파트,2025-10-14,화,12,36
02,고색역.고색초교.태산아파트 - 고색역.고색초교.태산아파트,2025-10-14,화,13,38
02,고색역.고색초교.태산아파트 - 고색역.고색초교.태산아파트,2025-10-14,화,14,17
02,고색역.고색초교.태산아파트 - 고색역.고색초교.태산아파트,2025-10-14,화,15,54
02,고색역.고색초교.태산아파트 - 고색역.고색초교.태산아파트,2025-10-14,화,16,52
02,고색역.고색초교.태산아파트 - 고색역.고색초교.태산아파트,2025-10-14,화,17,60
02,고색역.고색초교.태산아파트 - 고색역.고색초교.태산아파트,2025-10-14,화,18,44
02,고색역.고색초교.태산아파트 - 고색역.고색초교.태산아파트,2025-10-14,화,19,42
02,고색역.고색초교.태산아파트 - 고색역.고색초교.태산아파트,2025-10-14,화,20,29
02,고색역.고색초교.태산아파트 - 고색역.고색초교.태산아파트,2025-10-14,화,21,32
02,고색역.고색초교.태산아파트 - 고색역.고색초교.태산아파트,2025-10-14,화,22,20
02,고색역.고색초교.태산아파트 - 고색역.고색초교.태산아파트,2025-10-14,화,23,6
02,고색역.고색초교.태산아파트 - 고색역.고색초교.태산아파트,2026-01-01,목,6,4
02,고색역.고색초교.태산아파트 - 고색역.고색초교.태산아파트,2026-01-01,목,7,9
02,고색역.고색초교.태산아파트 - 고색역.고색초교.태산아파트,2026-01-01,목,8,11
02,고색역.고색초교.태산아파트 - 고색역.고색초교.태산아파트,2026-01-01,목,9,5
02,고색역.고색초교.태산아파트 - 고색역.고색초교.태산아파트,2026-01-01,목,10,5
02,고색역.고색초교.태산아파트 - 고색역.고색초교.태산아파트,2026-01-01,목,11,8
02,고색역.고색초교.태산아파트 - 고색역.고색초교.태산아파트,2026-01-01,목,12,14
02,고색역.고색초교.태산아파트 - 고색역.고색초교.태산아파트,2026-01-01,목,13,12
02,고색역.고색초교.태산아파트 - 고색역.고색초교.태산아파트,2026-01-01,목,14,9
02,고색역.고색초교.태산아파트 - 고색역.고색초교.태산아파트,2026-01-01,목,15,11
02,고색역.고색초교.태산아파트 - 고색역.고색초교.태산아파트,2026-01-01,목,16,16
02,고색역.고색초교.태산아파트 - 고색역.고색초교.태산아파트,2026-01-01,목,17,19
02,고색역.고색초교.태산아파트 - 고색역.고색초교.태산아파트,2026-01-01,목,18,18
02,고색역.고색초교.태산아파트 - 고색역.고색초교.태산아파트,2026-01-01,목,19,13
02,고색역.고색초교.태산아파트 - 고색역.고색초교.태산아파트,2026-01-01,목,20,16
02,고색역.고색초교.태산아파트 - 고색역.고색초교.태산아파트,2026-01-01,목,21,9
02,고색역.고색초교.태산아파트 - 고색역.고색초교.태산아파트,2026-01-01,목,22,13
02,고색역.고색초교.태산아파트 - 고색역.고색초교.태산아파트,2026-01-01,목,23,4
02,고색역.고색초교.태산아파트 - 고색역.고색초교.태산아파트,2026-01-02,금,6,15
02,고색역.고색초교.태산아파트 - 고색역.고색초교.태산아파트,2026-01-02,금,7,56
02,고색역.고색초교.태산아파트 - 고색역.고색초교.태산아파트,2026-01-02,금,8,43
02,고색역.고색초교.태산아파트 - 고색역.고색초교.태산아파트,2026-01-02,금,9,26
02,고색역.고색초교.태산아파트 - 고색역.고색초교.태산아파트,2026-01-02,금,10,12
02,고색역.고색초교.태산아파트 - 고색역.고색초교.태산아파트,2026-01-02,금,11,10
02,고색역.고색초교.태산아파트 - 고색역.고색초교.태산아파트,2026-01-02,금,12,19
02,고색역.고색초교.태산아파트 - 고색역.고색초교.태산아파트,2026-01-02,금,13,18
02,고색역.고색초교.태산아파트 - 고색역.고색초교.태산아파트,2026-01-02,금,14,8
02,고색역.고색초교.태산아파트 - 고색역.고색초교.태산아파트,2026-01-02,금,15,13
02,고색역.고색초교.태산아파트 - 고색역.고색초교.태산아파트,2026-01-02,금,16,36
02,고색역.고색초교.태산아파트 - 고색역.고색초교.태산아파트,2026-01-02,금,17,31
02,고색역.고색초교.태산아파트 - 고색역.고색초교.태산아파트,2026-01-02,금,18,38
02,고색역.고색초교.태산아파트 - 고색역.고색초교.태산아파트,2026-01-02,금,19,46
02,고색역.고색초교.태산아파트 - 고색역.고색초교.태산아파트,2026-01-02,금,20,23
02,고색역.고색초교.태산아파트 - 고색역.고색초교.태산아파트,2026-01-02,금,21,21
02,고색역.고색초교.태산아파트 - 고색역.고색초교.태산아파트,2026-01-02,금,22,25
02,고색역.고색초교.태산아파트 - 고색역.고색초교.태산아파트,2026-01-02,금,23,5
02,고색역.고색초교.태산아파트 - 고색역.고색초교.태산아파트,2026-01-03,토,6,4
02,고색역.고색초교.태산아파트 - 고색역.고색초교.태산아파트,2026-01-03,토,7,18
02,고색역.고색초교.태산아파트 - 고색역.고색초교.태산아파트,2026-01-03,토,8,19
02,고색역.고색초교.태산아파트 - 고색역.고색초교.태산아파트,2026-01-03,토,9,18
02,고색역.고색초교.태산아파트 - 고색역.고색초교.태산아파트,2026-01-03,토,10,13
02,고색역.고색초교.태산아파트 - 고색역.고색초교.태산아파트,2026-01-03,토,11,15
02,고색역.고색초교.태산아파트 - 고색역.고색초교.태산아파트,2026-01-03,토,12,19
02,고색역.고색초교.태산아파트 - 고색역.고색초교.태산아파트,2026-01-03,토,13,16
02,고색역.고색초교.태산아파트 - 고색역.고색초교.태산아파트,2026-01-03,토,14,9
02,고색역.고색초교.태산아파트 - 고색역.고색초교.태산아파트,2026-01-03,토,15,17
02,고색역.고색초교.태산아파트 - 고색역.고색초교.태산아파트,2026-01-03,토,16,27
02,고색역.고색초교.태산아파트 - 고색역.고색초교.태산아파트,2026-01-03,토,17,28
02,고색역.고색초교.태산아파트 - 고색역.고색초교.태산아파트,2026-01-03,토,18,17
02,고색역.고색초교.태산아파트 - 고색역.고색초교.태산아파트,2026-01-03,토,19,16
02,고색역.고색초교.태산아파트 - 고색역.고색초교.태산아파트,2026-01-03,토,20,14
02,고색역.고색초교.태산아파트 - 고색역.고색초교.태산아파트,2026-01-03,토,21,22
02,고색역.고색초교.태산아파트 - 고색역.고색초교.태산아파트,2026-01-03,토,22,15
02,고색역.고색초교.태산아파트 - 고색역.고색초교.태산아파트,2026-01-03,토,23,8
02,고색역.고색초교.태산아파트 - 고색역.고색초교.태산아파트,2026-01-04,일,6,1
02,고색역.고색초교.태산아파트 - 고색역.고색초교.태산아파트,2026-01-04,일,7,7
02,고색역.고색초교.태산아파트 - 고색역.고색초교.태산아파트,2026-01-04,일,8,13
02,고색역.고색초교.태산아파트 - 고색역.고색초교.태산아파트,2026-01-04,일,9,7
02,고색역.고색초교.태산아파트 - 고색역.고색초교.태산아파트,2026-01-04,일,10,10
02,고색역.고색초교.태산아파트 - 고색역.고색초교.태산아파트,2026-01-04,일,11,6
02,고색역.고색초교.태산아파트 - 고색역.고색초교.태산아파트,2026-01-04,일,12,13
02,고색역.고색초교.태산아파트 - 고색역.고색초교.태산아파트,2026-01-04,일,13,16
02,고색역.고색초교.태산아파트 - 고색역.고색초교.태산아파트,2026-01-04,일,14,4
02,고색역.고색초교.태산아파트 - 고색역.고색초교.태산아파트,2026-01-04,일,15,25
02,고색역.고색초교.태산아파트 - 고색역.고색초교.태산아파트,2026-01-04,일,16,12
02,고색역.고색초교.태산아파트 - 고색역.고색초교.태산아파트,2026-01-04,일,17,14
02,고색역.고색초교.태산아파트 - 고색역.고색초교.태산아파트,2026-01-04,일,18,15
02,고색역.고색초교.태산아파트 - 고색역.고색초교.태산아파트,2026-01-04,일,19,20
02,고색역.고색초교.태산아파트 - 고색역.고색초교.태산아파트,2026-01-04,일,20,19
02,고색역.고색초교.태산아파트 - 고색역.고색초교.태산아파트,2026-01-04,일,21,10
02,고색역.고색초교.태산아파트 - 고색역.고색초교.태산아파트,2026-01-04,일,22,19
02,고색역.고색초교.태산아파트 - 고색역.고색초교.태산아파트,2026-01-04,일,23,4
02,고색역.고색초교.태산아파트 - 고색역.고색초교.태산아파트,2026-01-05,월,6,23
02,고색역.고색초교.태산아파트 - 고색역.고색초교.태산아파트,2026-01-05,월,7,76
02,고색역.고색초교.태산아파트 - 고색역.고색초교.태산아파트,2026-01-05,월,8,37
02,고색역.고색초교.태산아파트 - 고색역.고색초교.태산아파트,2026-01-05,월,9,35
02,고색역.고색초교.태산아파트 - 고색역.고색초교.태산아파트,2026-01-05,월,10,13
02,고색역.고색초교.태산아파트 - 고색역.고색초교.태산아파트,2026-01-05,월,11,12
02,고색역.고색초교.태산아파트 - 고색역.고색초교.태산아파트,2026-01-05,월,12,16
02,고색역.고색초교.태산아파트 - 고색역.고색초교.태산아파트,2026-01-05,월,13,14
02,고색역.고색초교.태산아파트 - 고색역.고색초교.태산아파트,2026-01-05,월,14,11
02,고색역.고색초교.태산아파트 - 고색역.고색초교.태산아파트,2026-01-05,월,15,19
02,고색역.고색초교.태산아파트 - 고색역.고색초교.태산아파트,2026-01-05,월,16,32
02,고색역.고색초교.태산아파트 - 고색역.고색초교.태산아파트,2026-01-05,월,17,57
02,고색역.고색초교.태산아파트 - 고색역.고색초교.태산아파트,2026-01-05,월,18,51
02,고색역.고색초교.태산아파트 - 고색역.고색초교.태산아파트,2026-01-05,월,19,57
02,고색역.고색초교.태산아파트 - 고색역.고색초교.태산아파트,2026-01-05,월,20,53
02,고색역.고색초교.태산아파트 - 고색역.고색초교.태산아파트,2026-01-05,월,21,23
02,고색역.고색초교.태산아파트 - 고색역.고색초교.태산아파트,2026-01-05,월,22,20
02,고색역.고색초교.태산아파트 - 고색역.고색초교.태산아파트,2026-01-05,월,23,3
02,고색역.고색초교.태산아파트 - 고색역.고색초교.태산아파트,2026-01-06,화,6,21
02,고색역.고색초교.태산아파트 - 고색역.고색초교.태산아파트,2026-01-06,화,7,76
02,고색역.고색초교.태산아파트 - 고색역.고색초교.태산아파트,2026-01-06,화,8,41
02,고색역.고색초교.태산아파트 - 고색역.고색초교.태산아파트,2026-01-06,화,9,36
02,고색역.고색초교.태산아파트 - 고색역.고색초교.태산아파트,2026-01-06,화,10,19
02,고색역.고색초교.태산아파트 - 고색역.고색초교.태산아파트,2026-01-06,화,11,11
02,고색역.고색초교.태산아파트 - 고색역.고색초교.태산아파트,2026-01-06,화,12,29
02,고색역.고색초교.태산아파트 - 고색역.고색초교.태산아파트,2026-01-06,화,13,23
02,고색역.고색초교.태산아파트 - 고색역.고색초교.태산아파트,2026-01-06,화,14,10
02,고색역.고색초교.태산아파트 - 고색역.고색초교.태산아파트,2026-01-06,화,15,17
02,고색역.고색초교.태산아파트 - 고색역.고색초교.태산아파트,2026-01-06,화,16,43
02,고색역.고색초교.태산아파트 - 고색역.고색초교.태산아파트,2026-01-06,화,17,51
02,고색역.고색초교.태산아파트 - 고색역.고색초교.태산아파트,2026-01-06,화,18,45
02,고색역.고색초교.태산아파트 - 고색역.고색초교.태산아파트,2026-01-06,화,19,42
02,고색역.고색초교.태산아파트 - 고색역.고색초교.태산아파트,2026-01-06,화,20,44
02,고색역.고색초교.태산아파트 - 고색역.고색초교.태산아파트,2026-01-06,화,21,37
02,고색역.고색초교.태산아파트 - 고색역.고색초교.태산아파트,2026-01-06,화,22,22
02,고색역.고색초교.태산아파트 - 고색역.고색초교.태산아파트,2026-01-06,화,23,5
02,고색역.고색초교.태산아파트 - 고색역.고색초교.태산아파트,2026-01-07,수,6,19
02,고색역.고색초교.태산아파트 - 고색역.고색초교.태산아파트,2026-01-07,수,7,77
02,고색역.고색초교.태산아파트 - 고색역.고색초교.태산아파트,2026-01-07,수,8,50
02,고색역.고색초교.태산아파트 - 고색역.고색초교.태산아파트,2026-01-07,수,9,34
02,고색역.고색초교.태산아파트 - 고색역.고색초교.태산아파트,2026-01-07,수,10,17
02,고색역.고색초교.태산아파트 - 고색역.고색초교.태산아파트,2026-01-07,수,11,8
02,고색역.고색초교.태산아파트 - 고색역.고색초교.태산아파트,2026-01-07,수,12,19
02,고색역.고색초교.태산아파트 - 고색역.고색초교.태산아파트,2026-01-07,수,13,28
02,고색역.고색초교.태산아파트 - 고색역.고색초교.태산아파트,2026-01-07,수,14,14
02,고색역.고색초교.태산아파트 - 고색역.고색초교.태산아파트,2026-01-07,수,15,18
02,고색역.고색초교.태산아파트 - 고색역.고색초교.태산아파트,2026-01-07,수,16,30
02,고색역.고색초교.태산아파트 - 고색역.고색초교.태산아파트,2026-01-07,수,17,38
02,고색역.고색초교.태산아파트 - 고색역.고색초교.태산아파트,2026-01-07,수,18,33
02,고색역.고색초교.태산아파트 - 고색역.고색초교.태산아파트,2026-01-07,수,19,49
02,고색역.고색초교.태산아파트 - 고색역.고색초교.태산아파트,2026-01-07,수,20,49
02,고색역.고색초교.태산아파트 - 고색역.고색초교.태산아파트,2026-01-07,수,21,34
02,고색역.고색초교.태산아파트 - 고색역.고색초교.태산아파트,2026-01-07,수,22,24
02,고색역.고색초교.태산아파트 - 고색역.고색초교.태산아파트,2026-01-07,수,23,6
02,고색역.고색초교.태산아파트 - 고색역.고색초교.태산아파트,2026-01-08,목,6,20
02,고색역.고색초교.태산아파트 - 고색역.고색초교.태산아파트,2026-01-08,목,7,76
02,고색역.고색초교.태산아파트 - 고색역.고색초교.태산아파트,2026-01-08,목,8,46
02,고색역.고색초교.태산아파트 - 고색역.고색초교.태산아파트,2026-01-08,목,9,33
02,고색역.고색초교.태산아파트 - 고색역.고색초교.태산아파트,2026-01-08,목,10,17
02,고색역.고색초교.태산아파트 - 고색역.고색초교.태산아파트,2026-01-08,목,11,18
02,고색역.고색초교.태산아파트 - 고색역.고색초교.태산아파트,2026-01-08,목,12,27
02,고색역.고색초교.태산아파트 - 고색역.고색초교.태산아파트,2026-01-08,목,13,14
02,고색역.고색초교.태산아파트 - 고색역.고색초교.태산아파트,2026-01-08,목,14,9
02,고색역.고색초교.태산아파트 - 고색역.고색초교.태산아파트,2026-01-08,목,15,18
02,고색역.고색초교.태산아파트 - 고색역.고색초교.태산아파트,2026-01-08,목,16,32
02,고색역.고색초교.태산아파트 - 고색역.고색초교.태산아파트,2026-01-08,목,17,42
02,고색역.고색초교.태산아파트 - 고색역.고색초교.태산아파트,2026-01-08,목,18,48
02,고색역.고색초교.태산아파트 - 고색역.고색초교.태산아파트,2026-01-08,목,19,51
02,고색역.고색초교.태산아파트 - 고색역.고색초교.태산아파트,2026-01-08,목,20,43
02,고색역.고색초교.태산아파트 - 고색역.고색초교.태산아파트,2026-01-08,목,21,41
02,고색역.고색초교.태산아파트 - 고색역.고색초교.태산아파트,2026-01-08,목,22,19
02,고색역.고색초교.태산아파트 - 고색역.고색초교.태산아파트,2026-01-08,목,23,4
02,고색역.고색초교.태산아파트 - 고색역.고색초교.태산아파트,2026-01-09,금,6,20
02,고색역.고색초교.태산아파트 - 고색역.고색초교.태산아파트,2026-01-09,금,7,79
02,고색역.고색초교.태산아파트 - 고색역.고색초교.태산아파트,2026-01-09,금,8,50
02,고색역.고색초교.태산아파트 - 고색역.고색초교.태산아파트,2026-01-09,금,9,28
02,고색역.고색초교.태산아파트 - 고색역.고색초교.태산아파트,2026-01-09,금,10,16
02,고색역.고색초교.태산아파트 - 고색역.고색초교.태산아파트,2026-01-09,금,11,11
02,고색역.고색초교.태산아파트 - 고색역.고색초교.태산아파트,2026-01-09,금,12,27
02,고색역.고색초교.태산아파트 - 고색역.고색초교.태산아파트,2026-01-09,금,13,21
02,고색역.고색초교.태산아파트 - 고색역.고색초교.태산아파트,2026-01-09,금,14,3
02,고색역.고색초교.태산아파트 - 고색역.고색초교.태산아파트,2026-01-09,금,15,20
02,고색역.고색초교.태산아파트 - 고색역.고색초교.태산아파트,2026-01-09,금,16,39
02,고색역.고색초교.태산아파트 - 고색역.고색초교.태산아파트,2026-01-09,금,17,48
02,고색역.고색초교.태산아파트 - 고색역.고색초교.태산아파트,2026-01-09,금,18,36
02,고색역.고색초교.태산아파트 - 고색역.고색초교.태산아파트,2026-01-09,금,19,42
02,고색역.고색초교.태산아파트 - 고색역.고색초교.태산아파트,2026-01-09,금,20,30
02,고색역.고색초교.태산아파트 - 고색역.고색초교.태산아파트,2026-01-09,금,21,26
02,고색역.고색초교.태산아파트 - 고색역.고색초교.태산아파트,2026-01-09,금,22,24
02,고색역.고색초교.태산아파트 - 고색역.고색초교.태산아파트,2026-01-09,금,23,1
02,고색역.고색초교.태산아파트 - 고색역.고색초교.태산아파트,2026-01-10,토,6,3
02,고색역.고색초교.태산아파트 - 고색역.고색초교.태산아파트,2026-01-10,토,7,18
02,고색역.고색초교.태산아파트 - 고색역.고색초교.태산아파트,2026-01-10,토,8,27
02,고색역.고색초교.태산아파트 - 고색역.고색초교.태산아파트,2026-01-10,토,9,17
02,고색역.고색초교.태산아파트 - 고색역.고색초교.태산아파트,2026-01-10,토,10,15
02,고색역.고색초교.태산아파트 - 고색역.고색초교.태산아파트,2026-01-10,토,11,12
02,고색역.고색초교.태산아파트 - 고색역.고색초교.태산아파트,2026-01-10,토,12,19
02,고색역.고색초교.태산아파트 - 고색역.고색초교.태산아파트,2026-01-10,토,13,33
02,고색역.고색초교.태산아파트 - 고색역.고색초교.태산아파트,2026-01-10,토,14,6
02,고색역.고색초교.태산아파트 - 고색역.고색초교.태산아파트,2026-01-10,토,15,23
02,고색역.고색초교.태산아파트 - 고색역.고색초교.태산아파트,2026-01-10,토,16,26
02,고색역.고색초교.태산아파트 - 고색역.고색초교.태산아파트,2026-01-10,토,17,36
02,고색역.고색초교.태산아파트 - 고색역.고색초교.태산아파트,2026-01-10,토,18,16
02,고색역.고색초교.태산아파트 - 고색역.고색초교.태산아파트,2026-01-10,토,19,24
02,고색역.고색초교.태산아파트 - 고색역.고색초교.태산아파트,2026-01-10,토,20,20
02,고색역.고색초교.태산아파트 - 고색역.고색초교.태산아파트,2026-01-10,토,21,15
02,고색역.고색초교.태산아파트 - 고색역.고색초교.태산아파트,2026-01-10,토,22,8
02,고색역.고색초교.태산아파트 - 고색역.고색초교.태산아파트,2026-01-10,토,23,7
02,고색역.고색초교.태산아파트 - 고색역.고색초교.태산아파트,2026-01-11,일,6,2
02,고색역.고색초교.태산아파트 - 고색역.고색초교.태산아파트,2026-01-11,일,7,16
02,고색역.고색초교.태산아파트 - 고색역.고색초교.태산아파트,2026-01-11,일,8,15
02,고색역.고색초교.태산아파트 - 고색역.고색초교.태산아파트,2026-01-11,일,9,6
02,고색역.고색초교.태산아파트 - 고색역.고색초교.태산아파트,2026-01-11,일,10,20
02,고색역.고색초교.태산아파트 - 고색역.고색초교.태산아파트,2026-01-11,일,11,9
02,고색역.고색초교.태산아파트 - 고색역.고색초교.태산아파트,2026-01-11,일,12,19
02,고색역.고색초교.태산아파트 - 고색역.고색초교.태산아파트,2026-01-11,일,13,19
02,고색역.고색초교.태산아파트 - 고색역.고색초교.태산아파트,2026-01-11,일,14,9
02,고색역.고색초교.태산아파트 - 고색역.고색초교.태산아파트,2026-01-11,일,15,14
02,고색역.고색초교.태산아파트 - 고색역.고색초교.태산아파트,2026-01-11,일,16,10
02,고색역.고색초교.태산아파트 - 고색역.고색초교.태산아파트,2026-01-11,일,17,11
02,고색역.고색초교.태산아파트 - 고색역.고색초교.태산아파트,2026-01-11,일,18,10
02,고색역.고색초교.태산아파트 - 고색역.고색초교.태산아파트,2026-01-11,일,19,13
02,고색역.고색초교.태산아파트 - 고색역.고색초교.태산아파트,2026-01-11,일,20,27
02,고색역.고색초교.태산아파트 - 고색역.고색초교.태산아파트,2026-01-11,일,21,12
02,고색역.고색초교.태산아파트 - 고색역.고색초교.태산아파트,2026-01-11,일,22,11
02,고색역.고색초교.태산아파트 - 고색역.고색초교.태산아파트,2026-01-11,일,23,2
02,고색역.고색초교.태산아파트 - 고색역.고색초교.태산아파트,2026-01-12,월,6,15
02,고색역.고색초교.태산아파트 - 고색역.고색초교.태산아파트,2026-01-12,월,7,81
02,고색역.고색초교.태산아파트 - 고색역.고색초교.태산아파트,2026-01-12,월,8,43
02,고색역.고색초교.태산아파트 - 고색역.고색초교.태산아파트,2026-01-12,월,9,37
02,고색역.고색초교.태산아파트 - 고색역.고색초교.태산아파트,2026-01-12,월,10,23
02,고색역.고색초교.태산아파트 - 고색역.고색초교.태산아파트,2026-01-12,월,11,9
02,고색역.고색초교.태산아파트 - 고색역.고색초교.태산아파트,2026-01-12,월,12,29
02,고색역.고색초교.태산아파트 - 고색역.고색초교.태산아파트,2026-01-12,월,13,27
02,고색역.고색초교.태산아파트 - 고색역.고색초교.태산아파트,2026-01-12,월,14,12
02,고색역.고색초교.태산아파트 - 고색역.고색초교.태산아파트,2026-01-12,월,15,16
02,고색역.고색초교.태산아파트 - 고색역.고색초교.태산아파트,2026-01-12,월,16,33
02,고색역.고색초교.태산아파트 - 고색역.고색초교.태산아파트,2026-01-12,월,17,59
02,고색역.고색초교.태산아파트 - 고색역.고색초교.태산아파트,2026-01-12,월,18,41
02,고색역.고색초교.태산아파트 - 고색역.고색초교.태산아파트,2026-01-12,월,19,51
02,고색역.고색초교.태산아파트 - 고색역.고색초교.태산아파트,2026-01-12,월,20,40
02,고색역.고색초교.태산아파트 - 고색역.고색초교.태산아파트,2026-01-12,월,21,34
02,고색역.고색초교.태산아파트 - 고색역.고색초교.태산아파트,2026-01-12,월,22,17
02,고색역.고색초교.태산아파트 - 고색역.고색초교.태산아파트,2026-01-12,월,23,7
02,고색역.고색초교.태산아파트 - 고색역.고색초교.태산아파트,2026-01-13,화,6,16
02,고색역.고색초교.태산아파트 - 고색역.고색초교.태산아파트,2026-01-13,화,7,87
02,고색역.고색초교.태산아파트 - 고색역.고색초교.태산아파트,2026-01-13,화,8,47
02,고색역.고색초교.태산아파트 - 고색역.고색초교.태산아파트,2026-01-13,화,9,54
02,고색역.고색초교.태산아파트 - 고색역.고색초교.태산아파트,2026-01-13,화,10,22
02,고색역.고색초교.태산아파트 - 고색역.고색초교.태산아파트,2026-01-13,화,11,17
02,고색역.고색초교.태산아파트 - 고색역.고색초교.태산아파트,2026-01-13,화,12,40
02,고색역.고색초교.태산아파트 - 고색역.고색초교.태산아파트,2026-01-13,화,13,19
02,고색역.고색초교.태산아파트 - 고색역.고색초교.태산아파트,2026-01-13,화,14,18
02,고색역.고색초교.태산아파트 - 고색역.고색초교.태산아파트,2026-01-13,화,15,18
02,고색역.고색초교.태산아파트 - 고색역.고색초교.태산아파트,2026-01-13,화,16,32
02,고색역.고색초교.태산아파트 - 고색역.고색초교.태산아파트,2026-01-13,화,17,52
02,고색역.고색초교.태산아파트 - 고색역.고색초교.태산아파트,2026-01-13,화,18,40
02,고색역.고색초교.태산아파트 - 고색역.고색초교.태산아파트,2026-01-13,화,19,41
02,고색역.고색초교.태산아파트 - 고색역.고색초교.태산아파트,2026-01-13,화,20,49
02,고색역.고색초교.태산아파트 - 고색역.고색초교.태산아파트,2026-01-13,화,21,29
02,고색역.고색초교.태산아파트 - 고색역.고색초교.태산아파트,2026-01-13,화,22,23
02,고색역.고색초교.태산아파트 - 고색역.고색초교.태산아파트,2026-01-13,화,23,3
02,고색역.고색초교.태산아파트 - 고색역.고색초교.태산아파트,2026-01-14,수,6,17
02,고색역.고색초교.태산아파트 - 고색역.고색초교.태산아파트,2026-01-14,수,7,89
02,고색역.고색초교.태산아파트 - 고색역.고색초교.태산아파트,2026-01-14,수,8,30
02,고색역.고색초교.태산아파트 - 고색역.고색초교.태산아파트,2026-01-14,수,9,43
02,고색역.고색초교.태산아파트 - 고색역.고색초교.태산아파트,2026-01-14,수,10,20
02,고색역.고색초교.태산아파트 - 고색역.고색초교.태산아파트,2026-01-14,수,11,14
02,고색역.고색초교.태산아파트 - 고색역.고색초교.태산아파트,2026-01-14,수,12,21
02,고색역.고색초교.태산아파트 - 고색역.고색초교.태산아파트,2026-01-14,수,13,32
02,고색역.고색초교.태산아파트 - 고색역.고색초교.태산아파트,2026-01-14,수,14,12
02,고색역.고색초교.태산아파트 - 고색역.고색초교.태산아파트,2026-01-14,수,15,10
02,고색역.고색초교.태산아파트 - 고색역.고색초교.태산아파트,2026-01-14,수,16,43
02,고색역.고색초교.태산아파트 - 고색역.고색초교.태산아파트,2026-01-14,수,17,43
02,고색역.고색초교.태산아파트 - 고색역.고색초교.태산아파트,2026-01-14,수,18,51
02,고색역.고색초교.태산아파트 - 고색역.고색초교.태산아파트,2026-01-14,수,19,51
02,고색역.고색초교.태산아파트 - 고색역.고색초교.태산아파트,2026-01-14,수,20,43
02,고색역.고색초교.태산아파트 - 고색역.고색초교.태산아파트,2026-01-14,수,21,26
02,고색역.고색초교.태산아파트 - 고색역.고색초교.태산아파트,2026-01-14,수,22,18
02,고색역.고색초교.태산아파트 - 고색역.고색초교.태산아파트,2026-01-14,수,23,5
02,고색역.고색초교.태산아파트 - 고색역.고색초교.태산아파트,2026-04-01,수,6,18
02,고색역.고색초교.태산아파트 - 고색역.고색초교.태산아파트,2026-04-01,수,7,80
02,고색역.고색초교.태산아파트 - 고색역.고색초교.태산아파트,2026-04-01,수,8,53
02,고색역.고색초교.태산아파트 - 고색역.고색초교.태산아파트,2026-04-01,수,9,70
02,고색역.고색초교.태산아파트 - 고색역.고색초교.태산아파트,2026-04-01,수,10,43
02,고색역.고색초교.태산아파트 - 고색역.고색초교.태산아파트,2026-04-01,수,11,11
02,고색역.고색초교.태산아파트 - 고색역.고색초교.태산아파트,2026-04-01,수,12,32
02,고색역.고색초교.태산아파트 - 고색역.고색초교.태산아파트,2026-04-01,수,13,58
02,고색역.고색초교.태산아파트 - 고색역.고색초교.태산아파트,2026-04-01,수,14,7
02,고색역.고색초교.태산아파트 - 고색역.고색초교.태산아파트,2026-04-01,수,15,36
02,고색역.고색초교.태산아파트 - 고색역.고색초교.태산아파트,2026-04-01,수,16,76
02,고색역.고색초교.태산아파트 - 고색역.고색초교.태산아파트,2026-04-01,수,17,56
02,고색역.고색초교.태산아파트 - 고색역.고색초교.태산아파트,2026-04-01,수,18,41
02,고색역.고색초교.태산아파트 - 고색역.고색초교.태산아파트,2026-04-01,수,19,41
02,고색역.고색초교.태산아파트 - 고색역.고색초교.태산아파트,2026-04-01,수,20,37
02,고색역.고색초교.태산아파트 - 고색역.고색초교.태산아파트,2026-04-01,수,21,45
02,고색역.고색초교.태산아파트 - 고색역.고색초교.태산아파트,2026-04-01,수,22,30
02,고색역.고색초교.태산아파트 - 고색역.고색초교.태산아파트,2026-04-01,수,23,3
02,고색역.고색초교.태산아파트 - 고색역.고색초교.태산아파트,2026-04-02,목,6,15
02,고색역.고색초교.태산아파트 - 고색역.고색초교.태산아파트,2026-04-02,목,7,90
02,고색역.고색초교.태산아파트 - 고색역.고색초교.태산아파트,2026-04-02,목,8,41
02,고색역.고색초교.태산아파트 - 고색역.고색초교.태산아파트,2026-04-02,목,9,71
02,고색역.고색초교.태산아파트 - 고색역.고색초교.태산아파트,2026-04-02,목,10,35
02,고색역.고색초교.태산아파트 - 고색역.고색초교.태산아파트,2026-04-02,목,11,21
02,고색역.고색초교.태산아파트 - 고색역.고색초교.태산아파트,2026-04-02,목,12,40
02,고색역.고색초교.태산아파트 - 고색역.고색초교.태산아파트,2026-04-02,목,13,40
02,고색역.고색초교.태산아파트 - 고색역.고색초교.태산아파트,2026-04-02,목,14,9
02,고색역.고색초교.태산아파트 - 고색역.고색초교.태산아파트,2026-04-02,목,15,13
02,고색역.고색초교.태산아파트 - 고색역.고색초교.태산아파트,2026-04-02,목,16,70
02,고색역.고색초교.태산아파트 - 고색역.고색초교.태산아파트,2026-04-02,목,17,47
02,고색역.고색초교.태산아파트 - 고색역.고색초교.태산아파트,2026-04-02,목,18,40
02,고색역.고색초교.태산아파트 - 고색역.고색초교.태산아파트,2026-04-02,목,19,46
02,고색역.고색초교.태산아파트 - 고색역.고색초교.태산아파트,2026-04-02,목,20,47
02,고색역.고색초교.태산아파트 - 고색역.고색초교.태산아파트,2026-04-02,목,21,38
02,고색역.고색초교.태산아파트 - 고색역.고색초교.태산아파트,2026-04-02,목,22,29
02,고색역.고색초교.태산아파트 - 고색역.고색초교.태산아파트,2026-04-02,목,23,8
02,고색역.고색초교.태산아파트 - 고색역.고색초교.태산아파트,2026-04-03,금,6,17
02,고색역.고색초교.태산아파트 - 고색역.고색초교.태산아파트,2026-04-03,금,7,77
02,고색역.고색초교.태산아파트 - 고색역.고색초교.태산아파트,2026-04-03,금,8,42
02,고색역.고색초교.태산아파트 - 고색역.고색초교.태산아파트,2026-04-03,금,9,41
02,고색역.고색초교.태산아파트 - 고색역.고색초교.태산아파트,2026-04-03,금,10,20
02,고색역.고색초교.태산아파트 - 고색역.고색초교.태산아파트,2026-04-03,금,11,16
02,고색역.고색초교.태산아파트 - 고색역.고색초교.태산아파트,2026-04-03,금,12,53
02,고색역.고색초교.태산아파트 - 고색역.고색초교.태산아파트,2026-04-03,금,13,25
02,고색역.고색초교.태산아파트 - 고색역.고색초교.태산아파트,2026-04-03,금,14,12
02,고색역.고색초교.태산아파트 - 고색역.고색초교.태산아파트,2026-04-03,금,15,17
02,고색역.고색초교.태산아파트 - 고색역.고색초교.태산아파트,2026-04-03,금,16,52
02,고색역.고색초교.태산아파트 - 고색역.고색초교.태산아파트,2026-04-03,금,17,49
02,고색역.고색초교.태산아파트 - 고색역.고색초교.태산아파트,2026-04-03,금,18,46
02,고색역.고색초교.태산아파트 - 고색역.고색초교.태산아파트,2026-04-03,금,19,38
02,고색역.고색초교.태산아파트 - 고색역.고색초교.태산아파트,2026-04-03,금,20,46
02,고색역.고색초교.태산아파트 - 고색역.고색초교.태산아파트,2026-04-03,금,21,35
02,고색역.고색초교.태산아파트 - 고색역.고색초교.태산아파트,2026-04-03,금,22,28
02,고색역.고색초교.태산아파트 - 고색역.고색초교.태산아파트,2026-04-03,금,23,10
02,고색역.고색초교.태산아파트 - 고색역.고색초교.태산아파트,2026-04-04,토,6,5
02,고색역.고색초교.태산아파트 - 고색역.고색초교.태산아파트,2026-04-04,토,7,25
02,고색역.고색초교.태산아파트 - 고색역.고색초교.태산아파트,2026-04-04,토,8,24
02,고색역.고색초교.태산아파트 - 고색역.고색초교.태산아파트,2026-04-04,토,9,25
02,고색역.고색초교.태산아파트 - 고색역.고색초교.태산아파트,2026-04-04,토,10,20
02,고색역.고색초교.태산아파트 - 고색역.고색초교.태산아파트,2026-04-04,토,11,12
02,고색역.고색초교.태산아파트 - 고색역.고색초교.태산아파트,2026-04-04,토,12,28
02,고색역.고색초교.태산아파트 - 고색역.고색초교.태산아파트,2026-04-04,토,13,18
02,고색역.고색초교.태산아파트 - 고색역.고색초교.태산아파트,2026-04-04,토,14,19
02,고색역.고색초교.태산아파트 - 고색역.고색초교.태산아파트,2026-04-04,토,15,19
02,고색역.고색초교.태산아파트 - 고색역.고색초교.태산아파트,2026-04-04,토,16,27
02,고색역.고색초교.태산아파트 - 고색역.고색초교.태산아파트,2026-04-04,토,17,16
02,고색역.고색초교.태산아파트 - 고색역.고색초교.태산아파트,2026-04-04,토,18,20
02,고색역.고색초교.태산아파트 - 고색역.고색초교.태산아파트,2026-04-04,토,19,28
02,고색역.고색초교.태산아파트 - 고색역.고색초교.태산아파트,2026-04-04,토,20,21
02,고색역.고색초교.태산아파트 - 고색역.고색초교.태산아파트,2026-04-04,토,21,23
02,고색역.고색초교.태산아파트 - 고색역.고색초교.태산아파트,2026-04-04,토,22,29
02,고색역.고색초교.태산아파트 - 고색역.고색초교.태산아파트,2026-04-04,토,23,11
02,고색역.고색초교.태산아파트 - 고색역.고색초교.태산아파트,2026-04-05,일,6,4
02,고색역.고색초교.태산아파트 - 고색역.고색초교.태산아파트,2026-04-05,일,7,10
02,고색역.고색초교.태산아파트 - 고색역.고색초교.태산아파트,2026-04-05,일,8,18
02,고색역.고색초교.태산아파트 - 고색역.고색초교.태산아파트,2026-04-05,일,9,13
02,고색역.고색초교.태산아파트 - 고색역.고색초교.태산아파트,2026-04-05,일,10,20
02,고색역.고색초교.태산아파트 - 고색역.고색초교.태산아파트,2026-04-05,일,11,17
02,고색역.고색초교.태산아파트 - 고색역.고색초교.태산아파트,2026-04-05,일,12,30
02,고색역.고색초교.태산아파트 - 고색역.고색초교.태산아파트,2026-04-05,일,13,19
02,고색역.고색초교.태산아파트 - 고색역.고색초교.태산아파트,2026-04-05,일,14,14
02,고색역.고색초교.태산아파트 - 고색역.고색초교.태산아파트,2026-04-05,일,15,16
02,고색역.고색초교.태산아파트 - 고색역.고색초교.태산아파트,2026-04-05,일,16,31
02,고색역.고색초교.태산아파트 - 고색역.고색초교.태산아파트,2026-04-05,일,17,11
02,고색역.고색초교.태산아파트 - 고색역.고색초교.태산아파트,2026-04-05,일,18,18
02,고색역.고색초교.태산아파트 - 고색역.고색초교.태산아파트,2026-04-05,일,19,12
02,고색역.고색초교.태산아파트 - 고색역.고색초교.태산아파트,2026-04-05,일,20,25
02,고색역.고색초교.태산아파트 - 고색역.고색초교.태산아파트,2026-04-05,일,21,22
02,고색역.고색초교.태산아파트 - 고색역.고색초교.태산아파트,2026-04-05,일,22,12
02,고색역.고색초교.태산아파트 - 고색역.고색초교.태산아파트,2026-04-05,일,23,5
02,고색역.고색초교.태산아파트 - 고색역.고색초교.태산아파트,2026-04-06,월,6,19
02,고색역.고색초교.태산아파트 - 고색역.고색초교.태산아파트,2026-04-06,월,7,67
02,고색역.고색초교.태산아파트 - 고색역.고색초교.태산아파트,2026-04-06,월,8,59
02,고색역.고색초교.태산아파트 - 고색역.고색초교.태산아파트,2026-04-06,월,9,73
02,고색역.고색초교.태산아파트 - 고색역.고색초교.태산아파트,2026-04-06,월,10,36
02,고색역.고색초교.태산아파트 - 고색역.고색초교.태산아파트,2026-04-06,월,11,14
02,고색역.고색초교.태산아파트 - 고색역.고색초교.태산아파트,2026-04-06,월,12,40
02,고색역.고색초교.태산아파트 - 고색역.고색초교.태산아파트,2026-04-06,월,13,37
02,고색역.고색초교.태산아파트 - 고색역.고색초교.태산아파트,2026-04-06,월,14,8
02,고색역.고색초교.태산아파트 - 고색역.고색초교.태산아파트,2026-04-06,월,15,15
02,고색역.고색초교.태산아파트 - 고색역.고색초교.태산아파트,2026-04-06,월,16,69
02,고색역.고색초교.태산아파트 - 고색역.고색초교.태산아파트,2026-04-06,월,17,33
02,고색역.고색초교.태산아파트 - 고색역.고색초교.태산아파트,2026-04-06,월,18,36
02,고색역.고색초교.태산아파트 - 고색역.고색초교.태산아파트,2026-04-06,월,19,57
02,고색역.고색초교.태산아파트 - 고색역.고색초교.태산아파트,2026-04-06,월,20,44
02,고색역.고색초교.태산아파트 - 고색역.고색초교.태산아파트,2026-04-06,월,21,47
02,고색역.고색초교.태산아파트 - 고색역.고색초교.태산아파트,2026-04-06,월,22,28
02,고색역.고색초교.태산아파트 - 고색역.고색초교.태산아파트,2026-04-06,월,23,9
02,고색역.고색초교.태산아파트 - 고색역.고색초교.태산아파트,2026-04-07,화,6,16
02,고색역.고색초교.태산아파트 - 고색역.고색초교.태산아파트,2026-04-07,화,7,81
02,고색역.고색초교.태산아파트 - 고색역.고색초교.태산아파트,2026-04-07,화,8,49
02,고색역.고색초교.태산아파트 - 고색역.고색초교.태산아파트,2026-04-07,화,9,86
02,고색역.고색초교.태산아파트 - 고색역.고색초교.태산아파트,2026-04-07,화,10,50
02,고색역.고색초교.태산아파트 - 고색역.고색초교.태산아파트,2026-04-07,화,11,9
02,고색역.고색초교.태산아파트 - 고색역.고색초교.태산아파트,2026-04-07,화,12,27
02,고색역.고색초교.태산아파트 - 고색역.고색초교.태산아파트,2026-04-07,화,13,72
02,고색역.고색초교.태산아파트 - 고색역.고색초교.태산아파트,2026-04-07,화,14,11
02,고색역.고색초교.태산아파트 - 고색역.고색초교.태산아파트,2026-04-07,화,15,15
02,고색역.고색초교.태산아파트 - 고색역.고색초교.태산아파트,2026-04-07,화,16,63
02,고색역.고색초교.태산아파트 - 고색역.고색초교.태산아파트,2026-04-07,화,17,46
02,고색역.고색초교.태산아파트 - 고색역.고색초교.태산아파트,2026-04-07,화,18,45
02,고색역.고색초교.태산아파트 - 고색역.고색초교.태산아파트,2026-04-07,화,19,38
02,고색역.고색초교.태산아파트 - 고색역.고색초교.태산아파트,2026-04-07,화,20,36
02,고색역.고색초교.태산아파트 - 고색역.고색초교.태산아파트,2026-04-07,화,21,44
02,고색역.고색초교.태산아파트 - 고색역.고색초교.태산아파트,2026-04-07,화,22,22
02,고색역.고색초교.태산아파트 - 고색역.고색초교.태산아파트,2026-04-07,화,23,7
02,고색역.고색초교.태산아파트 - 고색역.고색초교.태산아파트,2026-04-08,수,6,19
02,고색역.고색초교.태산아파트 - 고색역.고색초교.태산아파트,2026-04-08,수,7,95
02,고색역.고색초교.태산아파트 - 고색역.고색초교.태산아파트,2026-04-08,수,8,56
02,고색역.고색초교.태산아파트 - 고색역.고색초교.태산아파트,2026-04-08,수,9,69
02,고색역.고색초교.태산아파트 - 고색역.고색초교.태산아파트,2026-04-08,수,10,46
02,고색역.고색초교.태산아파트 - 고색역.고색초교.태산아파트,2026-04-08,수,11,7
02,고색역.고색초교.태산아파트 - 고색역.고색초교.태산아파트,2026-04-08,수,12,33
02,고색역.고색초교.태산아파트 - 고색역.고색초교.태산아파트,2026-04-08,수,13,60
02,고색역.고색초교.태산아파트 - 고색역.고색초교.태산아파트,2026-04-08,수,14,12
02,고색역.고색초교.태산아파트 - 고색역.고색초교.태산아파트,2026-04-08,수,15,18
02,고색역.고색초교.태산아파트 - 고색역.고색초교.태산아파트,2026-04-08,수,16,77
02,고색역.고색초교.태산아파트 - 고색역.고색초교.태산아파트,2026-04-08,수,17,60
02,고색역.고색초교.태산아파트 - 고색역.고색초교.태산아파트,2026-04-08,수,18,44
02,고색역.고색초교.태산아파트 - 고색역.고색초교.태산아파트,2026-04-08,수,19,53
02,고색역.고색초교.태산아파트 - 고색역.고색초교.태산아파트,2026-04-08,수,20,33
02,고색역.고색초교.태산아파트 - 고색역.고색초교.태산아파트,2026-04-08,수,21,37
02,고색역.고색초교.태산아파트 - 고색역.고색초교.태산아파트,2026-04-08,수,22,28
02,고색역.고색초교.태산아파트 - 고색역.고색초교.태산아파트,2026-04-08,수,23,9
02,고색역.고색초교.태산아파트 - 고색역.고색초교.태산아파트,2026-04-09,목,6,17
02,고색역.고색초교.태산아파트 - 고색역.고색초교.태산아파트,2026-04-09,목,7,76
02,고색역.고색초교.태산아파트 - 고색역.고색초교.태산아파트,2026-04-09,목,8,57
02,고색역.고색초교.태산아파트 - 고색역.고색초교.태산아파트,2026-04-09,목,9,90
02,고색역.고색초교.태산아파트 - 고색역.고색초교.태산아파트,2026-04-09,목,10,34
02,고색역.고색초교.태산아파트 - 고색역.고색초교.태산아파트,2026-04-09,목,11,19
02,고색역.고색초교.태산아파트 - 고색역.고색초교.태산아파트,2026-04-09,목,12,43
02,고색역.고색초교.태산아파트 - 고색역.고색초교.태산아파트,2026-04-09,목,13,57
02,고색역.고색초교.태산아파트 - 고색역.고색초교.태산아파트,2026-04-09,목,14,14
02,고색역.고색초교.태산아파트 - 고색역.고색초교.태산아파트,2026-04-09,목,15,29
02,고색역.고색초교.태산아파트 - 고색역.고색초교.태산아파트,2026-04-09,목,16,80
02,고색역.고색초교.태산아파트 - 고색역.고색초교.태산아파트,2026-04-09,목,17,51
02,고색역.고색초교.태산아파트 - 고색역.고색초교.태산아파트,2026-04-09,목,18,66
02,고색역.고색초교.태산아파트 - 고색역.고색초교.태산아파트,2026-04-09,목,19,37
02,고색역.고색초교.태산아파트 - 고색역.고색초교.태산아파트,2026-04-09,목,20,51
02,고색역.고색초교.태산아파트 - 고색역.고색초교.태산아파트,2026-04-09,목,21,25
02,고색역.고색초교.태산아파트 - 고색역.고색초교.태산아파트,2026-04-09,목,22,27
02,고색역.고색초교.태산아파트 - 고색역.고색초교.태산아파트,2026-04-09,목,23,8
02,고색역.고색초교.태산아파트 - 고색역.고색초교.태산아파트,2026-04-10,금,6,26
02,고색역.고색초교.태산아파트 - 고색역.고색초교.태산아파트,2026-04-10,금,7,77
02,고색역.고색초교.태산아파트 - 고색역.고색초교.태산아파트,2026-04-10,금,8,43
02,고색역.고색초교.태산아파트 - 고색역.고색초교.태산아파트,2026-04-10,금,9,40
02,고색역.고색초교.태산아파트 - 고색역.고색초교.태산아파트,2026-04-10,금,10,20
02,고색역.고색초교.태산아파트 - 고색역.고색초교.태산아파트,2026-04-10,금,11,13
02,고색역.고색초교.태산아파트 - 고색역.고색초교.태산아파트,2026-04-10,금,12,34
02,고색역.고색초교.태산아파트 - 고색역.고색초교.태산아파트,2026-04-10,금,13,50
02,고색역.고색초교.태산아파트 - 고색역.고색초교.태산아파트,2026-04-10,금,14,14
02,고색역.고색초교.태산아파트 - 고색역.고색초교.태산아파트,2026-04-10,금,15,13
02,고색역.고색초교.태산아파트 - 고색역.고색초교.태산아파트,2026-04-10,금,16,42
02,고색역.고색초교.태산아파트 - 고색역.고색초교.태산아파트,2026-04-10,금,17,53
02,고색역.고색초교.태산아파트 - 고색역.고색초교.태산아파트,2026-04-10,금,18,47
02,고색역.고색초교.태산아파트 - 고색역.고색초교.태산아파트,2026-04-10,금,19,38
02,고색역.고색초교.태산아파트 - 고색역.고색초교.태산아파트,2026-04-10,금,20,33
02,고색역.고색초교.태산아파트 - 고색역.고색초교.태산아파트,2026-04-10,금,21,34
02,고색역.고색초교.태산아파트 - 고색역.고색초교.태산아파트,2026-04-10,금,22,19
02,고색역.고색초교.태산아파트 - 고색역.고색초교.태산아파트,2026-04-10,금,23,5
02,고색역.고색초교.태산아파트 - 고색역.고색초교.태산아파트,2026-04-11,토,6,4
02,고색역.고색초교.태산아파트 - 고색역.고색초교.태산아파트,2026-04-11,토,7,18
02,고색역.고색초교.태산아파트 - 고색역.고색초교.태산아파트,2026-04-11,토,8,23
02,고색역.고색초교.태산아파트 - 고색역.고색초교.태산아파트,2026-04-11,토,9,24
02,고색역.고색초교.태산아파트 - 고색역.고색초교.태산아파트,2026-04-11,토,10,20
02,고색역.고색초교.태산아파트 - 고색역.고색초교.태산아파트,2026-04-11,토,11,24
02,고색역.고색초교.태산아파트 - 고색역.고색초교.태산아파트,2026-04-11,토,12,26
02,고색역.고색초교.태산아파트 - 고색역.고색초교.태산아파트,2026-04-11,토,13,19
02,고색역.고색초교.태산아파트 - 고색역.고색초교.태산아파트,2026-04-11,토,14,6
02,고색역.고색초교.태산아파트 - 고색역.고색초교.태산아파트,2026-04-11,토,15,20
02,고색역.고색초교.태산아파트 - 고색역.고색초교.태산아파트,2026-04-11,토,16,21
02,고색역.고색초교.태산아파트 - 고색역.고색초교.태산아파트,2026-04-11,토,17,26
02,고색역.고색초교.태산아파트 - 고색역.고색초교.태산아파트,2026-04-11,토,18,23
02,고색역.고색초교.태산아파트 - 고색역.고색초교.태산아파트,2026-04-11,토,19,22
02,고색역.고색초교.태산아파트 - 고색역.고색초교.태산아파트,2026-04-11,토,20,35
02,고색역.고색초교.태산아파트 - 고색역.고색초교.태산아파트,2026-04-11,토,21,18
02,고색역.고색초교.태산아파트 - 고색역.고색초교.태산아파트,2026-04-11,토,22,31
02,고색역.고색초교.태산아파트 - 고색역.고색초교.태산아파트,2026-04-11,토,23,2
02,고색역.고색초교.태산아파트 - 고색역.고색초교.태산아파트,2026-04-12,일,6,1
02,고색역.고색초교.태산아파트 - 고색역.고색초교.태산아파트,2026-04-12,일,7,10
02,고색역.고색초교.태산아파트 - 고색역.고색초교.태산아파트,2026-04-12,일,8,13
02,고색역.고색초교.태산아파트 - 고색역.고색초교.태산아파트,2026-04-12,일,9,16
02,고색역.고색초교.태산아파트 - 고색역.고색초교.태산아파트,2026-04-12,일,10,17
02,고색역.고색초교.태산아파트 - 고색역.고색초교.태산아파트,2026-04-12,일,11,17
02,고색역.고색초교.태산아파트 - 고색역.고색초교.태산아파트,2026-04-12,일,12,28
02,고색역.고색초교.태산아파트 - 고색역.고색초교.태산아파트,2026-04-12,일,13,13
02,고색역.고색초교.태산아파트 - 고색역.고색초교.태산아파트,2026-04-12,일,14,9
02,고색역.고색초교.태산아파트 - 고색역.고색초교.태산아파트,2026-04-12,일,15,9
02,고색역.고색초교.태산아파트 - 고색역.고색초교.태산아파트,2026-04-12,일,16,23
02,고색역.고색초교.태산아파트 - 고색역.고색초교.태산아파트,2026-04-12,일,17,24
02,고색역.고색초교.태산아파트 - 고색역.고색초교.태산아파트,2026-04-12,일,18,21
02,고색역.고색초교.태산아파트 - 고색역.고색초교.태산아파트,2026-04-12,일,19,20
02,고색역.고색초교.태산아파트 - 고색역.고색초교.태산아파트,2026-04-12,일,20,11
02,고색역.고색초교.태산아파트 - 고색역.고색초교.태산아파트,2026-04-12,일,21,15
02,고색역.고색초교.태산아파트 - 고색역.고색초교.태산아파트,2026-04-12,일,22,19
02,고색역.고색초교.태산아파트 - 고색역.고색초교.태산아파트,2026-04-12,일,23,6
02,고색역.고색초교.태산아파트 - 고색역.고색초교.태산아파트,2026-04-13,월,6,13
02,고색역.고색초교.태산아파트 - 고색역.고색초교.태산아파트,2026-04-13,월,7,75
02,고색역.고색초교.태산아파트 - 고색역.고색초교.태산아파트,2026-04-13,월,8,41
02,고색역.고색초교.태산아파트 - 고색역.고색초교.태산아파트,2026-04-13,월,9,84
02,고색역.고색초교.태산아파트 - 고색역.고색초교.태산아파트,2026-04-13,월,10,31
02,고색역.고색초교.태산아파트 - 고색역.고색초교.태산아파트,2026-04-13,월,11,29
02,고색역.고색초교.태산아파트 - 고색역.고색초교.태산아파트,2026-04-13,월,12,46
02,고색역.고색초교.태산아파트 - 고색역.고색초교.태산아파트,2026-04-13,월,13,43
02,고색역.고색초교.태산아파트 - 고색역.고색초교.태산아파트,2026-04-13,월,14,15
02,고색역.고색초교.태산아파트 - 고색역.고색초교.태산아파트,2026-04-13,월,15,36
02,고색역.고색초교.태산아파트 - 고색역.고색초교.태산아파트,2026-04-13,월,16,73
02,고색역.고색초교.태산아파트 - 고색역.고색초교.태산아파트,2026-04-13,월,17,40
02,고색역.고색초교.태산아파트 - 고색역.고색초교.태산아파트,2026-04-13,월,18,54
02,고색역.고색초교.태산아파트 - 고색역.고색초교.태산아파트,2026-04-13,월,19,50
02,고색역.고색초교.태산아파트 - 고색역.고색초교.태산아파트,2026-04-13,월,20,46
02,고색역.고색초교.태산아파트 - 고색역.고색초교.태산아파트,2026-04-13,월,21,24
02,고색역.고색초교.태산아파트 - 고색역.고색초교.태산아파트,2026-04-13,월,22,25
02,고색역.고색초교.태산아파트 - 고색역.고색초교.태산아파트,2026-04-13,월,23,5
02,고색역.고색초교.태산아파트 - 고색역.고색초교.태산아파트,2026-04-14,화,6,16
02,고색역.고색초교.태산아파트 - 고색역.고색초교.태산아파트,2026-04-14,화,7,73
02,고색역.고색초교.태산아파트 - 고색역.고색초교.태산아파트,2026-04-14,화,8,41
02,고색역.고색초교.태산아파트 - 고색역.고색초교.태산아파트,2026-04-14,화,9,64
02,고색역.고색초교.태산아파트 - 고색역.고색초교.태산아파트,2026-04-14,화,10,55
02,고색역.고색초교.태산아파트 - 고색역.고색초교.태산아파트,2026-04-14,화,11,16
02,고색역.고색초교.태산아파트 - 고색역.고색초교.태산아파트,2026-04-14,화,12,39
02,고색역.고색초교.태산아파트 - 고색역.고색초교.태산아파트,2026-04-14,화,13,42
02,고색역.고색초교.태산아파트 - 고색역.고색초교.태산아파트,2026-04-14,화,14,18
02,고색역.고색초교.태산아파트 - 고색역.고색초교.태산아파트,2026-04-14,화,15,34
02,고색역.고색초교.태산아파트 - 고색역.고색초교.태산아파트,2026-04-14,화,16,106
02,고색역.고색초교.태산아파트 - 고색역.고색초교.태산아파트,2026-04-14,화,17,47
02,고색역.고색초교.태산아파트 - 고색역.고색초교.태산아파트,2026-04-14,화,18,57
02,고색역.고색초교.태산아파트 - 고색역.고색초교.태산아파트,2026-04-14,화,19,46
02,고색역.고색초교.태산아파트 - 고색역.고색초교.태산아파트,2026-04-14,화,20,46
02,고색역.고색초교.태산아파트 - 고색역.고색초교.태산아파트,2026-04-14,화,21,39
02,고색역.고색초교.태산아파트 - 고색역.고색초교.태산아파트,2026-04-14,화,22,23
02,고색역.고색초교.태산아파트 - 고색역.고색초교.태산아파트,2026-04-14,화,23,10
02,고색역.고색초교.태산아파트 - 고색역.고색초교.태산아파트,2026-08-01,토,6,4
02,고색역.고색초교.태산아파트 - 고색역.고색초교.태산아파트,2026-08-01,토,7,15
02,고색역.고색초교.태산아파트 - 고색역.고색초교.태산아파트,2026-08-01,토,8,15
02,고색역.고색초교.태산아파트 - 고색역.고색초교.태산아파트,2026-08-01,토,9,24
02,고색역.고색초교.태산아파트 - 고색역.고색초교.태산아파트,2026-08-01,토,10,18
02,고색역.고색초교.태산아파트 - 고색역.고색초교.태산아파트,2026-08-01,토,11,16
02,고색역.고색초교.태산아파트 - 고색역.고색초교.태산아파트,2026-08-01,토,12,37
02,고색역.고색초교.태산아파트 - 고색역.고색초교.태산아파트,2026-08-01,토,13,22
02,고색역.고색초교.태산아파트 - 고색역.고색초교.태산아파트,2026-08-01,토,14,11
02,고색역.고색초교.태산아파트 - 고색역.고색초교.태산아파트,2026-08-01,토,15,17
02,고색역.고색초교.태산아파트 - 고색역.고색초교.태산아파트,2026-08-01,토,16,24
02,고색역.고색초교.태산아파트 - 고색역.고색초교.태산아파트,2026-08-01,토,17,22
02,고색역.고색초교.태산아파트 - 고색역.고색초교.태산아파트,2026-08-01,토,18,20
02,고색역.고색초교.태산아파트 - 고색역.고색초교.태산아파트,2026-08-01,토,19,33
02,고색역.고색초교.태산아파트 - 고색역.고색초교.태산아파트,2026-08-01,토,20,19
02,고색역.고색초교.태산아파트 - 고색역.고색초교.태산아파트,2026-08-01,토,21,22
02,고색역.고색초교.태산아파트 - 고색역.고색초교.태산아파트,2026-08-01,토,22,28
02,고색역.고색초교.태산아파트 - 고색역.고색초교.태산아파트,2026-08-01,토,23,6
02,고색역.고색초교.태산아파트 - 고색역.고색초교.태산아파트,2026-08-02,일,6,0
02,고색역.고색초교.태산아파트 - 고색역.고색초교.태산아파트,2026-08-02,일,7,11
02,고색역.고색초교.태산아파트 - 고색역.고색초교.태산아파트,2026-08-02,일,8,11
02,고색역.고색초교.태산아파트 - 고색역.고색초교.태산아파트,2026-08-02,일,9,16
02,고색역.고색초교.태산아파트 - 고색역.고색초교.태산아파트,2026-08-02,일,10,17
02,고색역.고색초교.태산아파트 - 고색역.고색초교.태산아파트,2026-08-02,일,11,16
02,고색역.고색초교.태산아파트 - 고색역.고색초교.태산아파트,2026-08-02,일,12,15
02,고색역.고색초교.태산아파트 - 고색역.고색초교.태산아파트,2026-08-02,일,13,29
02,고색역.고색초교.태산아파트 - 고색역.고색초교.태산아파트,2026-08-02,일,14,11
02,고색역.고색초교.태산아파트 - 고색역.고색초교.태산아파트,2026-08-02,일,15,20
02,고색역.고색초교.태산아파트 - 고색역.고색초교.태산아파트,2026-08-02,일,16,17
02,고색역.고색초교.태산아파트 - 고색역.고색초교.태산아파트,2026-08-02,일,17,21
02,고색역.고색초교.태산아파트 - 고색역.고색초교.태산아파트,2026-08-02,일,18,21
02,고색역.고색초교.태산아파트 - 고색역.고색초교.태산아파트,2026-08-02,일,19,17
02,고색역.고색초교.태산아파트 - 고색역.고색초교.태산아파트,2026-08-02,일,20,19
02,고색역.고색초교.태산아파트 - 고색역.고색초교.태산아파트,2026-08-02,일,21,19
02,고색역.고색초교.태산아파트 - 고색역.고색초교.태산아파트,2026-08-02,일,22,22
02,고색역.고색초교.태산아파트 - 고색역.고색초교.태산아파트,2026-08-02,일,23,6
02,고색역.고색초교.태산아파트 - 고색역.고색초교.태산아파트,2026-08-03,월,6,18
02,고색역.고색초교.태산아파트 - 고색역.고색초교.태산아파트,2026-08-03,월,7,70
02,고색역.고색초교.태산아파트 - 고색역.고색초교.태산아파트,2026-08-03,월,8,38
02,고색역.고색초교.태산아파트 - 고색역.고색초교.태산아파트,2026-08-03,월,9,31
02,고색역.고색초교.태산아파트 - 고색역.고색초교.태산아파트,2026-08-03,월,10,22
02,고색역.고색초교.태산아파트 - 고색역.고색초교.태산아파트,2026-08-03,월,11,16
02,고색역.고색초교.태산아파트 - 고색역.고색초교.태산아파트,2026-08-03,월,12,20
02,고색역.고색초교.태산아파트 - 고색역.고색초교.태산아파트,2026-08-03,월,13,32
02,고색역.고색초교.태산아파트 - 고색역.고색초교.태산아파트,2026-08-03,월,14,10
02,고색역.고색초교.태산아파트 - 고색역.고색초교.태산아파트,2026-08-03,월,15,27
02,고색역.고색초교.태산아파트 - 고색역.고색초교.태산아파트,2026-08-03,월,16,38
02,고색역.고색초교.태산아파트 - 고색역.고색초교.태산아파트,2026-08-03,월,17,41
02,고색역.고색초교.태산아파트 - 고색역.고색초교.태산아파트,2026-08-03,월,18,54
02,고색역.고색초교.태산아파트 - 고색역.고색초교.태산아파트,2026-08-03,월,19,44
02,고색역.고색초교.태산아파트 - 고색역.고색초교.태산아파트,2026-08-03,월,20,41
02,고색역.고색초교.태산아파트 - 고색역.고색초교.태산아파트,2026-08-03,월,21,33
02,고색역.고색초교.태산아파트 - 고색역.고색초교.태산아파트,2026-08-03,월,22,19
02,고색역.고색초교.태산아파트 - 고색역.고색초교.태산아파트,2026-08-03,월,23,3
02,고색역.고색초교.태산아파트 - 고색역.고색초교.태산아파트,2026-08-04,화,6,11
02,고색역.고색초교.태산아파트 - 고색역.고색초교.태산아파트,2026-08-04,화,7,73
02,고색역.고색초교.태산아파트 - 고색역.고색초교.태산아파트,2026-08-04,화,8,56
02,고색역.고색초교.태산아파트 - 고색역.고색초교.태산아파트,2026-08-04,화,9,34
02,고색역.고색초교.태산아파트 - 고색역.고색초교.태산아파트,2026-08-04,화,10,28
02,고색역.고색초교.태산아파트 - 고색역.고색초교.태산아파트,2026-08-04,화,11,12
02,고색역.고색초교.태산아파트 - 고색역.고색초교.태산아파트,2026-08-04,화,12,24
02,고색역.고색초교.태산아파트 - 고색역.고색초교.태산아파트,2026-08-04,화,13,30
02,고색역.고색초교.태산아파트 - 고색역.고색초교.태산아파트,2026-08-04,화,14,17
02,고색역.고색초교.태산아파트 - 고색역.고색초교.태산아파트,2026-08-04,화,15,23
02,고색역.고색초교.태산아파트 - 고색역.고색초교.태산아파트,2026-08-04,화,16,38
02,고색역.고색초교.태산아파트 - 고색역.고색초교.태산아파트,2026-08-04,화,17,42
02,고색역.고색초교.태산아파트 - 고색역.고색초교.태산아파트,2026-08-04,화,18,53
02,고색역.고색초교.태산아파트 - 고색역.고색초교.태산아파트,2026-08-04,화,19,52
02,고색역.고색초교.태산아파트 - 고색역.고색초교.태산아파트,2026-08-04,화,20,36
02,고색역.고색초교.태산아파트 - 고색역.고색초교.태산아파트,2026-08-04,화,21,31
02,고색역.고색초교.태산아파트 - 고색역.고색초교.태산아파트,2026-08-04,화,22,23
02,고색역.고색초교.태산아파트 - 고색역.고색초교.태산아파트,2026-08-04,화,23,7
02,고색역.고색초교.태산아파트 - 고색역.고색초교.태산아파트,2026-08-05,수,6,13
02,고색역.고색초교.태산아파트 - 고색역.고색초교.태산아파트,2026-08-05,수,7,82
02,고색역.고색초교.태산아파트 - 고색역.고색초교.태산아파트,2026-08-05,수,8,38
02,고색역.고색초교.태산아파트 - 고색역.고색초교.태산아파트,2026-08-05,수,9,43
02,고색역.고색초교.태산아파트 - 고색역.고색초교.태산아파트,2026-08-05,수,10,33
02,고색역.고색초교.태산아파트 - 고색역.고색초교.태산아파트,2026-08-05,수,11,11
02,고색역.고색초교.태산아파트 - 고색역.고색초교.태산아파트,2026-08-05,수,12,21
02,고색역.고색초교.태산아파트 - 고색역.고색초교.태산아파트,2026-08-05,수,13,30
02,고색역.고색초교.태산아파트 - 고색역.고색초교.태산아파트,2026-08-05,수,14,12
02,고색역.고색초교.태산아파트 - 고색역.고색초교.태산아파트,2026-08-05,수,15,22
02,고색역.고색초교.태산아파트 - 고색역.고색초교.태산아파트,2026-08-05,수,16,35
02,고색역.고색초교.태산아파트 - 고색역.고색초교.태산아파트,2026-08-05,수,17,37
02,고색역.고색초교.태산아파트 - 고색역.고색초교.태산아파트,2026-08-05,수,18,55
02,고색역.고색초교.태산아파트 - 고색역.고색초교.태산아파트,2026-08-05,수,19,38
02,고색역.고색초교.태산아파트 - 고색역.고색초교.태산아파트,2026-08-05,수,20,43
02,고색역.고색초교.태산아파트 - 고색역.고색초교.태산아파트,2026-08-05,수,21,25
02,고색역.고색초교.태산아파트 - 고색역.고색초교.태산아파트,2026-08-05,수,22,25
02,고색역.고색초교.태산아파트 - 고색역.고색초교.태산아파트,2026-08-05,수,23,5
02,고색역.고색초교.태산아파트 - 고색역.고색초교.태산아파트,2026-08-06,목,6,19
02,고색역.고색초교.태산아파트 - 고색역.고색초교.태산아파트,2026-08-06,목,7,91
02,고색역.고색초교.태산아파트 - 고색역.고색초교.태산아파트,2026-08-06,목,8,54
02,고색역.고색초교.태산아파트 - 고색역.고색초교.태산아파트,2026-08-06,목,9,40
02,고색역.고색초교.태산아파트 - 고색역.고색초교.태산아파트,2026-08-06,목,10,18
02,고색역.고색초교.태산아파트 - 고색역.고색초교.태산아파트,2026-08-06,목,11,16
02,고색역.고색초교.태산아파트 - 고색역.고색초교.태산아파트,2026-08-06,목,12,27
02,고색역.고색초교.태산아파트 - 고색역.고색초교.태산아파트,2026-08-06,목,13,15
02,고색역.고색초교.태산아파트 - 고색역.고색초교.태산아파트,2026-08-06,목,14,15
02,고색역.고색초교.태산아파트 - 고색역.고색초교.태산아파트,2026-08-06,목,15,19
02,고색역.고색초교.태산아파트 - 고색역.고색초교.태산아파트,2026-08-06,목,16,44
02,고색역.고색초교.태산아파트 - 고색역.고색초교.태산아파트,2026-08-06,목,17,43
02,고색역.고색초교.태산아파트 - 고색역.고색초교.태산아파트,2026-08-06,목,18,51
02,고색역.고색초교.태산아파트 - 고색역.고색초교.태산아파트,2026-08-06,목,19,46
02,고색역.고색초교.태산아파트 - 고색역.고색초교.태산아파트,2026-08-06,목,20,41
02,고색역.고색초교.태산아파트 - 고색역.고색초교.태산아파트,2026-08-06,목,21,33
02,고색역.고색초교.태산아파트 - 고색역.고색초교.태산아파트,2026-08-06,목,22,24
02,고색역.고색초교.태산아파트 - 고색역.고색초교.태산아파트,2026-08-06,목,23,2
02,고색역.고색초교.태산아파트 - 고색역.고색초교.태산아파트,2026-08-07,금,6,15
02,고색역.고색초교.태산아파트 - 고색역.고색초교.태산아파트,2026-08-07,금,7,92
02,고색역.고색초교.태산아파트 - 고색역.고색초교.태산아파트,2026-08-07,금,8,48
02,고색역.고색초교.태산아파트 - 고색역.고색초교.태산아파트,2026-08-07,금,9,31
02,고색역.고색초교.태산아파트 - 고색역.고색초교.태산아파트,2026-08-07,금,10,15
02,고색역.고색초교.태산아파트 - 고색역.고색초교.태산아파트,2026-08-07,금,11,12
02,고색역.고색초교.태산아파트 - 고색역.고색초교.태산아파트,2026-08-07,금,12,27
02,고색역.고색초교.태산아파트 - 고색역.고색초교.태산아파트,2026-08-07,금,13,22
02,고색역.고색초교.태산아파트 - 고색역.고색초교.태산아파트,2026-08-07,금,14,14
02,고색역.고색초교.태산아파트 - 고색역.고색초교.태산아파트,2026-08-07,금,15,31
02,고색역.고색초교.태산아파트 - 고색역.고색초교.태산아파트,2026-08-07,금,16,43
02,고색역.고색초교.태산아파트 - 고색역.고색초교.태산아파트,2026-08-07,금,17,34
02,고색역.고색초교.태산아파트 - 고색역.고색초교.태산아파트,2026-08-07,금,18,23
02,고색역.고색초교.태산아파트 - 고색역.고색초교.태산아파트,2026-08-07,금,19,50
02,고색역.고색초교.태산아파트 - 고색역.고색초교.태산아파트,2026-08-07,금,20,35
02,고색역.고색초교.태산아파트 - 고색역.고색초교.태산아파트,2026-08-07,금,21,19
02,고색역.고색초교.태산아파트 - 고색역.고색초교.태산아파트,2026-08-07,금,22,25
02,고색역.고색초교.태산아파트 - 고색역.고색초교.태산아파트,2026-08-07,금,23,8
02,고색역.고색초교.태산아파트 - 고색역.고색초교.태산아파트,2026-08-08,토,6,4
02,고색역.고색초교.태산아파트 - 고색역.고색초교.태산아파트,2026-08-08,토,7,17
02,고색역.고색초교.태산아파트 - 고색역.고색초교.태산아파트,2026-08-08,토,8,24
02,고색역.고색초교.태산아파트 - 고색역.고색초교.태산아파트,2026-08-08,토,9,31
02,고색역.고색초교.태산아파트 - 고색역.고색초교.태산아파트,2026-08-08,토,10,20
02,고색역.고색초교.태산아파트 - 고색역.고색초교.태산아파트,2026-08-08,토,11,11
02,고색역.고색초교.태산아파트 - 고색역.고색초교.태산아파트,2026-08-08,토,12,36
02,고색역.고색초교.태산아파트 - 고색역.고색초교.태산아파트,2026-08-08,토,13,22
02,고색역.고색초교.태산아파트 - 고색역.고색초교.태산아파트,2026-08-08,토,14,17
02,고색역.고색초교.태산아파트 - 고색역.고색초교.태산아파트,2026-08-08,토,15,16
02,고색역.고색초교.태산아파트 - 고색역.고색초교.태산아파트,2026-08-08,토,16,18
02,고색역.고색초교.태산아파트 - 고색역.고색초교.태산아파트,2026-08-08,토,17,27
02,고색역.고색초교.태산아파트 - 고색역.고색초교.태산아파트,2026-08-08,토,18,22
02,고색역.고색초교.태산아파트 - 고색역.고색초교.태산아파트,2026-08-08,토,19,28
02,고색역.고색초교.태산아파트 - 고색역.고색초교.태산아파트,2026-08-08,토,20,19
02,고색역.고색초교.태산아파트 - 고색역.고색초교.태산아파트,2026-08-08,토,21,27
02,고색역.고색초교.태산아파트 - 고색역.고색초교.태산아파트,2026-08-08,토,22,13
02,고색역.고색초교.태산아파트 - 고색역.고색초교.태산아파트,2026-08-08,토,23,7
02,고색역.고색초교.태산아파트 - 고색역.고색초교.태산아파트,2026-08-09,일,6,0
02,고색역.고색초교.태산아파트 - 고색역.고색초교.태산아파트,2026-08-09,일,7,11
02,고색역.고색초교.태산아파트 - 고색역.고색초교.태산아파트,2026-08-09,일,8,16
02,고색역.고색초교.태산아파트 - 고색역.고색초교.태산아파트,2026-08-09,일,9,20
02,고색역.고색초교.태산아파트 - 고색역.고색초교.태산아파트,2026-08-09,일,10,9
02,고색역.고색초교.태산아파트 - 고색역.고색초교.태산아파트,2026-08-09,일,11,8
02,고색역.고색초교.태산아파트 - 고색역.고색초교.태산아파트,2026-08-09,일,12,19
02,고색역.고색초교.태산아파트 - 고색역.고색초교.태산아파트,2026-08-09,일,13,22
02,고색역.고색초교.태산아파트 - 고색역.고색초교.태산아파트,2026-08-09,일,14,8
02,고색역.고색초교.태산아파트 - 고색역.고색초교.태산아파트,2026-08-09,일,15,17
02,고색역.고색초교.태산아파트 - 고색역.고색초교.태산아파트,2026-08-09,일,16,45
02,고색역.고색초교.태산아파트 - 고색역.고색초교.태산아파트,2026-08-09,일,17,23
02,고색역.고색초교.태산아파트 - 고색역.고색초교.태산아파트,2026-08-09,일,18,26
02,고색역.고색초교.태산아파트 - 고색역.고색초교.태산아파트,2026-08-09,일,19,16
02,고색역.고색초교.태산아파트 - 고색역.고색초교.태산아파트,2026-08-09,일,20,24
02,고색역.고색초교.태산아파트 - 고색역.고색초교.태산아파트,2026-08-09,일,21,16
02,고색역.고색초교.태산아파트 - 고색역.고색초교.태산아파트,2026-08-09,일,22,17
02,고색역.고색초교.태산아파트 - 고색역.고색초교.태산아파트,2026-08-09,일,23,5
02,고색역.고색초교.태산아파트 - 고색역.고색초교.태산아파트,2026-08-10,월,6,19
02,고색역.고색초교.태산아파트 - 고색역.고색초교.태산아파트,2026-08-10,월,7,79
02,고색역.고색초교.태산아파트 - 고색역.고색초교.태산아파트,2026-08-10,월,8,53
02,고색역.고색초교.태산아파트 - 고색역.고색초교.태산아파트,2026-08-10,월,9,36
02,고색역.고색초교.태산아파트 - 고색역.고색초교.태산아파트,2026-08-10,월,10,24
02,고색역.고색초교.태산아파트 - 고색역.고색초교.태산아파트,2026-08-10,월,11,20
02,고색역.고색초교.태산아파트 - 고색역.고색초교.태산아파트,2026-08-10,월,12,25
02,고색역.고색초교.태산아파트 - 고색역.고색초교.태산아파트,2026-08-10,월,13,18
02,고색역.고색초교.태산아파트 - 고색역.고색초교.태산아파트,2026-08-10,월,14,16
02,고색역.고색초교.태산아파트 - 고색역.고색초교.태산아파트,2026-08-10,월,15,22
02,고색역.고색초교.태산아파트 - 고색역.고색초교.태산아파트,2026-08-10,월,16,47
02,고색역.고색초교.태산아파트 - 고색역.고색초교.태산아파트,2026-08-10,월,17,55
02,고색역.고색초교.태산아파트 - 고색역.고색초교.태산아파트,2026-08-10,월,18,40
02,고색역.고색초교.태산아파트 - 고색역.고색초교.태산아파트,2026-08-10,월,19,60
02,고색역.고색초교.태산아파트 - 고색역.고색초교.태산아파트,2026-08-10,월,20,42
02,고색역.고색초교.태산아파트 - 고색역.고색초교.태산아파트,2026-08-10,월,21,33
02,고색역.고색초교.태산아파트 - 고색역.고색초교.태산아파트,2026-08-10,월,22,16
02,고색역.고색초교.태산아파트 - 고색역.고색초교.태산아파트,2026-08-10,월,23,8
02,고색역.고색초교.태산아파트 - 고색역.고색초교.태산아파트,2026-08-11,화,6,20
02,고색역.고색초교.태산아파트 - 고색역.고색초교.태산아파트,2026-08-11,화,7,91
02,고색역.고색초교.태산아파트 - 고색역.고색초교.태산아파트,2026-08-11,화,8,55
02,고색역.고색초교.태산아파트 - 고색역.고색초교.태산아파트,2026-08-11,화,9,51
02,고색역.고색초교.태산아파트 - 고색역.고색초교.태산아파트,2026-08-11,화,10,32
02,고색역.고색초교.태산아파트 - 고색역.고색초교.태산아파트,2026-08-11,화,11,14
02,고색역.고색초교.태산아파트 - 고색역.고색초교.태산아파트,2026-08-11,화,12,27
02,고색역.고색초교.태산아파트 - 고색역.고색초교.태산아파트,2026-08-11,화,13,26
02,고색역.고색초교.태산아파트 - 고색역.고색초교.태산아파트,2026-08-11,화,14,14
02,고색역.고색초교.태산아파트 - 고색역.고색초교.태산아파트,2026-08-11,화,15,17
02,고색역.고색초교.태산아파트 - 고색역.고색초교.태산아파트,2026-08-11,화,16,51
02,고색역.고색초교.태산아파트 - 고색역.고색초교.태산아파트,2026-08-11,화,17,43
02,고색역.고색초교.태산아파트 - 고색역.고색초교.태산아파트,2026-08-11,화,18,51
02,고색역.고색초교.태산아파트 - 고색역.고색초교.태산아파트,2026-08-11,화,19,52
02,고색역.고색초교.태산아파트 - 고색역.고색초교.태산아파트,2026-08-11,화,20,38
02,고색역.고색초교.태산아파트 - 고색역.고색초교.태산아파트,2026-08-11,화,21,30
02,고색역.고색초교.태산아파트 - 고색역.고색초교.태산아파트,2026-08-11,화,22,21
02,고색역.고색초교.태산아파트 - 고색역.고색초교.태산아파트,2026-08-11,화,23,5
02,고색역.고색초교.태산아파트 - 고색역.고색초교.태산아파트,2026-08-12,수,6,20
02,고색역.고색초교.태산아파트 - 고색역.고색초교.태산아파트,2026-08-12,수,7,83
02,고색역.고색초교.태산아파트 - 고색역.고색초교.태산아파트,2026-08-12,수,8,47
02,고색역.고색초교.태산아파트 - 고색역.고색초교.태산아파트,2026-08-12,수,9,41
02,고색역.고색초교.태산아파트 - 고색역.고색초교.태산아파트,2026-08-12,수,10,23
02,고색역.고색초교.태산아파트 - 고색역.고색초교.태산아파트,2026-08-12,수,11,13
02,고색역.고색초교.태산아파트 - 고색역.고색초교.태산아파트,2026-08-12,수,12,27
02,고색역.고색초교.태산아파트 - 고색역.고색초교.태산아파트,2026-08-12,수,13,33
02,고색역.고색초교.태산아파트 - 고색역.고색초교.태산아파트,2026-08-12,수,14,11
02,고색역.고색초교.태산아파트 - 고색역.고색초교.태산아파트,2026-08-12,수,15,25
02,고색역.고색초교.태산아파트 - 고색역.고색초교.태산아파트,2026-08-12,수,16,39
02,고색역.고색초교.태산아파트 - 고색역.고색초교.태산아파트,2026-08-12,수,17,50
02,고색역.고색초교.태산아파트 - 고색역.고색초교.태산아파트,2026-08-12,수,18,48
02,고색역.고색초교.태산아파트 - 고색역.고색초교.태산아파트,2026-08-12,수,19,49
02,고색역.고색초교.태산아파트 - 고색역.고색초교.태산아파트,2026-08-12,수,20,41
02,고색역.고색초교.태산아파트 - 고색역.고색초교.태산아파트,2026-08-12,수,21,34
02,고색역.고색초교.태산아파트 - 고색역.고색초교.태산아파트,2026-08-12,수,22,23
02,고색역.고색초교.태산아파트 - 고색역.고색초교.태산아파트,2026-08-12,수,23,7
02,고색역.고색초교.태산아파트 - 고색역.고색초교.태산아파트,2026-08-13,목,6,22
02,고색역.고색초교.태산아파트 - 고색역.고색초교.태산아파트,2026-08-13,목,7,92
02,고색역.고색초교.태산아파트 - 고색역.고색초교.태산아파트,2026-08-13,목,8,51
02,고색역.고색초교.태산아파트 - 고색역.고색초교.태산아파트,2026-08-13,목,9,35
02,고색역.고색초교.태산아파트 - 고색역.고색초교.태산아파트,2026-08-13,목,10,31
02,고색역.고색초교.태산아파트 - 고색역.고색초교.태산아파트,2026-08-13,목,11,16
02,고색역.고색초교.태산아파트 - 고색역.고색초교.태산아파트,2026-08-13,목,12,23
02,고색역.고색초교.태산아파트 - 고색역.고색초교.태산아파트,2026-08-13,목,13,31
02,고색역.고색초교.태산아파트 - 고색역.고색초교.태산아파트,2026-08-13,목,14,11
02,고색역.고색초교.태산아파트 - 고색역.고색초교.태산아파트,2026-08-13,목,15,21
02,고색역.고색초교.태산아파트 - 고색역.고색초교.태산아파트,2026-08-13,목,16,52
02,고색역.고색초교.태산아파트 - 고색역.고색초교.태산아파트,2026-08-13,목,17,47
02,고색역.고색초교.태산아파트 - 고색역.고색초교.태산아파트,2026-08-13,목,18,48
02,고색역.고색초교.태산아파트 - 고색역.고색초교.태산아파트,2026-08-13,목,19,53
02,고색역.고색초교.태산아파트 - 고색역.고색초교.태산아파트,2026-08-13,목,20,40
02,고색역.고색초교.태산아파트 - 고색역.고색초교.태산아파트,2026-08-13,목,21,35
02,고색역.고색초교.태산아파트 - 고색역.고색초교.태산아파트,2026-08-13,목,22,24
02,고색역.고색초교.태산아파트 - 고색역.고색초교.태산아파트,2026-08-13,목,23,7
02,고색역.고색초교.태산아파트 - 고색역.고색초교.태산아파트,2026-08-14,금,6,27
02,고색역.고색초교.태산아파트 - 고색역.고색초교.태산아파트,2026-08-14,금,7,85
02,고색역.고색초교.태산아파트 - 고색역.고색초교.태산아파트,2026-08-14,금,8,51
02,고색역.고색초교.태산아파트 - 고색역.고색초교.태산아파트,2026-08-14,금,9,38
02,고색역.고색초교.태산아파트 - 고색역.고색초교.태산아파트,2026-08-14,금,10,25
02,고색역.고색초교.태산아파트 - 고색역.고색초교.태산아파트,2026-08-14,금,11,19
02,고색역.고색초교.태산아파트 - 고색역.고색초교.태산아파트,2026-08-14,금,12,32
02,고색역.고색초교.태산아파트 - 고색역.고색초교.태산아파트,2026-08-14,금,13,39
02,고색역.고색초교.태산아파트 - 고색역.고색초교.태산아파트,2026-08-14,금,14,11
02,고색역.고색초교.태산아파트 - 고색역.고색초교.태산아파트,2026-08-14,금,15,20
02,고색역.고색초교.태산아파트 - 고색역.고색초교.태산아파트,2026-08-14,금,16,46
02,고색역.고색초교.태산아파트 - 고색역.고색초교.태산아파트,2026-08-14,금,17,41
02,고색역.고색초교.태산아파트 - 고색역.고색초교.태산아파트,2026-08-14,금,18,36
02,고색역.고색초교.태산아파트 - 고색역.고색초교.태산아파트,2026-08-14,금,19,38
02,고색역.고색초교.태산아파트 - 고색역.고색초교.태산아파트,2026-08-14,금,20,25
02,고색역.고색초교.태산아파트 - 고색역.고색초교.태산아파트,2026-08-14,금,21,25
02,고색역.고색초교.태산아파트 - 고색역.고색초교.태산아파트,2026-08-14,금,22,25
02,고색역.고색초교.태산아파트 - 고색역.고색초교.태산아파트,2026-08-14,금,23,5
02,고색역.고색초교.태산아파트 - 고색역.고색초교.태산아파트,2026-09-01,화,6,16
02,고색역.고색초교.태산아파트 - 고색역.고색초교.태산아파트,2026-09-01,화,7,92
02,고색역.고색초교.태산아파트 - 고색역.고색초교.태산아파트,2026-09-01,화,8,36
02,고색역.고색초교.태산아파트 - 고색역.고색초교.태산아파트,2026-09-01,화,9,79
02,고색역.고색초교.태산아파트 - 고색역.고색초교.태산아파트,2026-09-01,화,10,50
02,고색역.고색초교.태산아파트 - 고색역.고색초교.태산아파트,2026-09-01,화,11,20
02,고색역.고색초교.태산아파트 - 고색역.고색초교.태산아파트,2026-09-01,화,12,53
02,고색역.고색초교.태산아파트 - 고색역.고색초교.태산아파트,2026-09-01,화,13,76
02,고색역.고색초교.태산아파트 - 고색역.고색초교.태산아파트,2026-09-01,화,14,18
02,고색역.고색초교.태산아파트 - 고색역.고색초교.태산아파트,2026-09-01,화,15,42
02,고색역.고색초교.태산아파트 - 고색역.고색초교.태산아파트,2026-09-01,화,16,77
02,고색역.고색초교.태산아파트 - 고색역.고색초교.태산아파트,2026-09-01,화,17,45
02,고색역.고색초교.태산아파트 - 고색역.고색초교.태산아파트,2026-09-01,화,18,42
02,고색역.고색초교.태산아파트 - 고색역.고색초교.태산아파트,2026-09-01,화,19,55
02,고색역.고색초교.태산아파트 - 고색역.고색초교.태산아파트,2026-09-01,화,20,46
02,고색역.고색초교.태산아파트 - 고색역.고색초교.태산아파트,2026-09-01,화,21,21
02,고색역.고색초교.태산아파트 - 고색역.고색초교.태산아파트,2026-09-01,화,22,26
02,고색역.고색초교.태산아파트 - 고색역.고색초교.태산아파트,2026-09-01,화,23,6
02,고색역.고색초교.태산아파트 - 고색역.고색초교.태산아파트,2026-09-02,수,6,23
02,고색역.고색초교.태산아파트 - 고색역.고색초교.태산아파트,2026-09-02,수,7,72
02,고색역.고색초교.태산아파트 - 고색역.고색초교.태산아파트,2026-09-02,수,8,55
02,고색역.고색초교.태산아파트 - 고색역.고색초교.태산아파트,2026-09-02,수,9,74
02,고색역.고색초교.태산아파트 - 고색역.고색초교.태산아파트,2026-09-02,수,10,59
02,고색역.고색초교.태산아파트 - 고색역.고색초교.태산아파트,2026-09-02,수,11,21
02,고색역.고색초교.태산아파트 - 고색역.고색초교.태산아파트,2026-09-02,수,12,42
02,고색역.고색초교.태산아파트 - 고색역.고색초교.태산아파트,2026-09-02,수,13,55
02,고색역.고색초교.태산아파트 - 고색역.고색초교.태산아파트,2026-09-02,수,14,12
02,고색역.고색초교.태산아파트 - 고색역.고색초교.태산아파트,2026-09-02,수,15,39
02,고색역.고색초교.태산아파트 - 고색역.고색초교.태산아파트,2026-09-02,수,16,72
02,고색역.고색초교.태산아파트 - 고색역.고색초교.태산아파트,2026-09-02,수,17,58
02,고색역.고색초교.태산아파트 - 고색역.고색초교.태산아파트,2026-09-02,수,18,43
02,고색역.고색초교.태산아파트 - 고색역.고색초교.태산아파트,2026-09-02,수,19,56
02,고색역.고색초교.태산아파트 - 고색역.고색초교.태산아파트,2026-09-02,수,20,36
02,고색역.고색초교.태산아파트 - 고색역.고색초교.태산아파트,2026-09-02,수,21,32
02,고색역.고색초교.태산아파트 - 고색역.고색초교.태산아파트,2026-09-02,수,22,25
02,고색역.고색초교.태산아파트 - 고색역.고색초교.태산아파트,2026-09-02,수,23,7
02,고색역.고색초교.태산아파트 - 고색역.고색초교.태산아파트,2026-09-03,목,6,19
02,고색역.고색초교.태산아파트 - 고색역.고색초교.태산아파트,2026-09-03,목,7,77
02,고색역.고색초교.태산아파트 - 고색역.고색초교.태산아파트,2026-09-03,목,8,55
02,고색역.고색초교.태산아파트 - 고색역.고색초교.태산아파트,2026-09-03,목,9,88
02,고색역.고색초교.태산아파트 - 고색역.고색초교.태산아파트,2026-09-03,목,10,47
02,고색역.고색초교.태산아파트 - 고색역.고색초교.태산아파트,2026-09-03,목,11,9
02,고색역.고색초교.태산아파트 - 고색역.고색초교.태산아파트,2026-09-03,목,12,60
02,고색역.고색초교.태산아파트 - 고색역.고색초교.태산아파트,2026-09-03,목,13,46
02,고색역.고색초교.태산아파트 - 고색역.고색초교.태산아파트,2026-09-03,목,14,11
02,고색역.고색초교.태산아파트 - 고색역.고색초교.태산아파트,2026-09-03,목,15,20
02,고색역.고색초교.태산아파트 - 고색역.고색초교.태산아파트,2026-09-03,목,16,91
02,고색역.고색초교.태산아파트 - 고색역.고색초교.태산아파트,2026-09-03,목,17,59
02,고색역.고색초교.태산아파트 - 고색역.고색초교.태산아파트,2026-09-03,목,18,45
02,고색역.고색초교.태산아파트 - 고색역.고색초교.태산아파트,2026-09-03,목,19,49
02,고색역.고색초교.태산아파트 - 고색역.고색초교.태산아파트,2026-09-03,목,20,37
02,고색역.고색초교.태산아파트 - 고색역.고색초교.태산아파트,2026-09-03,목,21,36
02,고색역.고색초교.태산아파트 - 고색역.고색초교.태산아파트,2026-09-03,목,22,24
02,고색역.고색초교.태산아파트 - 고색역.고색초교.태산아파트,2026-09-03,목,23,10
02,고색역.고색초교.태산아파트 - 고색역.고색초교.태산아파트,2026-09-04,금,6,24
02,고색역.고색초교.태산아파트 - 고색역.고색초교.태산아파트,2026-09-04,금,7,77
02,고색역.고색초교.태산아파트 - 고색역.고색초교.태산아파트,2026-09-04,금,8,55
02,고색역.고색초교.태산아파트 - 고색역.고색초교.태산아파트,2026-09-04,금,9,60
02,고색역.고색초교.태산아파트 - 고색역.고색초교.태산아파트,2026-09-04,금,10,21
02,고색역.고색초교.태산아파트 - 고색역.고색초교.태산아파트,2026-09-04,금,11,11
02,고색역.고색초교.태산아파트 - 고색역.고색초교.태산아파트,2026-09-04,금,12,37
02,고색역.고색초교.태산아파트 - 고색역.고색초교.태산아파트,2026-09-04,금,13,35
02,고색역.고색초교.태산아파트 - 고색역.고색초교.태산아파트,2026-09-04,금,14,16
02,고색역.고색초교.태산아파트 - 고색역.고색초교.태산아파트,2026-09-04,금,15,17
02,고색역.고색초교.태산아파트 - 고색역.고색초교.태산아파트,2026-09-04,금,16,54
02,고색역.고색초교.태산아파트 - 고색역.고색초교.태산아파트,2026-09-04,금,17,43
02,고색역.고색초교.태산아파트 - 고색역.고색초교.태산아파트,2026-09-04,금,18,44
02,고색역.고색초교.태산아파트 - 고색역.고색초교.태산아파트,2026-09-04,금,19,49
02,고색역.고색초교.태산아파트 - 고색역.고색초교.태산아파트,2026-09-04,금,20,34
02,고색역.고색초교.태산아파트 - 고색역.고색초교.태산아파트,2026-09-04,금,21,25
02,고색역.고색초교.태산아파트 - 고색역.고색초교.태산아파트,2026-09-04,금,22,16
02,고색역.고색초교.태산아파트 - 고색역.고색초교.태산아파트,2026-09-04,금,23,6
02,고색역.고색초교.태산아파트 - 고색역.고색초교.태산아파트,2026-09-05,토,6,5
02,고색역.고색초교.태산아파트 - 고색역.고색초교.태산아파트,2026-09-05,토,7,25
02,고색역.고색초교.태산아파트 - 고색역.고색초교.태산아파트,2026-09-05,토,8,26
02,고색역.고색초교.태산아파트 - 고색역.고색초교.태산아파트,2026-09-05,토,9,26
02,고색역.고색초교.태산아파트 - 고색역.고색초교.태산아파트,2026-09-05,토,10,20
02,고색역.고색초교.태산아파트 - 고색역.고색초교.태산아파트,2026-09-05,토,11,18
02,고색역.고색초교.태산아파트 - 고색역.고색초교.태산아파트,2026-09-05,토,12,35
02,고색역.고색초교.태산아파트 - 고색역.고색초교.태산아파트,2026-09-05,토,13,26
02,고색역.고색초교.태산아파트 - 고색역.고색초교.태산아파트,2026-09-05,토,14,20
02,고색역.고색초교.태산아파트 - 고색역.고색초교.태산아파트,2026-09-05,토,15,24
02,고색역.고색초교.태산아파트 - 고색역.고색초교.태산아파트,2026-09-05,토,16,25
02,고색역.고색초교.태산아파트 - 고색역.고색초교.태산아파트,2026-09-05,토,17,29
02,고색역.고색초교.태산아파트 - 고색역.고색초교.태산아파트,2026-09-05,토,18,22
02,고색역.고색초교.태산아파트 - 고색역.고색초교.태산아파트,2026-09-05,토,19,37
02,고색역.고색초교.태산아파트 - 고색역.고색초교.태산아파트,2026-09-05,토,20,20
02,고색역.고색초교.태산아파트 - 고색역.고색초교.태산아파트,2026-09-05,토,21,18
02,고색역.고색초교.태산아파트 - 고색역.고색초교.태산아파트,2026-09-05,토,22,20
02,고색역.고색초교.태산아파트 - 고색역.고색초교.태산아파트,2026-09-05,토,23,10
02,고색역.고색초교.태산아파트 - 고색역.고색초교.태산아파트,2026-09-06,일,6,3
02,고색역.고색초교.태산아파트 - 고색역.고색초교.태산아파트,2026-09-06,일,7,13
02,고색역.고색초교.태산아파트 - 고색역.고색초교.태산아파트,2026-09-06,일,8,11
02,고색역.고색초교.태산아파트 - 고색역.고색초교.태산아파트,2026-09-06,일,9,24
02,고색역.고색초교.태산아파트 - 고색역.고색초교.태산아파트,2026-09-06,일,10,14
02,고색역.고색초교.태산아파트 - 고색역.고색초교.태산아파트,2026-09-06,일,11,14
02,고색역.고색초교.태산아파트 - 고색역.고색초교.태산아파트,2026-09-06,일,12,31
02,고색역.고색초교.태산아파트 - 고색역.고색초교.태산아파트,2026-09-06,일,13,22
02,고색역.고색초교.태산아파트 - 고색역.고색초교.태산아파트,2026-09-06,일,14,12
02,고색역.고색초교.태산아파트 - 고색역.고색초교.태산아파트,2026-09-06,일,15,32
02,고색역.고색초교.태산아파트 - 고색역.고색초교.태산아파트,2026-09-06,일,16,23
02,고색역.고색초교.태산아파트 - 고색역.고색초교.태산아파트,2026-09-06,일,17,14
02,고색역.고색초교.태산아파트 - 고색역.고색초교.태산아파트,2026-09-06,일,18,25
02,고색역.고색초교.태산아파트 - 고색역.고색초교.태산아파트,2026-09-06,일,19,19
02,고색역.고색초교.태산아파트 - 고색역.고색초교.태산아파트,2026-09-06,일,20,28
02,고색역.고색초교.태산아파트 - 고색역.고색초교.태산아파트,2026-09-06,일,21,20
02,고색역.고색초교.태산아파트 - 고색역.고색초교.태산아파트,2026-09-06,일,22,24
02,고색역.고색초교.태산아파트 - 고색역.고색초교.태산아파트,2026-09-06,일,23,3
02,고색역.고색초교.태산아파트 - 고색역.고색초교.태산아파트,2026-09-07,월,6,18
02,고색역.고색초교.태산아파트 - 고색역.고색초교.태산아파트,2026-09-07,월,7,78
02,고색역.고색초교.태산아파트 - 고색역.고색초교.태산아파트,2026-09-07,월,8,63
02,고색역.고색초교.태산아파트 - 고색역.고색초교.태산아파트,2026-09-07,월,9,86
02,고색역.고색초교.태산아파트 - 고색역.고색초교.태산아파트,2026-09-07,월,10,55
02,고색역.고색초교.태산아파트 - 고색역.고색초교.태산아파트,2026-09-07,월,11,10
02,고색역.고색초교.태산아파트 - 고색역.고색초교.태산아파트,2026-09-07,월,12,42
02,고색역.고색초교.태산아파트 - 고색역.고색초교.태산아파트,2026-09-07,월,13,65
02,고색역.고색초교.태산아파트 - 고색역.고색초교.태산아파트,2026-09-07,월,14,19
02,고색역.고색초교.태산아파트 - 고색역.고색초교.태산아파트,2026-09-07,월,15,37
02,고색역.고색초교.태산아파트 - 고색역.고색초교.태산아파트,2026-09-07,월,16,83
02,고색역.고색초교.태산아파트 - 고색역.고색초교.태산아파트,2026-09-07,월,17,52
02,고색역.고색초교.태산아파트 - 고색역.고색초교.태산아파트,2026-09-07,월,18,51
02,고색역.고색초교.태산아파트 - 고색역.고색초교.태산아파트,2026-09-07,월,19,44
02,고색역.고색초교.태산아파트 - 고색역.고색초교.태산아파트,2026-09-07,월,20,40
02,고색역.고색초교.태산아파트 - 고색역.고색초교.태산아파트,2026-09-07,월,21,39
02,고색역.고색초교.태산아파트 - 고색역.고색초교.태산아파트,2026-09-07,월,22,16
02,고색역.고색초교.태산아파트 - 고색역.고색초교.태산아파트,2026-09-07,월,23,7
02,고색역.고색초교.태산아파트 - 고색역.고색초교.태산아파트,2026-09-08,화,6,21
02,고색역.고색초교.태산아파트 - 고색역.고색초교.태산아파트,2026-09-08,화,7,74
02,고색역.고색초교.태산아파트 - 고색역.고색초교.태산아파트,2026-09-08,화,8,47
02,고색역.고색초교.태산아파트 - 고색역.고색초교.태산아파트,2026-09-08,화,9,74
02,고색역.고색초교.태산아파트 - 고색역.고색초교.태산아파트,2026-09-08,화,10,52
02,고색역.고색초교.태산아파트 - 고색역.고색초교.태산아파트,2026-09-08,화,11,21
02,고색역.고색초교.태산아파트 - 고색역.고색초교.태산아파트,2026-09-08,화,12,52
02,고색역.고색초교.태산아파트 - 고색역.고색초교.태산아파트,2026-09-08,화,13,77
02,고색역.고색초교.태산아파트 - 고색역.고색초교.태산아파트,2026-09-08,화,14,18
02,고색역.고색초교.태산아파트 - 고색역.고색초교.태산아파트,2026-09-08,화,15,23
02,고색역.고색초교.태산아파트 - 고색역.고색초교.태산아파트,2026-09-08,화,16,70
02,고색역.고색초교.태산아파트 - 고색역.고색초교.태산아파트,2026-09-08,화,17,58
02,고색역.고색초교.태산아파트 - 고색역.고색초교.태산아파트,2026-09-08,화,18,48
02,고색역.고색초교.태산아파트 - 고색역.고색초교.태산아파트,2026-09-08,화,19,45
02,고색역.고색초교.태산아파트 - 고색역.고색초교.태산아파트,2026-09-08,화,20,47
02,고색역.고색초교.태산아파트 - 고색역.고색초교.태산아파트,2026-09-08,화,21,35
02,고색역.고색초교.태산아파트 - 고색역.고색초교.태산아파트,2026-09-08,화,22,25
02,고색역.고색초교.태산아파트 - 고색역.고색초교.태산아파트,2026-09-08,화,23,5
02,고색역.고색초교.태산아파트 - 고색역.고색초교.태산아파트,2026-09-09,수,6,22
02,고색역.고색초교.태산아파트 - 고색역.고색초교.태산아파트,2026-09-09,수,7,67
02,고색역.고색초교.태산아파트 - 고색역.고색초교.태산아파트,2026-09-09,수,8,44
02,고색역.고색초교.태산아파트 - 고색역.고색초교.태산아파트,2026-09-09,수,9,76
02,고색역.고색초교.태산아파트 - 고색역.고색초교.태산아파트,2026-09-09,수,10,54
02,고색역.고색초교.태산아파트 - 고색역.고색초교.태산아파트,2026-09-09,수,11,14
02,고색역.고색초교.태산아파트 - 고색역.고색초교.태산아파트,2026-09-09,수,12,42
02,고색역.고색초교.태산아파트 - 고색역.고색초교.태산아파트,2026-09-09,수,13,51
02,고색역.고색초교.태산아파트 - 고색역.고색초교.태산아파트,2026-09-09,수,14,20
02,고색역.고색초교.태산아파트 - 고색역.고색초교.태산아파트,2026-09-09,수,15,36
02,고색역.고색초교.태산아파트 - 고색역.고색초교.태산아파트,2026-09-09,수,16,84
02,고색역.고색초교.태산아파트 - 고색역.고색초교.태산아파트,2026-09-09,수,17,59
02,고색역.고색초교.태산아파트 - 고색역.고색초교.태산아파트,2026-09-09,수,18,60
02,고색역.고색초교.태산아파트 - 고색역.고색초교.태산아파트,2026-09-09,수,19,47
02,고색역.고색초교.태산아파트 - 고색역.고색초교.태산아파트,2026-09-09,수,20,41
02,고색역.고색초교.태산아파트 - 고색역.고색초교.태산아파트,2026-09-09,수,21,25
02,고색역.고색초교.태산아파트 - 고색역.고색초교.태산아파트,2026-09-09,수,22,28
02,고색역.고색초교.태산아파트 - 고색역.고색초교.태산아파트,2026-09-09,수,23,5
02,고색역.고색초교.태산아파트 - 고색역.고색초교.태산아파트,2026-09-10,목,6,18
02,고색역.고색초교.태산아파트 - 고색역.고색초교.태산아파트,2026-09-10,목,7,71
02,고색역.고색초교.태산아파트 - 고색역.고색초교.태산아파트,2026-09-10,목,8,50
02,고색역.고색초교.태산아파트 - 고색역.고색초교.태산아파트,2026-09-10,목,9,100
02,고색역.고색초교.태산아파트 - 고색역.고색초교.태산아파트,2026-09-10,목,10,52
02,고색역.고색초교.태산아파트 - 고색역.고색초교.태산아파트,2026-09-10,목,11,13
02,고색역.고색초교.태산아파트 - 고색역.고색초교.태산아파트,2026-09-10,목,12,46
02,고색역.고색초교.태산아파트 - 고색역.고색초교.태산아파트,2026-09-10,목,13,36
02,고색역.고색초교.태산아파트 - 고색역.고색초교.태산아파트,2026-09-10,목,14,18
02,고색역.고색초교.태산아파트 - 고색역.고색초교.태산아파트,2026-09-10,목,15,27
02,고색역.고색초교.태산아파트 - 고색역.고색초교.태산아파트,2026-09-10,목,16,76
02,고색역.고색초교.태산아파트 - 고색역.고색초교.태산아파트,2026-09-10,목,17,48
02,고색역.고색초교.태산아파트 - 고색역.고색초교.태산아파트,2026-09-10,목,18,41
02,고색역.고색초교.태산아파트 - 고색역.고색초교.태산아파트,2026-09-10,목,19,41
02,고색역.고색초교.태산아파트 - 고색역.고색초교.태산아파트,2026-09-10,목,20,46
02,고색역.고색초교.태산아파트 - 고색역.고색초교.태산아파트,2026-09-10,목,21,37
02,고색역.고색초교.태산아파트 - 고색역.고색초교.태산아파트,2026-09-10,목,22,29
02,고색역.고색초교.태산아파트 - 고색역.고색초교.태산아파트,2026-09-10,목,23,8
02,고색역.고색초교.태산아파트 - 고색역.고색초교.태산아파트,2026-09-11,금,6,23
02,고색역.고색초교.태산아파트 - 고색역.고색초교.태산아파트,2026-09-11,금,7,76
02,고색역.고색초교.태산아파트 - 고색역.고색초교.태산아파트,2026-09-11,금,8,46
02,고색역.고색초교.태산아파트 - 고색역.고색초교.태산아파트,2026-09-11,금,9,70
02,고색역.고색초교.태산아파트 - 고색역.고색초교.태산아파트,2026-09-11,금,10,21
02,고색역.고색초교.태산아파트 - 고색역.고색초교.태산아파트,2026-09-11,금,11,11
02,고색역.고색초교.태산아파트 - 고색역.고색초교.태산아파트,2026-09-11,금,12,52
02,고색역.고색초교.태산아파트 - 고색역.고색초교.태산아파트,2026-09-11,금,13,30
02,고색역.고색초교.태산아파트 - 고색역.고색초교.태산아파트,2026-09-11,금,14,12
02,고색역.고색초교.태산아파트 - 고색역.고색초교.태산아파트,2026-09-11,금,15,20
02,고색역.고색초교.태산아파트 - 고색역.고색초교.태산아파트,2026-09-11,금,16,62
02,고색역.고색초교.태산아파트 - 고색역.고색초교.태산아파트,2026-09-11,금,17,61
02,고색역.고색초교.태산아파트 - 고색역.고색초교.태산아파트,2026-09-11,금,18,34
02,고색역.고색초교.태산아파트 - 고색역.고색초교.태산아파트,2026-09-11,금,19,42
02,고색역.고색초교.태산아파트 - 고색역.고색초교.태산아파트,2026-09-11,금,20,40
02,고색역.고색초교.태산아파트 - 고색역.고색초교.태산아파트,2026-09-11,금,21,20
02,고색역.고색초교.태산아파트 - 고색역.고색초교.태산아파트,2026-09-11,금,22,14
02,고색역.고색초교.태산아파트 - 고색역.고색초교.태산아파트,2026-09-11,금,23,10
02,고색역.고색초교.태산아파트 - 고색역.고색초교.태산아파트,2026-09-12,토,6,5
02,고색역.고색초교.태산아파트 - 고색역.고색초교.태산아파트,2026-09-12,토,7,22
02,고색역.고색초교.태산아파트 - 고색역.고색초교.태산아파트,2026-09-12,토,8,20
02,고색역.고색초교.태산아파트 - 고색역.고색초교.태산아파트,2026-09-12,토,9,24
02,고색역.고색초교.태산아파트 - 고색역.고색초교.태산아파트,2026-09-12,토,10,23
02,고색역.고색초교.태산아파트 - 고색역.고색초교.태산아파트,2026-09-12,토,11,9
02,고색역.고색초교.태산아파트 - 고색역.고색초교.태산아파트,2026-09-12,토,12,36
02,고색역.고색초교.태산아파트 - 고색역.고색초교.태산아파트,2026-09-12,토,13,25
02,고색역.고색초교.태산아파트 - 고색역.고색초교.태산아파트,2026-09-12,토,14,11
02,고색역.고색초교.태산아파트 - 고색역.고색초교.태산아파트,2026-09-12,토,15,23
02,고색역.고색초교.태산아파트 - 고색역.고색초교.태산아파트,2026-09-12,토,16,18
02,고색역.고색초교.태산아파트 - 고색역.고색초교.태산아파트,2026-09-12,토,17,21
02,고색역.고색초교.태산아파트 - 고색역.고색초교.태산아파트,2026-09-12,토,18,24
02,고색역.고색초교.태산아파트 - 고색역.고색초교.태산아파트,2026-09-12,토,19,20
02,고색역.고색초교.태산아파트 - 고색역.고색초교.태산아파트,2026-09-12,토,20,23
02,고색역.고색초교.태산아파트 - 고색역.고색초교.태산아파트,2026-09-12,토,21,27
02,고색역.고색초교.태산아파트 - 고색역.고색초교.태산아파트,2026-09-12,토,22,24
02,고색역.고색초교.태산아파트 - 고색역.고색초교.태산아파트,2026-09-12,토,23,6
02,고색역.고색초교.태산아파트 - 고색역.고색초교.태산아파트,2026-09-13,일,6,1
02,고색역.고색초교.태산아파트 - 고색역.고색초교.태산아파트,2026-09-13,일,7,9
02,고색역.고색초교.태산아파트 - 고색역.고색초교.태산아파트,2026-09-13,일,8,21
02,고색역.고색초교.태산아파트 - 고색역.고색초교.태산아파트,2026-09-13,일,9,15
02,고색역.고색초교.태산아파트 - 고색역.고색초교.태산아파트,2026-09-13,일,10,23
02,고색역.고색초교.태산아파트 - 고색역.고색초교.태산아파트,2026-09-13,일,11,14
02,고색역.고색초교.태산아파트 - 고색역.고색초교.태산아파트,2026-09-13,일,12,13
02,고색역.고색초교.태산아파트 - 고색역.고색초교.태산아파트,2026-09-13,일,13,22
02,고색역.고색초교.태산아파트 - 고색역.고색초교.태산아파트,2026-09-13,일,14,21
02,고색역.고색초교.태산아파트 - 고색역.고색초교.태산아파트,2026-09-13,일,15,26
02,고색역.고색초교.태산아파트 - 고색역.고색초교.태산아파트,2026-09-13,일,16,26
02,고색역.고색초교.태산아파트 - 고색역.고색초교.태산아파트,2026-09-13,일,17,27
02,고색역.고색초교.태산아파트 - 고색역.고색초교.태산아파트,2026-09-13,일,18,24
02,고색역.고색초교.태산아파트 - 고색역.고색초교.태산아파트,2026-09-13,일,19,18
02,고색역.고색초교.태산아파트 - 고색역.고색초교.태산아파트,2026-09-13,일,20,21
02,고색역.고색초교.태산아파트 - 고색역.고색초교.태산아파트,2026-09-13,일,21,20
02,고색역.고색초교.태산아파트 - 고색역.고색초교.태산아파트,2026-09-13,일,22,18
02,고색역.고색초교.태산아파트 - 고색역.고색초교.태산아파트,2026-09-13,일,23,3
02,고색역.고색초교.태산아파트 - 고색역.고색초교.태산아파트,2026-09-14,월,6,18
02,고색역.고색초교.태산아파트 - 고색역.고색초교.태산아파트,2026-09-14,월,7,67
02,고색역.고색초교.태산아파트 - 고색역.고색초교.태산아파트,2026-09-14,월,8,44
02,고색역.고색초교.태산아파트 - 고색역.고색초교.태산아파트,2026-09-14,월,9,77
02,고색역.고색초교.태산아파트 - 고색역.고색초교.태산아파트,2026-09-14,월,10,44
02,고색역.고색초교.태산아파트 - 고색역.고색초교.태산아파트,2026-09-14,월,11,18
02,고색역.고색초교.태산아파트 - 고색역.고색초교.태산아파트,2026-09-14,월,12,50
02,고색역.고색초교.태산아파트 - 고색역.고색초교.태산아파트,2026-09-14,월,13,62
02,고색역.고색초교.태산아파트 - 고색역.고색초교.태산아파트,2026-09-14,월,14,20
02,고색역.고색초교.태산아파트 - 고색역.고색초교.태산아파트,2026-09-14,월,15,35
02,고색역.고색초교.태산아파트 - 고색역.고색초교.태산아파트,2026-09-14,월,16,75
02,고색역.고색초교.태산아파트 - 고색역.고색초교.태산아파트,2026-09-14,월,17,39
02,고색역.고색초교.태산아파트 - 고색역.고색초교.태산아파트,2026-09-14,월,18,54
02,고색역.고색초교.태산아파트 - 고색역.고색초교.태산아파트,2026-09-14,월,19,53
02,고색역.고색초교.태산아파트 - 고색역.고색초교.태산아파트,2026-09-14,월,20,45
02,고색역.고색초교.태산아파트 - 고색역.고색초교.태산아파트,2026-09-14,월,21,33
02,고색역.고색초교.태산아파트 - 고색역.고색초교.태산아파트,2026-09-14,월,22,16
02,고색역.고색초교.태산아파트 - 고색역.고색초교.태산아파트,2026-09-14,월,23,6
03,칠보중.칠보고교.중촌초교 - 칠보고교.칠보중.중촌초교,2025-06-10,화,6,0
03,칠보중.칠보고교.중촌초교 - 칠보고교.칠보중.중촌초교,2025-06-10,화,7,0
03,칠보중.칠보고교.중촌초교 - 칠보고교.칠보중.중촌초교,2025-06-10,화,8,0
03,칠보중.칠보고교.중촌초교 - 칠보고교.칠보중.중촌초교,2025-06-10,화,9,0
03,칠보중.칠보고교.중촌초교 - 칠보고교.칠보중.중촌초교,2025-06-10,화,10,1
03,칠보중.칠보고교.중촌초교 - 칠보고교.칠보중.중촌초교,2025-06-10,화,11,0
03,칠보중.칠보고교.중촌초교 - 칠보고교.칠보중.중촌초교,2025-06-10,화,12,0
03,칠보중.칠보고교.중촌초교 - 칠보고교.칠보중.중촌초교,2025-06-10,화,13,0
03,칠보중.칠보고교.중촌초교 - 칠보고교.칠보중.중촌초교,2025-06-10,화,14,0
03,칠보중.칠보고교.중촌초교 - 칠보고교.칠보중.중촌초교,2025-06-10,화,15,0
03,칠보중.칠보고교.중촌초교 - 칠보고교.칠보중.중촌초교,2025-06-10,화,16,0
03,칠보중.칠보고교.중촌초교 - 칠보고교.칠보중.중촌초교,2025-06-10,화,17,0
03,칠보중.칠보고교.중촌초교 - 칠보고교.칠보중.중촌초교,2025-06-10,화,18,3
03,칠보중.칠보고교.중촌초교 - 칠보고교.칠보중.중촌초교,2025-06-10,화,19,0
03,칠보중.칠보고교.중촌초교 - 칠보고교.칠보중.중촌초교,2025-06-10,화,20,0
03,칠보중.칠보고교.중촌초교 - 칠보고교.칠보중.중촌초교,2025-06-10,화,21,2
03,칠보중.칠보고교.중촌초교 - 칠보고교.칠보중.중촌초교,2025-06-10,화,22,0
03, - ,2025-06-11,수,6,0
03, - ,2025-06-11,수,7,2
03, - ,2025-06-11,수,8,0
03, - ,2025-06-11,수,9,2
03, - ,2025-06-11,수,10,4
03, - ,2025-06-11,수,11,0
03, - ,2025-06-11,수,12,2
03, - ,2025-06-11,수,13,0
03, - ,2025-06-11,수,14,0
03, - ,2025-06-11,수,15,1
03, - ,2025-06-11,수,16,5
03, - ,2025-06-11,수,17,0
03, - ,2025-06-11,수,18,0
03, - ,2025-06-11,수,19,2
03, - ,2025-06-11,수,20,1
03, - ,2025-06-11,수,21,1
03, - ,2025-06-11,수,22,0
03,칠보중.칠보고교.중촌초교 - 칠보고교.칠보중.중촌초교,2025-06-12,목,6,0
03,칠보중.칠보고교.중촌초교 - 칠보고교.칠보중.중촌초교,2025-06-12,목,7,1
03,칠보중.칠보고교.중촌초교 - 칠보고교.칠보중.중촌초교,2025-06-12,목,8,4
03,칠보중.칠보고교.중촌초교 - 칠보고교.칠보중.중촌초교,2025-06-12,목,9,1
03,칠보중.칠보고교.중촌초교 - 칠보고교.칠보중.중촌초교,2025-06-12,목,10,0
03,칠보중.칠보고교.중촌초교 - 칠보고교.칠보중.중촌초교,2025-06-12,목,11,0
03,칠보중.칠보고교.중촌초교 - 칠보고교.칠보중.중촌초교,2025-06-12,목,12,0
03,칠보중.칠보고교.중촌초교 - 칠보고교.칠보중.중촌초교,2025-06-12,목,13,1
03,칠보중.칠보고교.중촌초교 - 칠보고교.칠보중.중촌초교,2025-06-12,목,14,0
03,칠보중.칠보고교.중촌초교 - 칠보고교.칠보중.중촌초교,2025-06-12,목,15,0
03,칠보중.칠보고교.중촌초교 - 칠보고교.칠보중.중촌초교,2025-06-12,목,16,0
03,칠보중.칠보고교.중촌초교 - 칠보고교.칠보중.중촌초교,2025-06-12,목,17,4
03,칠보중.칠보고교.중촌초교 - 칠보고교.칠보중.중촌초교,2025-06-12,목,18,0
03,칠보중.칠보고교.중촌초교 - 칠보고교.칠보중.중촌초교,2025-06-12,목,19,4
03,칠보중.칠보고교.중촌초교 - 칠보고교.칠보중.중촌초교,2025-06-12,목,20,0
03,칠보중.칠보고교.중촌초교 - 칠보고교.칠보중.중촌초교,2025-06-12,목,21,0
03,칠보중.칠보고교.중촌초교 - 칠보고교.칠보중.중촌초교,2025-06-12,목,22,2
03,칠보중.칠보고교.중촌초교 - 칠보고교.칠보중.중촌초교,2025-06-13,금,6,0
03,칠보중.칠보고교.중촌초교 - 칠보고교.칠보중.중촌초교,2025-06-13,금,7,0
03,칠보중.칠보고교.중촌초교 - 칠보고교.칠보중.중촌초교,2025-06-13,금,8,4
03,칠보중.칠보고교.중촌초교 - 칠보고교.칠보중.중촌초교,2025-06-13,금,9,0
03,칠보중.칠보고교.중촌초교 - 칠보고교.칠보중.중촌초교,2025-06-13,금,10,0
03,칠보중.칠보고교.중촌초교 - 칠보고교.칠보중.중촌초교,2025-06-13,금,11,1
03,칠보중.칠보고교.중촌초교 - 칠보고교.칠보중.중촌초교,2025-06-13,금,12,2
03,칠보중.칠보고교.중촌초교 - 칠보고교.칠보중.중촌초교,2025-06-13,금,13,2
03,칠보중.칠보고교.중촌초교 - 칠보고교.칠보중.중촌초교,2025-06-13,금,14,0
03,칠보중.칠보고교.중촌초교 - 칠보고교.칠보중.중촌초교,2025-06-13,금,15,0
03,칠보중.칠보고교.중촌초교 - 칠보고교.칠보중.중촌초교,2025-06-13,금,16,0
03,칠보중.칠보고교.중촌초교 - 칠보고교.칠보중.중촌초교,2025-06-13,금,17,0
03,칠보중.칠보고교.중촌초교 - 칠보고교.칠보중.중촌초교,2025-06-13,금,18,1
03,칠보중.칠보고교.중촌초교 - 칠보고교.칠보중.중촌초교,2025-06-13,금,19,5
03,칠보중.칠보고교.중촌초교 - 칠보고교.칠보중.중촌초교,2025-06-13,금,20,1
03,칠보중.칠보고교.중촌초교 - 칠보고교.칠보중.중촌초교,2025-06-13,금,21,0
03,칠보중.칠보고교.중촌초교 - 칠보고교.칠보중.중촌초교,2025-06-13,금,22,0
03,칠보중.칠보고교.중촌초교 - 칠보고교.칠보중.중촌초교,2025-06-14,토,6,1
03,칠보중.칠보고교.중촌초교 - 칠보고교.칠보중.중촌초교,2025-06-14,토,7,0
03,칠보중.칠보고교.중촌초교 - 칠보고교.칠보중.중촌초교,2025-06-14,토,8,2
03,칠보중.칠보고교.중촌초교 - 칠보고교.칠보중.중촌초교,2025-06-14,토,9,0
03,칠보중.칠보고교.중촌초교 - 칠보고교.칠보중.중촌초교,2025-06-14,토,10,0
03,칠보중.칠보고교.중촌초교 - 칠보고교.칠보중.중촌초교,2025-06-14,토,11,5
03,칠보중.칠보고교.중촌초교 - 칠보고교.칠보중.중촌초교,2025-06-14,토,12,1
03,칠보중.칠보고교.중촌초교 - 칠보고교.칠보중.중촌초교,2025-06-14,토,13,0
03,칠보중.칠보고교.중촌초교 - 칠보고교.칠보중.중촌초교,2025-06-14,토,14,1
03,칠보중.칠보고교.중촌초교 - 칠보고교.칠보중.중촌초교,2025-06-14,토,15,2
03,칠보중.칠보고교.중촌초교 - 칠보고교.칠보중.중촌초교,2025-06-14,토,16,4
03,칠보중.칠보고교.중촌초교 - 칠보고교.칠보중.중촌초교,2025-06-14,토,17,2
03,칠보중.칠보고교.중촌초교 - 칠보고교.칠보중.중촌초교,2025-06-14,토,18,5
03,칠보중.칠보고교.중촌초교 - 칠보고교.칠보중.중촌초교,2025-06-14,토,19,0
03,칠보중.칠보고교.중촌초교 - 칠보고교.칠보중.중촌초교,2025-06-14,토,20,0
03,칠보중.칠보고교.중촌초교 - 칠보고교.칠보중.중촌초교,2025-06-14,토,21,0
03,칠보중.칠보고교.중촌초교 - 칠보고교.칠보중.중촌초교,2025-06-14,토,22,0
03,칠보중.칠보고교.중촌초교 - 칠보고교.칠보중.중촌초교,2025-12-01,월,6,7
03,칠보중.칠보고교.중촌초교 - 칠보고교.칠보중.중촌초교,2025-12-01,월,7,47
03,칠보중.칠보고교.중촌초교 - 칠보고교.칠보중.중촌초교,2025-12-01,월,8,54
03,칠보중.칠보고교.중촌초교 - 칠보고교.칠보중.중촌초교,2025-12-01,월,9,26
03,칠보중.칠보고교.중촌초교 - 칠보고교.칠보중.중촌초교,2025-12-01,월,10,21
03,칠보중.칠보고교.중촌초교 - 칠보고교.칠보중.중촌초교,2025-12-01,월,11,11
03,칠보중.칠보고교.중촌초교 - 칠보고교.칠보중.중촌초교,2025-12-01,월,12,29
03,칠보중.칠보고교.중촌초교 - 칠보고교.칠보중.중촌초교,2025-12-01,월,13,25
03,칠보중.칠보고교.중촌초교 - 칠보고교.칠보중.중촌초교,2025-12-01,월,14,13
03,칠보중.칠보고교.중촌초교 - 칠보고교.칠보중.중촌초교,2025-12-01,월,15,31
03,칠보중.칠보고교.중촌초교 - 칠보고교.칠보중.중촌초교,2025-12-01,월,16,60
03,칠보중.칠보고교.중촌초교 - 칠보고교.칠보중.중촌초교,2025-12-01,월,17,52
03,칠보중.칠보고교.중촌초교 - 칠보고교.칠보중.중촌초교,2025-12-01,월,18,41
03,칠보중.칠보고교.중촌초교 - 칠보고교.칠보중.중촌초교,2025-12-01,월,19,38
03,칠보중.칠보고교.중촌초교 - 칠보고교.칠보중.중촌초교,2025-12-01,월,20,36
03,칠보중.칠보고교.중촌초교 - 칠보고교.칠보중.중촌초교,2025-12-01,월,21,38
03,칠보중.칠보고교.중촌초교 - 칠보고교.칠보중.중촌초교,2025-12-01,월,22,25
03,칠보중.칠보고교.중촌초교 - 칠보고교.칠보중.중촌초교,2025-12-01,월,23,8
03,칠보중.칠보고교.중촌초교 - 칠보고교.칠보중.중촌초교,2025-12-02,화,6,11
03,칠보중.칠보고교.중촌초교 - 칠보고교.칠보중.중촌초교,2025-12-02,화,7,49
03,칠보중.칠보고교.중촌초교 - 칠보고교.칠보중.중촌초교,2025-12-02,화,8,56
03,칠보중.칠보고교.중촌초교 - 칠보고교.칠보중.중촌초교,2025-12-02,화,9,30
03,칠보중.칠보고교.중촌초교 - 칠보고교.칠보중.중촌초교,2025-12-02,화,10,24
03,칠보중.칠보고교.중촌초교 - 칠보고교.칠보중.중촌초교,2025-12-02,화,11,21
03,칠보중.칠보고교.중촌초교 - 칠보고교.칠보중.중촌초교,2025-12-02,화,12,21
03,칠보중.칠보고교.중촌초교 - 칠보고교.칠보중.중촌초교,2025-12-02,화,13,28
03,칠보중.칠보고교.중촌초교 - 칠보고교.칠보중.중촌초교,2025-12-02,화,14,20
03,칠보중.칠보고교.중촌초교 - 칠보고교.칠보중.중촌초교,2025-12-02,화,15,22
03,칠보중.칠보고교.중촌초교 - 칠보고교.칠보중.중촌초교,2025-12-02,화,16,65
03,칠보중.칠보고교.중촌초교 - 칠보고교.칠보중.중촌초교,2025-12-02,화,17,39
03,칠보중.칠보고교.중촌초교 - 칠보고교.칠보중.중촌초교,2025-12-02,화,18,40
03,칠보중.칠보고교.중촌초교 - 칠보고교.칠보중.중촌초교,2025-12-02,화,19,56
03,칠보중.칠보고교.중촌초교 - 칠보고교.칠보중.중촌초교,2025-12-02,화,20,31
03,칠보중.칠보고교.중촌초교 - 칠보고교.칠보중.중촌초교,2025-12-02,화,21,37
03,칠보중.칠보고교.중촌초교 - 칠보고교.칠보중.중촌초교,2025-12-02,화,22,28
03,칠보중.칠보고교.중촌초교 - 칠보고교.칠보중.중촌초교,2025-12-02,화,23,8
03,칠보중.칠보고교.중촌초교 - 칠보고교.칠보중.중촌초교,2025-12-03,수,6,7
03,칠보중.칠보고교.중촌초교 - 칠보고교.칠보중.중촌초교,2025-12-03,수,7,47
03,칠보중.칠보고교.중촌초교 - 칠보고교.칠보중.중촌초교,2025-12-03,수,8,46
03,칠보중.칠보고교.중촌초교 - 칠보고교.칠보중.중촌초교,2025-12-03,수,9,19
03,칠보중.칠보고교.중촌초교 - 칠보고교.칠보중.중촌초교,2025-12-03,수,10,17
03,칠보중.칠보고교.중촌초교 - 칠보고교.칠보중.중촌초교,2025-12-03,수,11,15
03,칠보중.칠보고교.중촌초교 - 칠보고교.칠보중.중촌초교,2025-12-03,수,12,24
03,칠보중.칠보고교.중촌초교 - 칠보고교.칠보중.중촌초교,2025-12-03,수,13,40
03,칠보중.칠보고교.중촌초교 - 칠보고교.칠보중.중촌초교,2025-12-03,수,14,17
03,칠보중.칠보고교.중촌초교 - 칠보고교.칠보중.중촌초교,2025-12-03,수,15,32
03,칠보중.칠보고교.중촌초교 - 칠보고교.칠보중.중촌초교,2025-12-03,수,16,34
03,칠보중.칠보고교.중촌초교 - 칠보고교.칠보중.중촌초교,2025-12-03,수,17,49
03,칠보중.칠보고교.중촌초교 - 칠보고교.칠보중.중촌초교,2025-12-03,수,18,37
03,칠보중.칠보고교.중촌초교 - 칠보고교.칠보중.중촌초교,2025-12-03,수,19,47
03,칠보중.칠보고교.중촌초교 - 칠보고교.칠보중.중촌초교,2025-12-03,수,20,25
03,칠보중.칠보고교.중촌초교 - 칠보고교.칠보중.중촌초교,2025-12-03,수,21,37
03,칠보중.칠보고교.중촌초교 - 칠보고교.칠보중.중촌초교,2025-12-03,수,22,26
03,칠보중.칠보고교.중촌초교 - 칠보고교.칠보중.중촌초교,2025-12-03,수,23,6
03,칠보중.칠보고교.중촌초교 - 칠보고교.칠보중.중촌초교,2025-12-04,목,6,7
03,칠보중.칠보고교.중촌초교 - 칠보고교.칠보중.중촌초교,2025-12-04,목,7,47
03,칠보중.칠보고교.중촌초교 - 칠보고교.칠보중.중촌초교,2025-12-04,목,8,45
03,칠보중.칠보고교.중촌초교 - 칠보고교.칠보중.중촌초교,2025-12-04,목,9,27
03,칠보중.칠보고교.중촌초교 - 칠보고교.칠보중.중촌초교,2025-12-04,목,10,23
03,칠보중.칠보고교.중촌초교 - 칠보고교.칠보중.중촌초교,2025-12-04,목,11,15
03,칠보중.칠보고교.중촌초교 - 칠보고교.칠보중.중촌초교,2025-12-04,목,12,33
03,칠보중.칠보고교.중촌초교 - 칠보고교.칠보중.중촌초교,2025-12-04,목,13,45
03,칠보중.칠보고교.중촌초교 - 칠보고교.칠보중.중촌초교,2025-12-04,목,14,17
03,칠보중.칠보고교.중촌초교 - 칠보고교.칠보중.중촌초교,2025-12-04,목,15,35
03,칠보중.칠보고교.중촌초교 - 칠보고교.칠보중.중촌초교,2025-12-04,목,16,39
03,칠보중.칠보고교.중촌초교 - 칠보고교.칠보중.중촌초교,2025-12-04,목,17,39
03,칠보중.칠보고교.중촌초교 - 칠보고교.칠보중.중촌초교,2025-12-04,목,18,34
03,칠보중.칠보고교.중촌초교 - 칠보고교.칠보중.중촌초교,2025-12-04,목,19,34
03,칠보중.칠보고교.중촌초교 - 칠보고교.칠보중.중촌초교,2025-12-04,목,20,26
03,칠보중.칠보고교.중촌초교 - 칠보고교.칠보중.중촌초교,2025-12-04,목,21,31
03,칠보중.칠보고교.중촌초교 - 칠보고교.칠보중.중촌초교,2025-12-04,목,22,19
03,칠보중.칠보고교.중촌초교 - 칠보고교.칠보중.중촌초교,2025-12-04,목,23,3
03,칠보중.칠보고교.중촌초교 - 칠보고교.칠보중.중촌초교,2025-12-05,금,6,9
03,칠보중.칠보고교.중촌초교 - 칠보고교.칠보중.중촌초교,2025-12-05,금,7,46
03,칠보중.칠보고교.중촌초교 - 칠보고교.칠보중.중촌초교,2025-12-05,금,8,18
03,칠보중.칠보고교.중촌초교 - 칠보고교.칠보중.중촌초교,2025-12-05,금,9,25
03,칠보중.칠보고교.중촌초교 - 칠보고교.칠보중.중촌초교,2025-12-05,금,10,31
03,칠보중.칠보고교.중촌초교 - 칠보고교.칠보중.중촌초교,2025-12-05,금,11,19
03,칠보중.칠보고교.중촌초교 - 칠보고교.칠보중.중촌초교,2025-12-05,금,12,31
03,칠보중.칠보고교.중촌초교 - 칠보고교.칠보중.중촌초교,2025-12-05,금,13,47
03,칠보중.칠보고교.중촌초교 - 칠보고교.칠보중.중촌초교,2025-12-05,금,14,12
03,칠보중.칠보고교.중촌초교 - 칠보고교.칠보중.중촌초교,2025-12-05,금,15,33
03,칠보중.칠보고교.중촌초교 - 칠보고교.칠보중.중촌초교,2025-12-05,금,16,64
03,칠보중.칠보고교.중촌초교 - 칠보고교.칠보중.중촌초교,2025-12-05,금,17,35
03,칠보중.칠보고교.중촌초교 - 칠보고교.칠보중.중촌초교,2025-12-05,금,18,39
03,칠보중.칠보고교.중촌초교 - 칠보고교.칠보중.중촌초교,2025-12-05,금,19,58
03,칠보중.칠보고교.중촌초교 - 칠보고교.칠보중.중촌초교,2025-12-05,금,20,48
03,칠보중.칠보고교.중촌초교 - 칠보고교.칠보중.중촌초교,2025-12-05,금,21,33
03,칠보중.칠보고교.중촌초교 - 칠보고교.칠보중.중촌초교,2025-12-05,금,22,32
03,칠보중.칠보고교.중촌초교 - 칠보고교.칠보중.중촌초교,2025-12-05,금,23,0
03,칠보중.칠보고교.중촌초교 - 칠보고교.칠보중.중촌초교,2025-12-06,토,6,6
03,칠보중.칠보고교.중촌초교 - 칠보고교.칠보중.중촌초교,2025-12-06,토,7,22
03,칠보중.칠보고교.중촌초교 - 칠보고교.칠보중.중촌초교,2025-12-06,토,8,27
03,칠보중.칠보고교.중촌초교 - 칠보고교.칠보중.중촌초교,2025-12-06,토,9,40
03,칠보중.칠보고교.중촌초교 - 칠보고교.칠보중.중촌초교,2025-12-06,토,10,38
03,칠보중.칠보고교.중촌초교 - 칠보고교.칠보중.중촌초교,2025-12-06,토,11,12
03,칠보중.칠보고교.중촌초교 - 칠보고교.칠보중.중촌초교,2025-12-06,토,12,44
03,칠보중.칠보고교.중촌초교 - 칠보고교.칠보중.중촌초교,2025-12-06,토,13,30
03,칠보중.칠보고교.중촌초교 - 칠보고교.칠보중.중촌초교,2025-12-06,토,14,20
03,칠보중.칠보고교.중촌초교 - 칠보고교.칠보중.중촌초교,2025-12-06,토,15,35
03,칠보중.칠보고교.중촌초교 - 칠보고교.칠보중.중촌초교,2025-12-06,토,16,45
03,칠보중.칠보고교.중촌초교 - 칠보고교.칠보중.중촌초교,2025-12-06,토,17,36
03,칠보중.칠보고교.중촌초교 - 칠보고교.칠보중.중촌초교,2025-12-06,토,18,29
03,칠보중.칠보고교.중촌초교 - 칠보고교.칠보중.중촌초교,2025-12-06,토,19,27
03,칠보중.칠보고교.중촌초교 - 칠보고교.칠보중.중촌초교,2025-12-06,토,20,42
03,칠보중.칠보고교.중촌초교 - 칠보고교.칠보중.중촌초교,2025-12-06,토,21,34
03,칠보중.칠보고교.중촌초교 - 칠보고교.칠보중.중촌초교,2025-12-06,토,22,29
03,칠보중.칠보고교.중촌초교 - 칠보고교.칠보중.중촌초교,2025-12-06,토,23,2
03,칠보중.칠보고교.중촌초교 - 칠보고교.칠보중.중촌초교,2025-12-07,일,6,3
03,칠보중.칠보고교.중촌초교 - 칠보고교.칠보중.중촌초교,2025-12-07,일,7,6
03,칠보중.칠보고교.중촌초교 - 칠보고교.칠보중.중촌초교,2025-12-07,일,8,18
03,칠보중.칠보고교.중촌초교 - 칠보고교.칠보중.중촌초교,2025-12-07,일,9,22
03,칠보중.칠보고교.중촌초교 - 칠보고교.칠보중.중촌초교,2025-12-07,일,10,24
03,칠보중.칠보고교.중촌초교 - 칠보고교.칠보중.중촌초교,2025-12-07,일,11,18
03,칠보중.칠보고교.중촌초교 - 칠보고교.칠보중.중촌초교,2025-12-07,일,12,31
03,칠보중.칠보고교.중촌초교 - 칠보고교.칠보중.중촌초교,2025-12-07,일,13,29
03,칠보중.칠보고교.중촌초교 - 칠보고교.칠보중.중촌초교,2025-12-07,일,14,15
03,칠보중.칠보고교.중촌초교 - 칠보고교.칠보중.중촌초교,2025-12-07,일,15,26
03,칠보중.칠보고교.중촌초교 - 칠보고교.칠보중.중촌초교,2025-12-07,일,16,42
03,칠보중.칠보고교.중촌초교 - 칠보고교.칠보중.중촌초교,2025-12-07,일,17,39
03,칠보중.칠보고교.중촌초교 - 칠보고교.칠보중.중촌초교,2025-12-07,일,18,28
03,칠보중.칠보고교.중촌초교 - 칠보고교.칠보중.중촌초교,2025-12-07,일,19,24
03,칠보중.칠보고교.중촌초교 - 칠보고교.칠보중.중촌초교,2025-12-07,일,20,32
03,칠보중.칠보고교.중촌초교 - 칠보고교.칠보중.중촌초교,2025-12-07,일,21,28
03,칠보중.칠보고교.중촌초교 - 칠보고교.칠보중.중촌초교,2025-12-07,일,22,33
03,칠보중.칠보고교.중촌초교 - 칠보고교.칠보중.중촌초교,2025-12-07,일,23,3
03,칠보중.칠보고교.중촌초교 - 칠보고교.칠보중.중촌초교,2025-12-08,월,6,8
03,칠보중.칠보고교.중촌초교 - 칠보고교.칠보중.중촌초교,2025-12-08,월,7,49
03,칠보중.칠보고교.중촌초교 - 칠보고교.칠보중.중촌초교,2025-12-08,월,8,47
03,칠보중.칠보고교.중촌초교 - 칠보고교.칠보중.중촌초교,2025-12-08,월,9,29
03,칠보중.칠보고교.중촌초교 - 칠보고교.칠보중.중촌초교,2025-12-08,월,10,26
03,칠보중.칠보고교.중촌초교 - 칠보고교.칠보중.중촌초교,2025-12-08,월,11,10
03,칠보중.칠보고교.중촌초교 - 칠보고교.칠보중.중촌초교,2025-12-08,월,12,42
03,칠보중.칠보고교.중촌초교 - 칠보고교.칠보중.중촌초교,2025-12-08,월,13,25
03,칠보중.칠보고교.중촌초교 - 칠보고교.칠보중.중촌초교,2025-12-08,월,14,13
03,칠보중.칠보고교.중촌초교 - 칠보고교.칠보중.중촌초교,2025-12-08,월,15,32
03,칠보중.칠보고교.중촌초교 - 칠보고교.칠보중.중촌초교,2025-12-08,월,16,56
03,칠보중.칠보고교.중촌초교 - 칠보고교.칠보중.중촌초교,2025-12-08,월,17,29
03,칠보중.칠보고교.중촌초교 - 칠보고교.칠보중.중촌초교,2025-12-08,월,18,37
03,칠보중.칠보고교.중촌초교 - 칠보고교.칠보중.중촌초교,2025-12-08,월,19,57
03,칠보중.칠보고교.중촌초교 - 칠보고교.칠보중.중촌초교,2025-12-08,월,20,49
03,칠보중.칠보고교.중촌초교 - 칠보고교.칠보중.중촌초교,2025-12-08,월,21,32
03,칠보중.칠보고교.중촌초교 - 칠보고교.칠보중.중촌초교,2025-12-08,월,22,29
03,칠보중.칠보고교.중촌초교 - 칠보고교.칠보중.중촌초교,2025-12-08,월,23,4
03,칠보중.칠보고교.중촌초교 - 칠보고교.칠보중.중촌초교,2025-12-09,화,6,7
03,칠보중.칠보고교.중촌초교 - 칠보고교.칠보중.중촌초교,2025-12-09,화,7,43
03,칠보중.칠보고교.중촌초교 - 칠보고교.칠보중.중촌초교,2025-12-09,화,8,62
03,칠보중.칠보고교.중촌초교 - 칠보고교.칠보중.중촌초교,2025-12-09,화,9,34
03,칠보중.칠보고교.중촌초교 - 칠보고교.칠보중.중촌초교,2025-12-09,화,10,21
03,칠보중.칠보고교.중촌초교 - 칠보고교.칠보중.중촌초교,2025-12-09,화,11,11
03,칠보중.칠보고교.중촌초교 - 칠보고교.칠보중.중촌초교,2025-12-09,화,12,33
03,칠보중.칠보고교.중촌초교 - 칠보고교.칠보중.중촌초교,2025-12-09,화,13,19
03,칠보중.칠보고교.중촌초교 - 칠보고교.칠보중.중촌초교,2025-12-09,화,14,11
03,칠보중.칠보고교.중촌초교 - 칠보고교.칠보중.중촌초교,2025-12-09,화,15,18
03,칠보중.칠보고교.중촌초교 - 칠보고교.칠보중.중촌초교,2025-12-09,화,16,88
03,칠보중.칠보고교.중촌초교 - 칠보고교.칠보중.중촌초교,2025-12-09,화,17,50
03,칠보중.칠보고교.중촌초교 - 칠보고교.칠보중.중촌초교,2025-12-09,화,18,39
03,칠보중.칠보고교.중촌초교 - 칠보고교.칠보중.중촌초교,2025-12-09,화,19,47
03,칠보중.칠보고교.중촌초교 - 칠보고교.칠보중.중촌초교,2025-12-09,화,20,33
03,칠보중.칠보고교.중촌초교 - 칠보고교.칠보중.중촌초교,2025-12-09,화,21,44
03,칠보중.칠보고교.중촌초교 - 칠보고교.칠보중.중촌초교,2025-12-09,화,22,28
03,칠보중.칠보고교.중촌초교 - 칠보고교.칠보중.중촌초교,2025-12-09,화,23,3
03,칠보중.칠보고교.중촌초교 - 칠보고교.칠보중.중촌초교,2025-12-10,수,6,6
03,칠보중.칠보고교.중촌초교 - 칠보고교.칠보중.중촌초교,2025-12-10,수,7,52
03,칠보중.칠보고교.중촌초교 - 칠보고교.칠보중.중촌초교,2025-12-10,수,8,51
03,칠보중.칠보고교.중촌초교 - 칠보고교.칠보중.중촌초교,2025-12-10,수,9,29
03,칠보중.칠보고교.중촌초교 - 칠보고교.칠보중.중촌초교,2025-12-10,수,10,25
03,칠보중.칠보고교.중촌초교 - 칠보고교.칠보중.중촌초교,2025-12-10,수,11,13
03,칠보중.칠보고교.중촌초교 - 칠보고교.칠보중.중촌초교,2025-12-10,수,12,28
03,칠보중.칠보고교.중촌초교 - 칠보고교.칠보중.중촌초교,2025-12-10,수,13,25
03,칠보중.칠보고교.중촌초교 - 칠보고교.칠보중.중촌초교,2025-12-10,수,14,12
03,칠보중.칠보고교.중촌초교 - 칠보고교.칠보중.중촌초교,2025-12-10,수,15,30
03,칠보중.칠보고교.중촌초교 - 칠보고교.칠보중.중촌초교,2025-12-10,수,16,46
03,칠보중.칠보고교.중촌초교 - 칠보고교.칠보중.중촌초교,2025-12-10,수,17,52
03,칠보중.칠보고교.중촌초교 - 칠보고교.칠보중.중촌초교,2025-12-10,수,18,44
03,칠보중.칠보고교.중촌초교 - 칠보고교.칠보중.중촌초교,2025-12-10,수,19,56
03,칠보중.칠보고교.중촌초교 - 칠보고교.칠보중.중촌초교,2025-12-10,수,20,26
03,칠보중.칠보고교.중촌초교 - 칠보고교.칠보중.중촌초교,2025-12-10,수,21,32
03,칠보중.칠보고교.중촌초교 - 칠보고교.칠보중.중촌초교,2025-12-10,수,22,29
03,칠보중.칠보고교.중촌초교 - 칠보고교.칠보중.중촌초교,2025-12-10,수,23,7
03,칠보중.칠보고교.중촌초교 - 칠보고교.칠보중.중촌초교,2025-12-11,목,6,8
03,칠보중.칠보고교.중촌초교 - 칠보고교.칠보중.중촌초교,2025-12-11,목,7,53
03,칠보중.칠보고교.중촌초교 - 칠보고교.칠보중.중촌초교,2025-12-11,목,8,52
03,칠보중.칠보고교.중촌초교 - 칠보고교.칠보중.중촌초교,2025-12-11,목,9,40
03,칠보중.칠보고교.중촌초교 - 칠보고교.칠보중.중촌초교,2025-12-11,목,10,21
03,칠보중.칠보고교.중촌초교 - 칠보고교.칠보중.중촌초교,2025-12-11,목,11,12
03,칠보중.칠보고교.중촌초교 - 칠보고교.칠보중.중촌초교,2025-12-11,목,12,28
03,칠보중.칠보고교.중촌초교 - 칠보고교.칠보중.중촌초교,2025-12-11,목,13,35
03,칠보중.칠보고교.중촌초교 - 칠보고교.칠보중.중촌초교,2025-12-11,목,14,16
03,칠보중.칠보고교.중촌초교 - 칠보고교.칠보중.중촌초교,2025-12-11,목,15,46
03,칠보중.칠보고교.중촌초교 - 칠보고교.칠보중.중촌초교,2025-12-11,목,16,58
03,칠보중.칠보고교.중촌초교 - 칠보고교.칠보중.중촌초교,2025-12-11,목,17,43
03,칠보중.칠보고교.중촌초교 - 칠보고교.칠보중.중촌초교,2025-12-11,목,18,35
03,칠보중.칠보고교.중촌초교 - 칠보고교.칠보중.중촌초교,2025-12-11,목,19,59
03,칠보중.칠보고교.중촌초교 - 칠보고교.칠보중.중촌초교,2025-12-11,목,20,38
03,칠보중.칠보고교.중촌초교 - 칠보고교.칠보중.중촌초교,2025-12-11,목,21,40
03,칠보중.칠보고교.중촌초교 - 칠보고교.칠보중.중촌초교,2025-12-11,목,22,44
03,칠보중.칠보고교.중촌초교 - 칠보고교.칠보중.중촌초교,2025-12-11,목,23,7
03,칠보중.칠보고교.중촌초교 - 칠보고교.칠보중.중촌초교,2025-12-12,금,6,8
03,칠보중.칠보고교.중촌초교 - 칠보고교.칠보중.중촌초교,2025-12-12,금,7,54
03,칠보중.칠보고교.중촌초교 - 칠보고교.칠보중.중촌초교,2025-12-12,금,8,43
03,칠보중.칠보고교.중촌초교 - 칠보고교.칠보중.중촌초교,2025-12-12,금,9,28
03,칠보중.칠보고교.중촌초교 - 칠보고교.칠보중.중촌초교,2025-12-12,금,10,21
03,칠보중.칠보고교.중촌초교 - 칠보고교.칠보중.중촌초교,2025-12-12,금,11,14
03,칠보중.칠보고교.중촌초교 - 칠보고교.칠보중.중촌초교,2025-12-12,금,12,24
03,칠보중.칠보고교.중촌초교 - 칠보고교.칠보중.중촌초교,2025-12-12,금,13,22
03,칠보중.칠보고교.중촌초교 - 칠보고교.칠보중.중촌초교,2025-12-12,금,14,21
03,칠보중.칠보고교.중촌초교 - 칠보고교.칠보중.중촌초교,2025-12-12,금,15,30
03,칠보중.칠보고교.중촌초교 - 칠보고교.칠보중.중촌초교,2025-12-12,금,16,62
03,칠보중.칠보고교.중촌초교 - 칠보고교.칠보중.중촌초교,2025-12-12,금,17,47
03,칠보중.칠보고교.중촌초교 - 칠보고교.칠보중.중촌초교,2025-12-12,금,18,46
03,칠보중.칠보고교.중촌초교 - 칠보고교.칠보중.중촌초교,2025-12-12,금,19,43
03,칠보중.칠보고교.중촌초교 - 칠보고교.칠보중.중촌초교,2025-12-12,금,20,39
03,칠보중.칠보고교.중촌초교 - 칠보고교.칠보중.중촌초교,2025-12-12,금,21,30
03,칠보중.칠보고교.중촌초교 - 칠보고교.칠보중.중촌초교,2025-12-12,금,22,30
03,칠보중.칠보고교.중촌초교 - 칠보고교.칠보중.중촌초교,2025-12-12,금,23,14
03,칠보중.칠보고교.중촌초교 - 칠보고교.칠보중.중촌초교,2025-12-13,토,6,3
03,칠보중.칠보고교.중촌초교 - 칠보고교.칠보중.중촌초교,2025-12-13,토,7,8
03,칠보중.칠보고교.중촌초교 - 칠보고교.칠보중.중촌초교,2025-12-13,토,8,25
03,칠보중.칠보고교.중촌초교 - 칠보고교.칠보중.중촌초교,2025-12-13,토,9,33
03,칠보중.칠보고교.중촌초교 - 칠보고교.칠보중.중촌초교,2025-12-13,토,10,31
03,칠보중.칠보고교.중촌초교 - 칠보고교.칠보중.중촌초교,2025-12-13,토,11,22
03,칠보중.칠보고교.중촌초교 - 칠보고교.칠보중.중촌초교,2025-12-13,토,12,58
03,칠보중.칠보고교.중촌초교 - 칠보고교.칠보중.중촌초교,2025-12-13,토,13,43
03,칠보중.칠보고교.중촌초교 - 칠보고교.칠보중.중촌초교,2025-12-13,토,14,15
03,칠보중.칠보고교.중촌초교 - 칠보고교.칠보중.중촌초교,2025-12-13,토,15,29
03,칠보중.칠보고교.중촌초교 - 칠보고교.칠보중.중촌초교,2025-12-13,토,16,50
03,칠보중.칠보고교.중촌초교 - 칠보고교.칠보중.중촌초교,2025-12-13,토,17,65
03,칠보중.칠보고교.중촌초교 - 칠보고교.칠보중.중촌초교,2025-12-13,토,18,30
03,칠보중.칠보고교.중촌초교 - 칠보고교.칠보중.중촌초교,2025-12-13,토,19,29
03,칠보중.칠보고교.중촌초교 - 칠보고교.칠보중.중촌초교,2025-12-13,토,20,20
03,칠보중.칠보고교.중촌초교 - 칠보고교.칠보중.중촌초교,2025-12-13,토,21,33
03,칠보중.칠보고교.중촌초교 - 칠보고교.칠보중.중촌초교,2025-12-13,토,22,35
03,칠보중.칠보고교.중촌초교 - 칠보고교.칠보중.중촌초교,2025-12-13,토,23,5
03,칠보중.칠보고교.중촌초교 - 칠보고교.칠보중.중촌초교,2025-12-14,일,6,2
03,칠보중.칠보고교.중촌초교 - 칠보고교.칠보중.중촌초교,2025-12-14,일,7,7
03,칠보중.칠보고교.중촌초교 - 칠보고교.칠보중.중촌초교,2025-12-14,일,8,14
03,칠보중.칠보고교.중촌초교 - 칠보고교.칠보중.중촌초교,2025-12-14,일,9,24
03,칠보중.칠보고교.중촌초교 - 칠보고교.칠보중.중촌초교,2025-12-14,일,10,17
03,칠보중.칠보고교.중촌초교 - 칠보고교.칠보중.중촌초교,2025-12-14,일,11,18
03,칠보중.칠보고교.중촌초교 - 칠보고교.칠보중.중촌초교,2025-12-14,일,12,34
03,칠보중.칠보고교.중촌초교 - 칠보고교.칠보중.중촌초교,2025-12-14,일,13,41
03,칠보중.칠보고교.중촌초교 - 칠보고교.칠보중.중촌초교,2025-12-14,일,14,19
03,칠보중.칠보고교.중촌초교 - 칠보고교.칠보중.중촌초교,2025-12-14,일,15,36
03,칠보중.칠보고교.중촌초교 - 칠보고교.칠보중.중촌초교,2025-12-14,일,16,51
03,칠보중.칠보고교.중촌초교 - 칠보고교.칠보중.중촌초교,2025-12-14,일,17,40
03,칠보중.칠보고교.중촌초교 - 칠보고교.칠보중.중촌초교,2025-12-14,일,18,37
03,칠보중.칠보고교.중촌초교 - 칠보고교.칠보중.중촌초교,2025-12-14,일,19,20
03,칠보중.칠보고교.중촌초교 - 칠보고교.칠보중.중촌초교,2025-12-14,일,20,37
03,칠보중.칠보고교.중촌초교 - 칠보고교.칠보중.중촌초교,2025-12-14,일,21,36
03,칠보중.칠보고교.중촌초교 - 칠보고교.칠보중.중촌초교,2025-12-14,일,22,33
03,칠보중.칠보고교.중촌초교 - 칠보고교.칠보중.중촌초교,2025-12-14,일,23,3
03,칠보중.칠보고교.중촌초교 - 칠보고교.칠보중.중촌초교,2026-01-01,목,6,10
03,칠보중.칠보고교.중촌초교 - 칠보고교.칠보중.중촌초교,2026-01-01,목,7,6
03,칠보중.칠보고교.중촌초교 - 칠보고교.칠보중.중촌초교,2026-01-01,목,8,11
03,칠보중.칠보고교.중촌초교 - 칠보고교.칠보중.중촌초교,2026-01-01,목,9,34
03,칠보중.칠보고교.중촌초교 - 칠보고교.칠보중.중촌초교,2026-01-01,목,10,19
03,칠보중.칠보고교.중촌초교 - 칠보고교.칠보중.중촌초교,2026-01-01,목,11,11
03,칠보중.칠보고교.중촌초교 - 칠보고교.칠보중.중촌초교,2026-01-01,목,12,21
03,칠보중.칠보고교.중촌초교 - 칠보고교.칠보중.중촌초교,2026-01-01,목,13,18
03,칠보중.칠보고교.중촌초교 - 칠보고교.칠보중.중촌초교,2026-01-01,목,14,16
03,칠보중.칠보고교.중촌초교 - 칠보고교.칠보중.중촌초교,2026-01-01,목,15,21
03,칠보중.칠보고교.중촌초교 - 칠보고교.칠보중.중촌초교,2026-01-01,목,16,37
03,칠보중.칠보고교.중촌초교 - 칠보고교.칠보중.중촌초교,2026-01-01,목,17,42
03,칠보중.칠보고교.중촌초교 - 칠보고교.칠보중.중촌초교,2026-01-01,목,18,15
03,칠보중.칠보고교.중촌초교 - 칠보고교.칠보중.중촌초교,2026-01-01,목,19,28
03,칠보중.칠보고교.중촌초교 - 칠보고교.칠보중.중촌초교,2026-01-01,목,20,48
03,칠보중.칠보고교.중촌초교 - 칠보고교.칠보중.중촌초교,2026-01-01,목,21,24
03,칠보중.칠보고교.중촌초교 - 칠보고교.칠보중.중촌초교,2026-01-01,목,22,33
03,칠보중.칠보고교.중촌초교 - 칠보고교.칠보중.중촌초교,2026-01-01,목,23,10
03,칠보중.칠보고교.중촌초교 - 칠보고교.칠보중.중촌초교,2026-01-02,금,6,6
03,칠보중.칠보고교.중촌초교 - 칠보고교.칠보중.중촌초교,2026-01-02,금,7,36
03,칠보중.칠보고교.중촌초교 - 칠보고교.칠보중.중촌초교,2026-01-02,금,8,42
03,칠보중.칠보고교.중촌초교 - 칠보고교.칠보중.중촌초교,2026-01-02,금,9,17
03,칠보중.칠보고교.중촌초교 - 칠보고교.칠보중.중촌초교,2026-01-02,금,10,19
03,칠보중.칠보고교.중촌초교 - 칠보고교.칠보중.중촌초교,2026-01-02,금,11,8
03,칠보중.칠보고교.중촌초교 - 칠보고교.칠보중.중촌초교,2026-01-02,금,12,27
03,칠보중.칠보고교.중촌초교 - 칠보고교.칠보중.중촌초교,2026-01-02,금,13,26
03,칠보중.칠보고교.중촌초교 - 칠보고교.칠보중.중촌초교,2026-01-02,금,14,17
03,칠보중.칠보고교.중촌초교 - 칠보고교.칠보중.중촌초교,2026-01-02,금,15,27
03,칠보중.칠보고교.중촌초교 - 칠보고교.칠보중.중촌초교,2026-01-02,금,16,62
03,칠보중.칠보고교.중촌초교 - 칠보고교.칠보중.중촌초교,2026-01-02,금,17,56
03,칠보중.칠보고교.중촌초교 - 칠보고교.칠보중.중촌초교,2026-01-02,금,18,36
03,칠보중.칠보고교.중촌초교 - 칠보고교.칠보중.중촌초교,2026-01-02,금,19,35
03,칠보중.칠보고교.중촌초교 - 칠보고교.칠보중.중촌초교,2026-01-02,금,20,46
03,칠보중.칠보고교.중촌초교 - 칠보고교.칠보중.중촌초교,2026-01-02,금,21,49
03,칠보중.칠보고교.중촌초교 - 칠보고교.칠보중.중촌초교,2026-01-02,금,22,25
03,칠보중.칠보고교.중촌초교 - 칠보고교.칠보중.중촌초교,2026-01-02,금,23,6
03,칠보중.칠보고교.중촌초교 - 칠보고교.칠보중.중촌초교,2026-01-03,토,6,6
03,칠보중.칠보고교.중촌초교 - 칠보고교.칠보중.중촌초교,2026-01-03,토,7,12
03,칠보중.칠보고교.중촌초교 - 칠보고교.칠보중.중촌초교,2026-01-03,토,8,18
03,칠보중.칠보고교.중촌초교 - 칠보고교.칠보중.중촌초교,2026-01-03,토,9,32
03,칠보중.칠보고교.중촌초교 - 칠보고교.칠보중.중촌초교,2026-01-03,토,10,36
03,칠보중.칠보고교.중촌초교 - 칠보고교.칠보중.중촌초교,2026-01-03,토,11,30
03,칠보중.칠보고교.중촌초교 - 칠보고교.칠보중.중촌초교,2026-01-03,토,12,37
03,칠보중.칠보고교.중촌초교 - 칠보고교.칠보중.중촌초교,2026-01-03,토,13,50
03,칠보중.칠보고교.중촌초교 - 칠보고교.칠보중.중촌초교,2026-01-03,토,14,20
03,칠보중.칠보고교.중촌초교 - 칠보고교.칠보중.중촌초교,2026-01-03,토,15,28
03,칠보중.칠보고교.중촌초교 - 칠보고교.칠보중.중촌초교,2026-01-03,토,16,48
03,칠보중.칠보고교.중촌초교 - 칠보고교.칠보중.중촌초교,2026-01-03,토,17,52
03,칠보중.칠보고교.중촌초교 - 칠보고교.칠보중.중촌초교,2026-01-03,토,18,46
03,칠보중.칠보고교.중촌초교 - 칠보고교.칠보중.중촌초교,2026-01-03,토,19,34
03,칠보중.칠보고교.중촌초교 - 칠보고교.칠보중.중촌초교,2026-01-03,토,20,39
03,칠보중.칠보고교.중촌초교 - 칠보고교.칠보중.중촌초교,2026-01-03,토,21,34
03,칠보중.칠보고교.중촌초교 - 칠보고교.칠보중.중촌초교,2026-01-03,토,22,41
03,칠보중.칠보고교.중촌초교 - 칠보고교.칠보중.중촌초교,2026-01-03,토,23,8
03,칠보중.칠보고교.중촌초교 - 칠보고교.칠보중.중촌초교,2026-01-04,일,6,4
03,칠보중.칠보고교.중촌초교 - 칠보고교.칠보중.중촌초교,2026-01-04,일,7,10
03,칠보중.칠보고교.중촌초교 - 칠보고교.칠보중.중촌초교,2026-01-04,일,8,17
03,칠보중.칠보고교.중촌초교 - 칠보고교.칠보중.중촌초교,2026-01-04,일,9,19
03,칠보중.칠보고교.중촌초교 - 칠보고교.칠보중.중촌초교,2026-01-04,일,10,21
03,칠보중.칠보고교.중촌초교 - 칠보고교.칠보중.중촌초교,2026-01-04,일,11,27
03,칠보중.칠보고교.중촌초교 - 칠보고교.칠보중.중촌초교,2026-01-04,일,12,30
03,칠보중.칠보고교.중촌초교 - 칠보고교.칠보중.중촌초교,2026-01-04,일,13,34
03,칠보중.칠보고교.중촌초교 - 칠보고교.칠보중.중촌초교,2026-01-04,일,14,16
03,칠보중.칠보고교.중촌초교 - 칠보고교.칠보중.중촌초교,2026-01-04,일,15,29
03,칠보중.칠보고교.중촌초교 - 칠보고교.칠보중.중촌초교,2026-01-04,일,16,29
03,칠보중.칠보고교.중촌초교 - 칠보고교.칠보중.중촌초교,2026-01-04,일,17,31
03,칠보중.칠보고교.중촌초교 - 칠보고교.칠보중.중촌초교,2026-01-04,일,18,32
03,칠보중.칠보고교.중촌초교 - 칠보고교.칠보중.중촌초교,2026-01-04,일,19,34
03,칠보중.칠보고교.중촌초교 - 칠보고교.칠보중.중촌초교,2026-01-04,일,20,34
03,칠보중.칠보고교.중촌초교 - 칠보고교.칠보중.중촌초교,2026-01-04,일,21,34
03,칠보중.칠보고교.중촌초교 - 칠보고교.칠보중.중촌초교,2026-01-04,일,22,22
03,칠보중.칠보고교.중촌초교 - 칠보고교.칠보중.중촌초교,2026-01-04,일,23,4
03,칠보중.칠보고교.중촌초교 - 칠보고교.칠보중.중촌초교,2026-01-05,월,6,7
03,칠보중.칠보고교.중촌초교 - 칠보고교.칠보중.중촌초교,2026-01-05,월,7,39
03,칠보중.칠보고교.중촌초교 - 칠보고교.칠보중.중촌초교,2026-01-05,월,8,60
03,칠보중.칠보고교.중촌초교 - 칠보고교.칠보중.중촌초교,2026-01-05,월,9,35
03,칠보중.칠보고교.중촌초교 - 칠보고교.칠보중.중촌초교,2026-01-05,월,10,25
03,칠보중.칠보고교.중촌초교 - 칠보고교.칠보중.중촌초교,2026-01-05,월,11,8
03,칠보중.칠보고교.중촌초교 - 칠보고교.칠보중.중촌초교,2026-01-05,월,12,24
03,칠보중.칠보고교.중촌초교 - 칠보고교.칠보중.중촌초교,2026-01-05,월,13,30
03,칠보중.칠보고교.중촌초교 - 칠보고교.칠보중.중촌초교,2026-01-05,월,14,10
03,칠보중.칠보고교.중촌초교 - 칠보고교.칠보중.중촌초교,2026-01-05,월,15,37
03,칠보중.칠보고교.중촌초교 - 칠보고교.칠보중.중촌초교,2026-01-05,월,16,50
03,칠보중.칠보고교.중촌초교 - 칠보고교.칠보중.중촌초교,2026-01-05,월,17,43
03,칠보중.칠보고교.중촌초교 - 칠보고교.칠보중.중촌초교,2026-01-05,월,18,46
03,칠보중.칠보고교.중촌초교 - 칠보고교.칠보중.중촌초교,2026-01-05,월,19,45
03,칠보중.칠보고교.중촌초교 - 칠보고교.칠보중.중촌초교,2026-01-05,월,20,36
03,칠보중.칠보고교.중촌초교 - 칠보고교.칠보중.중촌초교,2026-01-05,월,21,33
03,칠보중.칠보고교.중촌초교 - 칠보고교.칠보중.중촌초교,2026-01-05,월,22,25
03,칠보중.칠보고교.중촌초교 - 칠보고교.칠보중.중촌초교,2026-01-05,월,23,5
03,칠보중.칠보고교.중촌초교 - 칠보고교.칠보중.중촌초교,2026-01-06,화,6,4
03,칠보중.칠보고교.중촌초교 - 칠보고교.칠보중.중촌초교,2026-01-06,화,7,36
03,칠보중.칠보고교.중촌초교 - 칠보고교.칠보중.중촌초교,2026-01-06,화,8,61
03,칠보중.칠보고교.중촌초교 - 칠보고교.칠보중.중촌초교,2026-01-06,화,9,30
03,칠보중.칠보고교.중촌초교 - 칠보고교.칠보중.중촌초교,2026-01-06,화,10,27
03,칠보중.칠보고교.중촌초교 - 칠보고교.칠보중.중촌초교,2026-01-06,화,11,16
03,칠보중.칠보고교.중촌초교 - 칠보고교.칠보중.중촌초교,2026-01-06,화,12,13
03,칠보중.칠보고교.중촌초교 - 칠보고교.칠보중.중촌초교,2026-01-06,화,13,20
03,칠보중.칠보고교.중촌초교 - 칠보고교.칠보중.중촌초교,2026-01-06,화,14,15
03,칠보중.칠보고교.중촌초교 - 칠보고교.칠보중.중촌초교,2026-01-06,화,15,26
03,칠보중.칠보고교.중촌초교 - 칠보고교.칠보중.중촌초교,2026-01-06,화,16,75
03,칠보중.칠보고교.중촌초교 - 칠보고교.칠보중.중촌초교,2026-01-06,화,17,36
03,칠보중.칠보고교.중촌초교 - 칠보고교.칠보중.중촌초교,2026-01-06,화,18,43
03,칠보중.칠보고교.중촌초교 - 칠보고교.칠보중.중촌초교,2026-01-06,화,19,45
03,칠보중.칠보고교.중촌초교 - 칠보고교.칠보중.중촌초교,2026-01-06,화,20,34
03,칠보중.칠보고교.중촌초교 - 칠보고교.칠보중.중촌초교,2026-01-06,화,21,34
03,칠보중.칠보고교.중촌초교 - 칠보고교.칠보중.중촌초교,2026-01-06,화,22,28
03,칠보중.칠보고교.중촌초교 - 칠보고교.칠보중.중촌초교,2026-01-06,화,23,7
03,칠보중.칠보고교.중촌초교 - 칠보고교.칠보중.중촌초교,2026-01-07,수,6,2
03,칠보중.칠보고교.중촌초교 - 칠보고교.칠보중.중촌초교,2026-01-07,수,7,38
03,칠보중.칠보고교.중촌초교 - 칠보고교.칠보중.중촌초교,2026-01-07,수,8,54
03,칠보중.칠보고교.중촌초교 - 칠보고교.칠보중.중촌초교,2026-01-07,수,9,33
03,칠보중.칠보고교.중촌초교 - 칠보고교.칠보중.중촌초교,2026-01-07,수,10,28
03,칠보중.칠보고교.중촌초교 - 칠보고교.칠보중.중촌초교,2026-01-07,수,11,10
03,칠보중.칠보고교.중촌초교 - 칠보고교.칠보중.중촌초교,2026-01-07,수,12,31
03,칠보중.칠보고교.중촌초교 - 칠보고교.칠보중.중촌초교,2026-01-07,수,13,28
03,칠보중.칠보고교.중촌초교 - 칠보고교.칠보중.중촌초교,2026-01-07,수,14,12
03,칠보중.칠보고교.중촌초교 - 칠보고교.칠보중.중촌초교,2026-01-07,수,15,43
03,칠보중.칠보고교.중촌초교 - 칠보고교.칠보중.중촌초교,2026-01-07,수,16,51
03,칠보중.칠보고교.중촌초교 - 칠보고교.칠보중.중촌초교,2026-01-07,수,17,55
03,칠보중.칠보고교.중촌초교 - 칠보고교.칠보중.중촌초교,2026-01-07,수,18,56
03,칠보중.칠보고교.중촌초교 - 칠보고교.칠보중.중촌초교,2026-01-07,수,19,57
03,칠보중.칠보고교.중촌초교 - 칠보고교.칠보중.중촌초교,2026-01-07,수,20,40
03,칠보중.칠보고교.중촌초교 - 칠보고교.칠보중.중촌초교,2026-01-07,수,21,38
03,칠보중.칠보고교.중촌초교 - 칠보고교.칠보중.중촌초교,2026-01-07,수,22,37
03,칠보중.칠보고교.중촌초교 - 칠보고교.칠보중.중촌초교,2026-01-07,수,23,8
03,칠보중.칠보고교.중촌초교 - 칠보고교.칠보중.중촌초교,2026-01-08,목,6,6
03,칠보중.칠보고교.중촌초교 - 칠보고교.칠보중.중촌초교,2026-01-08,목,7,36
03,칠보중.칠보고교.중촌초교 - 칠보고교.칠보중.중촌초교,2026-01-08,목,8,51
03,칠보중.칠보고교.중촌초교 - 칠보고교.칠보중.중촌초교,2026-01-08,목,9,33
03,칠보중.칠보고교.중촌초교 - 칠보고교.칠보중.중촌초교,2026-01-08,목,10,31
03,칠보중.칠보고교.중촌초교 - 칠보고교.칠보중.중촌초교,2026-01-08,목,11,11
03,칠보중.칠보고교.중촌초교 - 칠보고교.칠보중.중촌초교,2026-01-08,목,12,30
03,칠보중.칠보고교.중촌초교 - 칠보고교.칠보중.중촌초교,2026-01-08,목,13,27
03,칠보중.칠보고교.중촌초교 - 칠보고교.칠보중.중촌초교,2026-01-08,목,14,21
03,칠보중.칠보고교.중촌초교 - 칠보고교.칠보중.중촌초교,2026-01-08,목,15,33
03,칠보중.칠보고교.중촌초교 - 칠보고교.칠보중.중촌초교,2026-01-08,목,16,46
03,칠보중.칠보고교.중촌초교 - 칠보고교.칠보중.중촌초교,2026-01-08,목,17,41
03,칠보중.칠보고교.중촌초교 - 칠보고교.칠보중.중촌초교,2026-01-08,목,18,27
03,칠보중.칠보고교.중촌초교 - 칠보고교.칠보중.중촌초교,2026-01-08,목,19,42
03,칠보중.칠보고교.중촌초교 - 칠보고교.칠보중.중촌초교,2026-01-08,목,20,28
03,칠보중.칠보고교.중촌초교 - 칠보고교.칠보중.중촌초교,2026-01-08,목,21,32
03,칠보중.칠보고교.중촌초교 - 칠보고교.칠보중.중촌초교,2026-01-08,목,22,32
03,칠보중.칠보고교.중촌초교 - 칠보고교.칠보중.중촌초교,2026-01-08,목,23,10
03,칠보중.칠보고교.중촌초교 - 칠보고교.칠보중.중촌초교,2026-01-09,금,6,7
03,칠보중.칠보고교.중촌초교 - 칠보고교.칠보중.중촌초교,2026-01-09,금,7,46
03,칠보중.칠보고교.중촌초교 - 칠보고교.칠보중.중촌초교,2026-01-09,금,8,35
03,칠보중.칠보고교.중촌초교 - 칠보고교.칠보중.중촌초교,2026-01-09,금,9,31
03,칠보중.칠보고교.중촌초교 - 칠보고교.칠보중.중촌초교,2026-01-09,금,10,29
03,칠보중.칠보고교.중촌초교 - 칠보고교.칠보중.중촌초교,2026-01-09,금,11,10
03,칠보중.칠보고교.중촌초교 - 칠보고교.칠보중.중촌초교,2026-01-09,금,12,26
03,칠보중.칠보고교.중촌초교 - 칠보고교.칠보중.중촌초교,2026-01-09,금,13,40
03,칠보중.칠보고교.중촌초교 - 칠보고교.칠보중.중촌초교,2026-01-09,금,14,28
03,칠보중.칠보고교.중촌초교 - 칠보고교.칠보중.중촌초교,2026-01-09,금,15,36
03,칠보중.칠보고교.중촌초교 - 칠보고교.칠보중.중촌초교,2026-01-09,금,16,56
03,칠보중.칠보고교.중촌초교 - 칠보고교.칠보중.중촌초교,2026-01-09,금,17,54
03,칠보중.칠보고교.중촌초교 - 칠보고교.칠보중.중촌초교,2026-01-09,금,18,52
03,칠보중.칠보고교.중촌초교 - 칠보고교.칠보중.중촌초교,2026-01-09,금,19,43
03,칠보중.칠보고교.중촌초교 - 칠보고교.칠보중.중촌초교,2026-01-09,금,20,36
03,칠보중.칠보고교.중촌초교 - 칠보고교.칠보중.중촌초교,2026-01-09,금,21,45
03,칠보중.칠보고교.중촌초교 - 칠보고교.칠보중.중촌초교,2026-01-09,금,22,31
03,칠보중.칠보고교.중촌초교 - 칠보고교.칠보중.중촌초교,2026-01-09,금,23,6
03,칠보중.칠보고교.중촌초교 - 칠보고교.칠보중.중촌초교,2026-01-10,토,6,3
03,칠보중.칠보고교.중촌초교 - 칠보고교.칠보중.중촌초교,2026-01-10,토,7,12
03,칠보중.칠보고교.중촌초교 - 칠보고교.칠보중.중촌초교,2026-01-10,토,8,20
03,칠보중.칠보고교.중촌초교 - 칠보고교.칠보중.중촌초교,2026-01-10,토,9,33
03,칠보중.칠보고교.중촌초교 - 칠보고교.칠보중.중촌초교,2026-01-10,토,10,34
03,칠보중.칠보고교.중촌초교 - 칠보고교.칠보중.중촌초교,2026-01-10,토,11,23
03,칠보중.칠보고교.중촌초교 - 칠보고교.칠보중.중촌초교,2026-01-10,토,12,52
03,칠보중.칠보고교.중촌초교 - 칠보고교.칠보중.중촌초교,2026-01-10,토,13,43
03,칠보중.칠보고교.중촌초교 - 칠보고교.칠보중.중촌초교,2026-01-10,토,14,18
03,칠보중.칠보고교.중촌초교 - 칠보고교.칠보중.중촌초교,2026-01-10,토,15,32
03,칠보중.칠보고교.중촌초교 - 칠보고교.칠보중.중촌초교,2026-01-10,토,16,41
03,칠보중.칠보고교.중촌초교 - 칠보고교.칠보중.중촌초교,2026-01-10,토,17,43
03,칠보중.칠보고교.중촌초교 - 칠보고교.칠보중.중촌초교,2026-01-10,토,18,55
03,칠보중.칠보고교.중촌초교 - 칠보고교.칠보중.중촌초교,2026-01-10,토,19,29
03,칠보중.칠보고교.중촌초교 - 칠보고교.칠보중.중촌초교,2026-01-10,토,20,46
03,칠보중.칠보고교.중촌초교 - 칠보고교.칠보중.중촌초교,2026-01-10,토,21,47
03,칠보중.칠보고교.중촌초교 - 칠보고교.칠보중.중촌초교,2026-01-10,토,22,31
03,칠보중.칠보고교.중촌초교 - 칠보고교.칠보중.중촌초교,2026-01-10,토,23,7
03,칠보중.칠보고교.중촌초교 - 칠보고교.칠보중.중촌초교,2026-01-11,일,6,3
03,칠보중.칠보고교.중촌초교 - 칠보고교.칠보중.중촌초교,2026-01-11,일,7,4
03,칠보중.칠보고교.중촌초교 - 칠보고교.칠보중.중촌초교,2026-01-11,일,8,15
03,칠보중.칠보고교.중촌초교 - 칠보고교.칠보중.중촌초교,2026-01-11,일,9,17
03,칠보중.칠보고교.중촌초교 - 칠보고교.칠보중.중촌초교,2026-01-11,일,10,19
03,칠보중.칠보고교.중촌초교 - 칠보고교.칠보중.중촌초교,2026-01-11,일,11,20
03,칠보중.칠보고교.중촌초교 - 칠보고교.칠보중.중촌초교,2026-01-11,일,12,26
03,칠보중.칠보고교.중촌초교 - 칠보고교.칠보중.중촌초교,2026-01-11,일,13,31
03,칠보중.칠보고교.중촌초교 - 칠보고교.칠보중.중촌초교,2026-01-11,일,14,27
03,칠보중.칠보고교.중촌초교 - 칠보고교.칠보중.중촌초교,2026-01-11,일,15,24
03,칠보중.칠보고교.중촌초교 - 칠보고교.칠보중.중촌초교,2026-01-11,일,16,48
03,칠보중.칠보고교.중촌초교 - 칠보고교.칠보중.중촌초교,2026-01-11,일,17,46
03,칠보중.칠보고교.중촌초교 - 칠보고교.칠보중.중촌초교,2026-01-11,일,18,33
03,칠보중.칠보고교.중촌초교 - 칠보고교.칠보중.중촌초교,2026-01-11,일,19,49
03,칠보중.칠보고교.중촌초교 - 칠보고교.칠보중.중촌초교,2026-01-11,일,20,30
03,칠보중.칠보고교.중촌초교 - 칠보고교.칠보중.중촌초교,2026-01-11,일,21,25
03,칠보중.칠보고교.중촌초교 - 칠보고교.칠보중.중촌초교,2026-01-11,일,22,27
03,칠보중.칠보고교.중촌초교 - 칠보고교.칠보중.중촌초교,2026-01-11,일,23,8
03,칠보중.칠보고교.중촌초교 - 칠보고교.칠보중.중촌초교,2026-01-12,월,6,4
03,칠보중.칠보고교.중촌초교 - 칠보고교.칠보중.중촌초교,2026-01-12,월,7,40
03,칠보중.칠보고교.중촌초교 - 칠보고교.칠보중.중촌초교,2026-01-12,월,8,39
03,칠보중.칠보고교.중촌초교 - 칠보고교.칠보중.중촌초교,2026-01-12,월,9,32
03,칠보중.칠보고교.중촌초교 - 칠보고교.칠보중.중촌초교,2026-01-12,월,10,29
03,칠보중.칠보고교.중촌초교 - 칠보고교.칠보중.중촌초교,2026-01-12,월,11,15
03,칠보중.칠보고교.중촌초교 - 칠보고교.칠보중.중촌초교,2026-01-12,월,12,30
03,칠보중.칠보고교.중촌초교 - 칠보고교.칠보중.중촌초교,2026-01-12,월,13,48
03,칠보중.칠보고교.중촌초교 - 칠보고교.칠보중.중촌초교,2026-01-12,월,14,22
03,칠보중.칠보고교.중촌초교 - 칠보고교.칠보중.중촌초교,2026-01-12,월,15,27
03,칠보중.칠보고교.중촌초교 - 칠보고교.칠보중.중촌초교,2026-01-12,월,16,43
03,칠보중.칠보고교.중촌초교 - 칠보고교.칠보중.중촌초교,2026-01-12,월,17,46
03,칠보중.칠보고교.중촌초교 - 칠보고교.칠보중.중촌초교,2026-01-12,월,18,45
03,칠보중.칠보고교.중촌초교 - 칠보고교.칠보중.중촌초교,2026-01-12,월,19,49
03,칠보중.칠보고교.중촌초교 - 칠보고교.칠보중.중촌초교,2026-01-12,월,20,35
03,칠보중.칠보고교.중촌초교 - 칠보고교.칠보중.중촌초교,2026-01-12,월,21,44
03,칠보중.칠보고교.중촌초교 - 칠보고교.칠보중.중촌초교,2026-01-12,월,22,32
03,칠보중.칠보고교.중촌초교 - 칠보고교.칠보중.중촌초교,2026-01-12,월,23,3
03,칠보중.칠보고교.중촌초교 - 칠보고교.칠보중.중촌초교,2026-01-13,화,6,9
03,칠보중.칠보고교.중촌초교 - 칠보고교.칠보중.중촌초교,2026-01-13,화,7,44
03,칠보중.칠보고교.중촌초교 - 칠보고교.칠보중.중촌초교,2026-01-13,화,8,37
03,칠보중.칠보고교.중촌초교 - 칠보고교.칠보중.중촌초교,2026-01-13,화,9,31
03,칠보중.칠보고교.중촌초교 - 칠보고교.칠보중.중촌초교,2026-01-13,화,10,26
03,칠보중.칠보고교.중촌초교 - 칠보고교.칠보중.중촌초교,2026-01-13,화,11,18
03,칠보중.칠보고교.중촌초교 - 칠보고교.칠보중.중촌초교,2026-01-13,화,12,51
03,칠보중.칠보고교.중촌초교 - 칠보고교.칠보중.중촌초교,2026-01-13,화,13,37
03,칠보중.칠보고교.중촌초교 - 칠보고교.칠보중.중촌초교,2026-01-13,화,14,13
03,칠보중.칠보고교.중촌초교 - 칠보고교.칠보중.중촌초교,2026-01-13,화,15,42
03,칠보중.칠보고교.중촌초교 - 칠보고교.칠보중.중촌초교,2026-01-13,화,16,57
03,칠보중.칠보고교.중촌초교 - 칠보고교.칠보중.중촌초교,2026-01-13,화,17,40
03,칠보중.칠보고교.중촌초교 - 칠보고교.칠보중.중촌초교,2026-01-13,화,18,58
03,칠보중.칠보고교.중촌초교 - 칠보고교.칠보중.중촌초교,2026-01-13,화,19,41
03,칠보중.칠보고교.중촌초교 - 칠보고교.칠보중.중촌초교,2026-01-13,화,20,49
03,칠보중.칠보고교.중촌초교 - 칠보고교.칠보중.중촌초교,2026-01-13,화,21,46
03,칠보중.칠보고교.중촌초교 - 칠보고교.칠보중.중촌초교,2026-01-13,화,22,34
03,칠보중.칠보고교.중촌초교 - 칠보고교.칠보중.중촌초교,2026-01-13,화,23,6
03,칠보중.칠보고교.중촌초교 - 칠보고교.칠보중.중촌초교,2026-01-14,수,6,7
03,칠보중.칠보고교.중촌초교 - 칠보고교.칠보중.중촌초교,2026-01-14,수,7,35
03,칠보중.칠보고교.중촌초교 - 칠보고교.칠보중.중촌초교,2026-01-14,수,8,32
03,칠보중.칠보고교.중촌초교 - 칠보고교.칠보중.중촌초교,2026-01-14,수,9,30
03,칠보중.칠보고교.중촌초교 - 칠보고교.칠보중.중촌초교,2026-01-14,수,10,31
03,칠보중.칠보고교.중촌초교 - 칠보고교.칠보중.중촌초교,2026-01-14,수,11,14
03,칠보중.칠보고교.중촌초교 - 칠보고교.칠보중.중촌초교,2026-01-14,수,12,28
03,칠보중.칠보고교.중촌초교 - 칠보고교.칠보중.중촌초교,2026-01-14,수,13,31
03,칠보중.칠보고교.중촌초교 - 칠보고교.칠보중.중촌초교,2026-01-14,수,14,12
03,칠보중.칠보고교.중촌초교 - 칠보고교.칠보중.중촌초교,2026-01-14,수,15,37
03,칠보중.칠보고교.중촌초교 - 칠보고교.칠보중.중촌초교,2026-01-14,수,16,47
03,칠보중.칠보고교.중촌초교 - 칠보고교.칠보중.중촌초교,2026-01-14,수,17,35
03,칠보중.칠보고교.중촌초교 - 칠보고교.칠보중.중촌초교,2026-01-14,수,18,41
03,칠보중.칠보고교.중촌초교 - 칠보고교.칠보중.중촌초교,2026-01-14,수,19,47
03,칠보중.칠보고교.중촌초교 - 칠보고교.칠보중.중촌초교,2026-01-14,수,20,36
03,칠보중.칠보고교.중촌초교 - 칠보고교.칠보중.중촌초교,2026-01-14,수,21,42
03,칠보중.칠보고교.중촌초교 - 칠보고교.칠보중.중촌초교,2026-01-14,수,22,38
03,칠보중.칠보고교.중촌초교 - 칠보고교.칠보중.중촌초교,2026-01-14,수,23,5
03,칠보중.칠보고교.중촌초교 - 칠보고교.칠보중.중촌초교,2026-06-01,월,6,12
03,칠보중.칠보고교.중촌초교 - 칠보고교.칠보중.중촌초교,2026-06-01,월,7,53
03,칠보중.칠보고교.중촌초교 - 칠보고교.칠보중.중촌초교,2026-06-01,월,8,54
03,칠보중.칠보고교.중촌초교 - 칠보고교.칠보중.중촌초교,2026-06-01,월,9,40
03,칠보중.칠보고교.중촌초교 - 칠보고교.칠보중.중촌초교,2026-06-01,월,10,20
03,칠보중.칠보고교.중촌초교 - 칠보고교.칠보중.중촌초교,2026-06-01,월,11,22
03,칠보중.칠보고교.중촌초교 - 칠보고교.칠보중.중촌초교,2026-06-01,월,12,26
03,칠보중.칠보고교.중촌초교 - 칠보고교.칠보중.중촌초교,2026-06-01,월,13,28
03,칠보중.칠보고교.중촌초교 - 칠보고교.칠보중.중촌초교,2026-06-01,월,14,12
03,칠보중.칠보고교.중촌초교 - 칠보고교.칠보중.중촌초교,2026-06-01,월,15,24
03,칠보중.칠보고교.중촌초교 - 칠보고교.칠보중.중촌초교,2026-06-01,월,16,70
03,칠보중.칠보고교.중촌초교 - 칠보고교.칠보중.중촌초교,2026-06-01,월,17,41
03,칠보중.칠보고교.중촌초교 - 칠보고교.칠보중.중촌초교,2026-06-01,월,18,56
03,칠보중.칠보고교.중촌초교 - 칠보고교.칠보중.중촌초교,2026-06-01,월,19,47
03,칠보중.칠보고교.중촌초교 - 칠보고교.칠보중.중촌초교,2026-06-01,월,20,35
03,칠보중.칠보고교.중촌초교 - 칠보고교.칠보중.중촌초교,2026-06-01,월,21,28
03,칠보중.칠보고교.중촌초교 - 칠보고교.칠보중.중촌초교,2026-06-01,월,22,26
03,칠보중.칠보고교.중촌초교 - 칠보고교.칠보중.중촌초교,2026-06-01,월,23,4
03,칠보중.칠보고교.중촌초교 - 칠보고교.칠보중.중촌초교,2026-06-02,화,6,10
03,칠보중.칠보고교.중촌초교 - 칠보고교.칠보중.중촌초교,2026-06-02,화,7,60
03,칠보중.칠보고교.중촌초교 - 칠보고교.칠보중.중촌초교,2026-06-02,화,8,53
03,칠보중.칠보고교.중촌초교 - 칠보고교.칠보중.중촌초교,2026-06-02,화,9,24
03,칠보중.칠보고교.중촌초교 - 칠보고교.칠보중.중촌초교,2026-06-02,화,10,25
03,칠보중.칠보고교.중촌초교 - 칠보고교.칠보중.중촌초교,2026-06-02,화,11,11
03,칠보중.칠보고교.중촌초교 - 칠보고교.칠보중.중촌초교,2026-06-02,화,12,20
03,칠보중.칠보고교.중촌초교 - 칠보고교.칠보중.중촌초교,2026-06-02,화,13,37
03,칠보중.칠보고교.중촌초교 - 칠보고교.칠보중.중촌초교,2026-06-02,화,14,13
03,칠보중.칠보고교.중촌초교 - 칠보고교.칠보중.중촌초교,2026-06-02,화,15,17
03,칠보중.칠보고교.중촌초교 - 칠보고교.칠보중.중촌초교,2026-06-02,화,16,56
03,칠보중.칠보고교.중촌초교 - 칠보고교.칠보중.중촌초교,2026-06-02,화,17,43
03,칠보중.칠보고교.중촌초교 - 칠보고교.칠보중.중촌초교,2026-06-02,화,18,32
03,칠보중.칠보고교.중촌초교 - 칠보고교.칠보중.중촌초교,2026-06-02,화,19,47
03,칠보중.칠보고교.중촌초교 - 칠보고교.칠보중.중촌초교,2026-06-02,화,20,38
03,칠보중.칠보고교.중촌초교 - 칠보고교.칠보중.중촌초교,2026-06-02,화,21,35
03,칠보중.칠보고교.중촌초교 - 칠보고교.칠보중.중촌초교,2026-06-02,화,22,40
03,칠보중.칠보고교.중촌초교 - 칠보고교.칠보중.중촌초교,2026-06-02,화,23,7
03,칠보중.칠보고교.중촌초교 - 칠보고교.칠보중.중촌초교,2026-06-03,수,6,6
03,칠보중.칠보고교.중촌초교 - 칠보고교.칠보중.중촌초교,2026-06-03,수,7,14
03,칠보중.칠보고교.중촌초교 - 칠보고교.칠보중.중촌초교,2026-06-03,수,8,20
03,칠보중.칠보고교.중촌초교 - 칠보고교.칠보중.중촌초교,2026-06-03,수,9,23
03,칠보중.칠보고교.중촌초교 - 칠보고교.칠보중.중촌초교,2026-06-03,수,10,30
03,칠보중.칠보고교.중촌초교 - 칠보고교.칠보중.중촌초교,2026-06-03,수,11,19
03,칠보중.칠보고교.중촌초교 - 칠보고교.칠보중.중촌초교,2026-06-03,수,12,47
03,칠보중.칠보고교.중촌초교 - 칠보고교.칠보중.중촌초교,2026-06-03,수,13,62
03,칠보중.칠보고교.중촌초교 - 칠보고교.칠보중.중촌초교,2026-06-03,수,14,17
03,칠보중.칠보고교.중촌초교 - 칠보고교.칠보중.중촌초교,2026-06-03,수,15,30
03,칠보중.칠보고교.중촌초교 - 칠보고교.칠보중.중촌초교,2026-06-03,수,16,51
03,칠보중.칠보고교.중촌초교 - 칠보고교.칠보중.중촌초교,2026-06-03,수,17,53
03,칠보중.칠보고교.중촌초교 - 칠보고교.칠보중.중촌초교,2026-06-03,수,18,35
03,칠보중.칠보고교.중촌초교 - 칠보고교.칠보중.중촌초교,2026-06-03,수,19,35
03,칠보중.칠보고교.중촌초교 - 칠보고교.칠보중.중촌초교,2026-06-03,수,20,41
03,칠보중.칠보고교.중촌초교 - 칠보고교.칠보중.중촌초교,2026-06-03,수,21,41
03,칠보중.칠보고교.중촌초교 - 칠보고교.칠보중.중촌초교,2026-06-03,수,22,35
03,칠보중.칠보고교.중촌초교 - 칠보고교.칠보중.중촌초교,2026-06-03,수,23,3
03,칠보중.칠보고교.중촌초교 - 칠보고교.칠보중.중촌초교,2026-06-04,목,6,6
03,칠보중.칠보고교.중촌초교 - 칠보고교.칠보중.중촌초교,2026-06-04,목,7,73
03,칠보중.칠보고교.중촌초교 - 칠보고교.칠보중.중촌초교,2026-06-04,목,8,47
03,칠보중.칠보고교.중촌초교 - 칠보고교.칠보중.중촌초교,2026-06-04,목,9,33
03,칠보중.칠보고교.중촌초교 - 칠보고교.칠보중.중촌초교,2026-06-04,목,10,23
03,칠보중.칠보고교.중촌초교 - 칠보고교.칠보중.중촌초교,2026-06-04,목,11,19
03,칠보중.칠보고교.중촌초교 - 칠보고교.칠보중.중촌초교,2026-06-04,목,12,27
03,칠보중.칠보고교.중촌초교 - 칠보고교.칠보중.중촌초교,2026-06-04,목,13,30
03,칠보중.칠보고교.중촌초교 - 칠보고교.칠보중.중촌초교,2026-06-04,목,14,17
03,칠보중.칠보고교.중촌초교 - 칠보고교.칠보중.중촌초교,2026-06-04,목,15,30
03,칠보중.칠보고교.중촌초교 - 칠보고교.칠보중.중촌초교,2026-06-04,목,16,79
03,칠보중.칠보고교.중촌초교 - 칠보고교.칠보중.중촌초교,2026-06-04,목,17,40
03,칠보중.칠보고교.중촌초교 - 칠보고교.칠보중.중촌초교,2026-06-04,목,18,48
03,칠보중.칠보고교.중촌초교 - 칠보고교.칠보중.중촌초교,2026-06-04,목,19,45
03,칠보중.칠보고교.중촌초교 - 칠보고교.칠보중.중촌초교,2026-06-04,목,20,49
03,칠보중.칠보고교.중촌초교 - 칠보고교.칠보중.중촌초교,2026-06-04,목,21,38
03,칠보중.칠보고교.중촌초교 - 칠보고교.칠보중.중촌초교,2026-06-04,목,22,29
03,칠보중.칠보고교.중촌초교 - 칠보고교.칠보중.중촌초교,2026-06-04,목,23,8
03,칠보중.칠보고교.중촌초교 - 칠보고교.칠보중.중촌초교,2026-06-05,금,6,11
03,칠보중.칠보고교.중촌초교 - 칠보고교.칠보중.중촌초교,2026-06-05,금,7,54
03,칠보중.칠보고교.중촌초교 - 칠보고교.칠보중.중촌초교,2026-06-05,금,8,53
03,칠보중.칠보고교.중촌초교 - 칠보고교.칠보중.중촌초교,2026-06-05,금,9,19
03,칠보중.칠보고교.중촌초교 - 칠보고교.칠보중.중촌초교,2026-06-05,금,10,24
03,칠보중.칠보고교.중촌초교 - 칠보고교.칠보중.중촌초교,2026-06-05,금,11,21
03,칠보중.칠보고교.중촌초교 - 칠보고교.칠보중.중촌초교,2026-06-05,금,12,29
03,칠보중.칠보고교.중촌초교 - 칠보고교.칠보중.중촌초교,2026-06-05,금,13,35
03,칠보중.칠보고교.중촌초교 - 칠보고교.칠보중.중촌초교,2026-06-05,금,14,17
03,칠보중.칠보고교.중촌초교 - 칠보고교.칠보중.중촌초교,2026-06-05,금,15,43
03,칠보중.칠보고교.중촌초교 - 칠보고교.칠보중.중촌초교,2026-06-05,금,16,62
03,칠보중.칠보고교.중촌초교 - 칠보고교.칠보중.중촌초교,2026-06-05,금,17,45
03,칠보중.칠보고교.중촌초교 - 칠보고교.칠보중.중촌초교,2026-06-05,금,18,35
03,칠보중.칠보고교.중촌초교 - 칠보고교.칠보중.중촌초교,2026-06-05,금,19,48
03,칠보중.칠보고교.중촌초교 - 칠보고교.칠보중.중촌초교,2026-06-05,금,20,50
03,칠보중.칠보고교.중촌초교 - 칠보고교.칠보중.중촌초교,2026-06-05,금,21,30
03,칠보중.칠보고교.중촌초교 - 칠보고교.칠보중.중촌초교,2026-06-05,금,22,42
03,칠보중.칠보고교.중촌초교 - 칠보고교.칠보중.중촌초교,2026-06-05,금,23,6
03,칠보중.칠보고교.중촌초교 - 칠보고교.칠보중.중촌초교,2026-06-06,토,6,4
03,칠보중.칠보고교.중촌초교 - 칠보고교.칠보중.중촌초교,2026-06-06,토,7,14
03,칠보중.칠보고교.중촌초교 - 칠보고교.칠보중.중촌초교,2026-06-06,토,8,21
03,칠보중.칠보고교.중촌초교 - 칠보고교.칠보중.중촌초교,2026-06-06,토,9,29
03,칠보중.칠보고교.중촌초교 - 칠보고교.칠보중.중촌초교,2026-06-06,토,10,36
03,칠보중.칠보고교.중촌초교 - 칠보고교.칠보중.중촌초교,2026-06-06,토,11,21
03,칠보중.칠보고교.중촌초교 - 칠보고교.칠보중.중촌초교,2026-06-06,토,12,37
03,칠보중.칠보고교.중촌초교 - 칠보고교.칠보중.중촌초교,2026-06-06,토,13,50
03,칠보중.칠보고교.중촌초교 - 칠보고교.칠보중.중촌초교,2026-06-06,토,14,20
03,칠보중.칠보고교.중촌초교 - 칠보고교.칠보중.중촌초교,2026-06-06,토,15,23
03,칠보중.칠보고교.중촌초교 - 칠보고교.칠보중.중촌초교,2026-06-06,토,16,53
03,칠보중.칠보고교.중촌초교 - 칠보고교.칠보중.중촌초교,2026-06-06,토,17,38
03,칠보중.칠보고교.중촌초교 - 칠보고교.칠보중.중촌초교,2026-06-06,토,18,45
03,칠보중.칠보고교.중촌초교 - 칠보고교.칠보중.중촌초교,2026-06-06,토,19,50
03,칠보중.칠보고교.중촌초교 - 칠보고교.칠보중.중촌초교,2026-06-06,토,20,40
03,칠보중.칠보고교.중촌초교 - 칠보고교.칠보중.중촌초교,2026-06-06,토,21,38
03,칠보중.칠보고교.중촌초교 - 칠보고교.칠보중.중촌초교,2026-06-06,토,22,40
03,칠보중.칠보고교.중촌초교 - 칠보고교.칠보중.중촌초교,2026-06-06,토,23,4
03,칠보중.칠보고교.중촌초교 - 칠보고교.칠보중.중촌초교,2026-06-07,일,6,3
03,칠보중.칠보고교.중촌초교 - 칠보고교.칠보중.중촌초교,2026-06-07,일,7,8
03,칠보중.칠보고교.중촌초교 - 칠보고교.칠보중.중촌초교,2026-06-07,일,8,12
03,칠보중.칠보고교.중촌초교 - 칠보고교.칠보중.중촌초교,2026-06-07,일,9,24
03,칠보중.칠보고교.중촌초교 - 칠보고교.칠보중.중촌초교,2026-06-07,일,10,23
03,칠보중.칠보고교.중촌초교 - 칠보고교.칠보중.중촌초교,2026-06-07,일,11,20
03,칠보중.칠보고교.중촌초교 - 칠보고교.칠보중.중촌초교,2026-06-07,일,12,23
03,칠보중.칠보고교.중촌초교 - 칠보고교.칠보중.중촌초교,2026-06-07,일,13,32
03,칠보중.칠보고교.중촌초교 - 칠보고교.칠보중.중촌초교,2026-06-07,일,14,13
03,칠보중.칠보고교.중촌초교 - 칠보고교.칠보중.중촌초교,2026-06-07,일,15,29
03,칠보중.칠보고교.중촌초교 - 칠보고교.칠보중.중촌초교,2026-06-07,일,16,38
03,칠보중.칠보고교.중촌초교 - 칠보고교.칠보중.중촌초교,2026-06-07,일,17,49
03,칠보중.칠보고교.중촌초교 - 칠보고교.칠보중.중촌초교,2026-06-07,일,18,49
03,칠보중.칠보고교.중촌초교 - 칠보고교.칠보중.중촌초교,2026-06-07,일,19,24
03,칠보중.칠보고교.중촌초교 - 칠보고교.칠보중.중촌초교,2026-06-07,일,20,32
03,칠보중.칠보고교.중촌초교 - 칠보고교.칠보중.중촌초교,2026-06-07,일,21,37
03,칠보중.칠보고교.중촌초교 - 칠보고교.칠보중.중촌초교,2026-06-07,일,22,19
03,칠보중.칠보고교.중촌초교 - 칠보고교.칠보중.중촌초교,2026-06-07,일,23,9
03,칠보중.칠보고교.중촌초교 - 칠보고교.칠보중.중촌초교,2026-06-08,월,6,8
03,칠보중.칠보고교.중촌초교 - 칠보고교.칠보중.중촌초교,2026-06-08,월,7,63
03,칠보중.칠보고교.중촌초교 - 칠보고교.칠보중.중촌초교,2026-06-08,월,8,55
03,칠보중.칠보고교.중촌초교 - 칠보고교.칠보중.중촌초교,2026-06-08,월,9,22
03,칠보중.칠보고교.중촌초교 - 칠보고교.칠보중.중촌초교,2026-06-08,월,10,19
03,칠보중.칠보고교.중촌초교 - 칠보고교.칠보중.중촌초교,2026-06-08,월,11,14
03,칠보중.칠보고교.중촌초교 - 칠보고교.칠보중.중촌초교,2026-06-08,월,12,19
03,칠보중.칠보고교.중촌초교 - 칠보고교.칠보중.중촌초교,2026-06-08,월,13,32
03,칠보중.칠보고교.중촌초교 - 칠보고교.칠보중.중촌초교,2026-06-08,월,14,7
03,칠보중.칠보고교.중촌초교 - 칠보고교.칠보중.중촌초교,2026-06-08,월,15,38
03,칠보중.칠보고교.중촌초교 - 칠보고교.칠보중.중촌초교,2026-06-08,월,16,74
03,칠보중.칠보고교.중촌초교 - 칠보고교.칠보중.중촌초교,2026-06-08,월,17,41
03,칠보중.칠보고교.중촌초교 - 칠보고교.칠보중.중촌초교,2026-06-08,월,18,36
03,칠보중.칠보고교.중촌초교 - 칠보고교.칠보중.중촌초교,2026-06-08,월,19,48
03,칠보중.칠보고교.중촌초교 - 칠보고교.칠보중.중촌초교,2026-06-08,월,20,36
03,칠보중.칠보고교.중촌초교 - 칠보고교.칠보중.중촌초교,2026-06-08,월,21,42
03,칠보중.칠보고교.중촌초교 - 칠보고교.칠보중.중촌초교,2026-06-08,월,22,30
03,칠보중.칠보고교.중촌초교 - 칠보고교.칠보중.중촌초교,2026-06-08,월,23,6
03,칠보중.칠보고교.중촌초교 - 칠보고교.칠보중.중촌초교,2026-06-09,화,6,11
03,칠보중.칠보고교.중촌초교 - 칠보고교.칠보중.중촌초교,2026-06-09,화,7,60
03,칠보중.칠보고교.중촌초교 - 칠보고교.칠보중.중촌초교,2026-06-09,화,8,52
03,칠보중.칠보고교.중촌초교 - 칠보고교.칠보중.중촌초교,2026-06-09,화,9,30
03,칠보중.칠보고교.중촌초교 - 칠보고교.칠보중.중촌초교,2026-06-09,화,10,25
03,칠보중.칠보고교.중촌초교 - 칠보고교.칠보중.중촌초교,2026-06-09,화,11,10
03,칠보중.칠보고교.중촌초교 - 칠보고교.칠보중.중촌초교,2026-06-09,화,12,27
03,칠보중.칠보고교.중촌초교 - 칠보고교.칠보중.중촌초교,2026-06-09,화,13,34
03,칠보중.칠보고교.중촌초교 - 칠보고교.칠보중.중촌초교,2026-06-09,화,14,14
03,칠보중.칠보고교.중촌초교 - 칠보고교.칠보중.중촌초교,2026-06-09,화,15,21
03,칠보중.칠보고교.중촌초교 - 칠보고교.칠보중.중촌초교,2026-06-09,화,16,45
03,칠보중.칠보고교.중촌초교 - 칠보고교.칠보중.중촌초교,2026-06-09,화,17,50
03,칠보중.칠보고교.중촌초교 - 칠보고교.칠보중.중촌초교,2026-06-09,화,18,41
03,칠보중.칠보고교.중촌초교 - 칠보고교.칠보중.중촌초교,2026-06-09,화,19,38
03,칠보중.칠보고교.중촌초교 - 칠보고교.칠보중.중촌초교,2026-06-09,화,20,43
03,칠보중.칠보고교.중촌초교 - 칠보고교.칠보중.중촌초교,2026-06-09,화,21,41
03,칠보중.칠보고교.중촌초교 - 칠보고교.칠보중.중촌초교,2026-06-09,화,22,32
03,칠보중.칠보고교.중촌초교 - 칠보고교.칠보중.중촌초교,2026-06-09,화,23,6
03,칠보중.칠보고교.중촌초교 - 칠보고교.칠보중.중촌초교,2026-06-10,수,6,13
03,칠보중.칠보고교.중촌초교 - 칠보고교.칠보중.중촌초교,2026-06-10,수,7,64
03,칠보중.칠보고교.중촌초교 - 칠보고교.칠보중.중촌초교,2026-06-10,수,8,39
03,칠보중.칠보고교.중촌초교 - 칠보고교.칠보중.중촌초교,2026-06-10,수,9,37
03,칠보중.칠보고교.중촌초교 - 칠보고교.칠보중.중촌초교,2026-06-10,수,10,31
03,칠보중.칠보고교.중촌초교 - 칠보고교.칠보중.중촌초교,2026-06-10,수,11,15
03,칠보중.칠보고교.중촌초교 - 칠보고교.칠보중.중촌초교,2026-06-10,수,12,23
03,칠보중.칠보고교.중촌초교 - 칠보고교.칠보중.중촌초교,2026-06-10,수,13,22
03,칠보중.칠보고교.중촌초교 - 칠보고교.칠보중.중촌초교,2026-06-10,수,14,16
03,칠보중.칠보고교.중촌초교 - 칠보고교.칠보중.중촌초교,2026-06-10,수,15,33
03,칠보중.칠보고교.중촌초교 - 칠보고교.칠보중.중촌초교,2026-06-10,수,16,56
03,칠보중.칠보고교.중촌초교 - 칠보고교.칠보중.중촌초교,2026-06-10,수,17,42
03,칠보중.칠보고교.중촌초교 - 칠보고교.칠보중.중촌초교,2026-06-10,수,18,43
03,칠보중.칠보고교.중촌초교 - 칠보고교.칠보중.중촌초교,2026-06-10,수,19,33
03,칠보중.칠보고교.중촌초교 - 칠보고교.칠보중.중촌초교,2026-06-10,수,20,45
03,칠보중.칠보고교.중촌초교 - 칠보고교.칠보중.중촌초교,2026-06-10,수,21,43
03,칠보중.칠보고교.중촌초교 - 칠보고교.칠보중.중촌초교,2026-06-10,수,22,43
03,칠보중.칠보고교.중촌초교 - 칠보고교.칠보중.중촌초교,2026-06-10,수,23,6
03,칠보중.칠보고교.중촌초교 - 칠보고교.칠보중.중촌초교,2026-06-11,목,6,12
03,칠보중.칠보고교.중촌초교 - 칠보고교.칠보중.중촌초교,2026-06-11,목,7,60
03,칠보중.칠보고교.중촌초교 - 칠보고교.칠보중.중촌초교,2026-06-11,목,8,49
03,칠보중.칠보고교.중촌초교 - 칠보고교.칠보중.중촌초교,2026-06-11,목,9,30
03,칠보중.칠보고교.중촌초교 - 칠보고교.칠보중.중촌초교,2026-06-11,목,10,23
03,칠보중.칠보고교.중촌초교 - 칠보고교.칠보중.중촌초교,2026-06-11,목,11,12
03,칠보중.칠보고교.중촌초교 - 칠보고교.칠보중.중촌초교,2026-06-11,목,12,31
03,칠보중.칠보고교.중촌초교 - 칠보고교.칠보중.중촌초교,2026-06-11,목,13,29
03,칠보중.칠보고교.중촌초교 - 칠보고교.칠보중.중촌초교,2026-06-11,목,14,17
03,칠보중.칠보고교.중촌초교 - 칠보고교.칠보중.중촌초교,2026-06-11,목,15,23
03,칠보중.칠보고교.중촌초교 - 칠보고교.칠보중.중촌초교,2026-06-11,목,16,74
03,칠보중.칠보고교.중촌초교 - 칠보고교.칠보중.중촌초교,2026-06-11,목,17,48
03,칠보중.칠보고교.중촌초교 - 칠보고교.칠보중.중촌초교,2026-06-11,목,18,40
03,칠보중.칠보고교.중촌초교 - 칠보고교.칠보중.중촌초교,2026-06-11,목,19,39
03,칠보중.칠보고교.중촌초교 - 칠보고교.칠보중.중촌초교,2026-06-11,목,20,50
03,칠보중.칠보고교.중촌초교 - 칠보고교.칠보중.중촌초교,2026-06-11,목,21,47
03,칠보중.칠보고교.중촌초교 - 칠보고교.칠보중.중촌초교,2026-06-11,목,22,23
03,칠보중.칠보고교.중촌초교 - 칠보고교.칠보중.중촌초교,2026-06-11,목,23,5
03,칠보중.칠보고교.중촌초교 - 칠보고교.칠보중.중촌초교,2026-06-12,금,6,9
03,칠보중.칠보고교.중촌초교 - 칠보고교.칠보중.중촌초교,2026-06-12,금,7,69
03,칠보중.칠보고교.중촌초교 - 칠보고교.칠보중.중촌초교,2026-06-12,금,8,59
03,칠보중.칠보고교.중촌초교 - 칠보고교.칠보중.중촌초교,2026-06-12,금,9,34
03,칠보중.칠보고교.중촌초교 - 칠보고교.칠보중.중촌초교,2026-06-12,금,10,28
03,칠보중.칠보고교.중촌초교 - 칠보고교.칠보중.중촌초교,2026-06-12,금,11,13
03,칠보중.칠보고교.중촌초교 - 칠보고교.칠보중.중촌초교,2026-06-12,금,12,34
03,칠보중.칠보고교.중촌초교 - 칠보고교.칠보중.중촌초교,2026-06-12,금,13,29
03,칠보중.칠보고교.중촌초교 - 칠보고교.칠보중.중촌초교,2026-06-12,금,14,14
03,칠보중.칠보고교.중촌초교 - 칠보고교.칠보중.중촌초교,2026-06-12,금,15,42
03,칠보중.칠보고교.중촌초교 - 칠보고교.칠보중.중촌초교,2026-06-12,금,16,52
03,칠보중.칠보고교.중촌초교 - 칠보고교.칠보중.중촌초교,2026-06-12,금,17,47
03,칠보중.칠보고교.중촌초교 - 칠보고교.칠보중.중촌초교,2026-06-12,금,18,36
03,칠보중.칠보고교.중촌초교 - 칠보고교.칠보중.중촌초교,2026-06-12,금,19,41
03,칠보중.칠보고교.중촌초교 - 칠보고교.칠보중.중촌초교,2026-06-12,금,20,48
03,칠보중.칠보고교.중촌초교 - 칠보고교.칠보중.중촌초교,2026-06-12,금,21,40
03,칠보중.칠보고교.중촌초교 - 칠보고교.칠보중.중촌초교,2026-06-12,금,22,39
03,칠보중.칠보고교.중촌초교 - 칠보고교.칠보중.중촌초교,2026-06-12,금,23,12
03,칠보중.칠보고교.중촌초교 - 칠보고교.칠보중.중촌초교,2026-06-13,토,6,3
03,칠보중.칠보고교.중촌초교 - 칠보고교.칠보중.중촌초교,2026-06-13,토,7,20
03,칠보중.칠보고교.중촌초교 - 칠보고교.칠보중.중촌초교,2026-06-13,토,8,28
03,칠보중.칠보고교.중촌초교 - 칠보고교.칠보중.중촌초교,2026-06-13,토,9,56
03,칠보중.칠보고교.중촌초교 - 칠보고교.칠보중.중촌초교,2026-06-13,토,10,43
03,칠보중.칠보고교.중촌초교 - 칠보고교.칠보중.중촌초교,2026-06-13,토,11,25
03,칠보중.칠보고교.중촌초교 - 칠보고교.칠보중.중촌초교,2026-06-13,토,12,45
03,칠보중.칠보고교.중촌초교 - 칠보고교.칠보중.중촌초교,2026-06-13,토,13,60
03,칠보중.칠보고교.중촌초교 - 칠보고교.칠보중.중촌초교,2026-06-13,토,14,25
03,칠보중.칠보고교.중촌초교 - 칠보고교.칠보중.중촌초교,2026-06-13,토,15,36
03,칠보중.칠보고교.중촌초교 - 칠보고교.칠보중.중촌초교,2026-06-13,토,16,62
03,칠보중.칠보고교.중촌초교 - 칠보고교.칠보중.중촌초교,2026-06-13,토,17,42
03,칠보중.칠보고교.중촌초교 - 칠보고교.칠보중.중촌초교,2026-06-13,토,18,36
03,칠보중.칠보고교.중촌초교 - 칠보고교.칠보중.중촌초교,2026-06-13,토,19,32
03,칠보중.칠보고교.중촌초교 - 칠보고교.칠보중.중촌초교,2026-06-13,토,20,37
03,칠보중.칠보고교.중촌초교 - 칠보고교.칠보중.중촌초교,2026-06-13,토,21,38
03,칠보중.칠보고교.중촌초교 - 칠보고교.칠보중.중촌초교,2026-06-13,토,22,41
03,칠보중.칠보고교.중촌초교 - 칠보고교.칠보중.중촌초교,2026-06-13,토,23,8
03,칠보중.칠보고교.중촌초교 - 칠보고교.칠보중.중촌초교,2026-06-14,일,6,3
03,칠보중.칠보고교.중촌초교 - 칠보고교.칠보중.중촌초교,2026-06-14,일,7,7
03,칠보중.칠보고교.중촌초교 - 칠보고교.칠보중.중촌초교,2026-06-14,일,8,8
03,칠보중.칠보고교.중촌초교 - 칠보고교.칠보중.중촌초교,2026-06-14,일,9,28
03,칠보중.칠보고교.중촌초교 - 칠보고교.칠보중.중촌초교,2026-06-14,일,10,30
03,칠보중.칠보고교.중촌초교 - 칠보고교.칠보중.중촌초교,2026-06-14,일,11,23
03,칠보중.칠보고교.중촌초교 - 칠보고교.칠보중.중촌초교,2026-06-14,일,12,35
03,칠보중.칠보고교.중촌초교 - 칠보고교.칠보중.중촌초교,2026-06-14,일,13,46
03,칠보중.칠보고교.중촌초교 - 칠보고교.칠보중.중촌초교,2026-06-14,일,14,24
03,칠보중.칠보고교.중촌초교 - 칠보고교.칠보중.중촌초교,2026-06-14,일,15,20
03,칠보중.칠보고교.중촌초교 - 칠보고교.칠보중.중촌초교,2026-06-14,일,16,41
03,칠보중.칠보고교.중촌초교 - 칠보고교.칠보중.중촌초교,2026-06-14,일,17,41
03,칠보중.칠보고교.중촌초교 - 칠보고교.칠보중.중촌초교,2026-06-14,일,18,51
03,칠보중.칠보고교.중촌초교 - 칠보고교.칠보중.중촌초교,2026-06-14,일,19,28
03,칠보중.칠보고교.중촌초교 - 칠보고교.칠보중.중촌초교,2026-06-14,일,20,28
03,칠보중.칠보고교.중촌초교 - 칠보고교.칠보중.중촌초교,2026-06-14,일,21,27
03,칠보중.칠보고교.중촌초교 - 칠보고교.칠보중.중촌초교,2026-06-14,일,22,25
03,칠보중.칠보고교.중촌초교 - 칠보고교.칠보중.중촌초교,2026-06-14,일,23,1
03,칠보중.칠보고교.중촌초교 - 칠보고교.칠보중.중촌초교,2026-08-01,토,6,6
03,칠보중.칠보고교.중촌초교 - 칠보고교.칠보중.중촌초교,2026-08-01,토,7,21
03,칠보중.칠보고교.중촌초교 - 칠보고교.칠보중.중촌초교,2026-08-01,토,8,19
03,칠보중.칠보고교.중촌초교 - 칠보고교.칠보중.중촌초교,2026-08-01,토,9,37
03,칠보중.칠보고교.중촌초교 - 칠보고교.칠보중.중촌초교,2026-08-01,토,10,38
03,칠보중.칠보고교.중촌초교 - 칠보고교.칠보중.중촌초교,2026-08-01,토,11,17
03,칠보중.칠보고교.중촌초교 - 칠보고교.칠보중.중촌초교,2026-08-01,토,12,49
03,칠보중.칠보고교.중촌초교 - 칠보고교.칠보중.중촌초교,2026-08-01,토,13,39
03,칠보중.칠보고교.중촌초교 - 칠보고교.칠보중.중촌초교,2026-08-01,토,14,17
03,칠보중.칠보고교.중촌초교 - 칠보고교.칠보중.중촌초교,2026-08-01,토,15,29
03,칠보중.칠보고교.중촌초교 - 칠보고교.칠보중.중촌초교,2026-08-01,토,16,42
03,칠보중.칠보고교.중촌초교 - 칠보고교.칠보중.중촌초교,2026-08-01,토,17,37
03,칠보중.칠보고교.중촌초교 - 칠보고교.칠보중.중촌초교,2026-08-01,토,18,31
03,칠보중.칠보고교.중촌초교 - 칠보고교.칠보중.중촌초교,2026-08-01,토,19,53
03,칠보중.칠보고교.중촌초교 - 칠보고교.칠보중.중촌초교,2026-08-01,토,20,43
03,칠보중.칠보고교.중촌초교 - 칠보고교.칠보중.중촌초교,2026-08-01,토,21,35
03,칠보중.칠보고교.중촌초교 - 칠보고교.칠보중.중촌초교,2026-08-01,토,22,30
03,칠보중.칠보고교.중촌초교 - 칠보고교.칠보중.중촌초교,2026-08-01,토,23,8
03,칠보중.칠보고교.중촌초교 - 칠보고교.칠보중.중촌초교,2026-08-02,일,6,5
03,칠보중.칠보고교.중촌초교 - 칠보고교.칠보중.중촌초교,2026-08-02,일,7,5
03,칠보중.칠보고교.중촌초교 - 칠보고교.칠보중.중촌초교,2026-08-02,일,8,25
03,칠보중.칠보고교.중촌초교 - 칠보고교.칠보중.중촌초교,2026-08-02,일,9,18
03,칠보중.칠보고교.중촌초교 - 칠보고교.칠보중.중촌초교,2026-08-02,일,10,22
03,칠보중.칠보고교.중촌초교 - 칠보고교.칠보중.중촌초교,2026-08-02,일,11,19
03,칠보중.칠보고교.중촌초교 - 칠보고교.칠보중.중촌초교,2026-08-02,일,12,26
03,칠보중.칠보고교.중촌초교 - 칠보고교.칠보중.중촌초교,2026-08-02,일,13,23
03,칠보중.칠보고교.중촌초교 - 칠보고교.칠보중.중촌초교,2026-08-02,일,14,20
03,칠보중.칠보고교.중촌초교 - 칠보고교.칠보중.중촌초교,2026-08-02,일,15,25
03,칠보중.칠보고교.중촌초교 - 칠보고교.칠보중.중촌초교,2026-08-02,일,16,32
03,칠보중.칠보고교.중촌초교 - 칠보고교.칠보중.중촌초교,2026-08-02,일,17,43
03,칠보중.칠보고교.중촌초교 - 칠보고교.칠보중.중촌초교,2026-08-02,일,18,21
03,칠보중.칠보고교.중촌초교 - 칠보고교.칠보중.중촌초교,2026-08-02,일,19,24
03,칠보중.칠보고교.중촌초교 - 칠보고교.칠보중.중촌초교,2026-08-02,일,20,41
03,칠보중.칠보고교.중촌초교 - 칠보고교.칠보중.중촌초교,2026-08-02,일,21,47
03,칠보중.칠보고교.중촌초교 - 칠보고교.칠보중.중촌초교,2026-08-02,일,22,39
03,칠보중.칠보고교.중촌초교 - 칠보고교.칠보중.중촌초교,2026-08-02,일,23,7
03,칠보중.칠보고교.중촌초교 - 칠보고교.칠보중.중촌초교,2026-08-03,월,6,12
03,칠보중.칠보고교.중촌초교 - 칠보고교.칠보중.중촌초교,2026-08-03,월,7,45
03,칠보중.칠보고교.중촌초교 - 칠보고교.칠보중.중촌초교,2026-08-03,월,8,43
03,칠보중.칠보고교.중촌초교 - 칠보고교.칠보중.중촌초교,2026-08-03,월,9,33
03,칠보중.칠보고교.중촌초교 - 칠보고교.칠보중.중촌초교,2026-08-03,월,10,23
03,칠보중.칠보고교.중촌초교 - 칠보고교.칠보중.중촌초교,2026-08-03,월,11,25
03,칠보중.칠보고교.중촌초교 - 칠보고교.칠보중.중촌초교,2026-08-03,월,12,38
03,칠보중.칠보고교.중촌초교 - 칠보고교.칠보중.중촌초교,2026-08-03,월,13,31
03,칠보중.칠보고교.중촌초교 - 칠보고교.칠보중.중촌초교,2026-08-03,월,14,19
03,칠보중.칠보고교.중촌초교 - 칠보고교.칠보중.중촌초교,2026-08-03,월,15,32
03,칠보중.칠보고교.중촌초교 - 칠보고교.칠보중.중촌초교,2026-08-03,월,16,53
03,칠보중.칠보고교.중촌초교 - 칠보고교.칠보중.중촌초교,2026-08-03,월,17,47
03,칠보중.칠보고교.중촌초교 - 칠보고교.칠보중.중촌초교,2026-08-03,월,18,43
03,칠보중.칠보고교.중촌초교 - 칠보고교.칠보중.중촌초교,2026-08-03,월,19,49
03,칠보중.칠보고교.중촌초교 - 칠보고교.칠보중.중촌초교,2026-08-03,월,20,49
03,칠보중.칠보고교.중촌초교 - 칠보고교.칠보중.중촌초교,2026-08-03,월,21,34
03,칠보중.칠보고교.중촌초교 - 칠보고교.칠보중.중촌초교,2026-08-03,월,22,33
03,칠보중.칠보고교.중촌초교 - 칠보고교.칠보중.중촌초교,2026-08-03,월,23,8
03,칠보중.칠보고교.중촌초교 - 칠보고교.칠보중.중촌초교,2026-08-04,화,6,11
03,칠보중.칠보고교.중촌초교 - 칠보고교.칠보중.중촌초교,2026-08-04,화,7,40
03,칠보중.칠보고교.중촌초교 - 칠보고교.칠보중.중촌초교,2026-08-04,화,8,35
03,칠보중.칠보고교.중촌초교 - 칠보고교.칠보중.중촌초교,2026-08-04,화,9,49
03,칠보중.칠보고교.중촌초교 - 칠보고교.칠보중.중촌초교,2026-08-04,화,10,25
03,칠보중.칠보고교.중촌초교 - 칠보고교.칠보중.중촌초교,2026-08-04,화,11,23
03,칠보중.칠보고교.중촌초교 - 칠보고교.칠보중.중촌초교,2026-08-04,화,12,21
03,칠보중.칠보고교.중촌초교 - 칠보고교.칠보중.중촌초교,2026-08-04,화,13,42
03,칠보중.칠보고교.중촌초교 - 칠보고교.칠보중.중촌초교,2026-08-04,화,14,22
03,칠보중.칠보고교.중촌초교 - 칠보고교.칠보중.중촌초교,2026-08-04,화,15,30
03,칠보중.칠보고교.중촌초교 - 칠보고교.칠보중.중촌초교,2026-08-04,화,16,49
03,칠보중.칠보고교.중촌초교 - 칠보고교.칠보중.중촌초교,2026-08-04,화,17,52
03,칠보중.칠보고교.중촌초교 - 칠보고교.칠보중.중촌초교,2026-08-04,화,18,50
03,칠보중.칠보고교.중촌초교 - 칠보고교.칠보중.중촌초교,2026-08-04,화,19,51
03,칠보중.칠보고교.중촌초교 - 칠보고교.칠보중.중촌초교,2026-08-04,화,20,37
03,칠보중.칠보고교.중촌초교 - 칠보고교.칠보중.중촌초교,2026-08-04,화,21,37
03,칠보중.칠보고교.중촌초교 - 칠보고교.칠보중.중촌초교,2026-08-04,화,22,42
03,칠보중.칠보고교.중촌초교 - 칠보고교.칠보중.중촌초교,2026-08-04,화,23,4
03,칠보중.칠보고교.중촌초교 - 칠보고교.칠보중.중촌초교,2026-08-05,수,6,14
03,칠보중.칠보고교.중촌초교 - 칠보고교.칠보중.중촌초교,2026-08-05,수,7,40
03,칠보중.칠보고교.중촌초교 - 칠보고교.칠보중.중촌초교,2026-08-05,수,8,29
03,칠보중.칠보고교.중촌초교 - 칠보고교.칠보중.중촌초교,2026-08-05,수,9,35
03,칠보중.칠보고교.중촌초교 - 칠보고교.칠보중.중촌초교,2026-08-05,수,10,25
03,칠보중.칠보고교.중촌초교 - 칠보고교.칠보중.중촌초교,2026-08-05,수,11,19
03,칠보중.칠보고교.중촌초교 - 칠보고교.칠보중.중촌초교,2026-08-05,수,12,29
03,칠보중.칠보고교.중촌초교 - 칠보고교.칠보중.중촌초교,2026-08-05,수,13,39
03,칠보중.칠보고교.중촌초교 - 칠보고교.칠보중.중촌초교,2026-08-05,수,14,13
03,칠보중.칠보고교.중촌초교 - 칠보고교.칠보중.중촌초교,2026-08-05,수,15,39
03,칠보중.칠보고교.중촌초교 - 칠보고교.칠보중.중촌초교,2026-08-05,수,16,56
03,칠보중.칠보고교.중촌초교 - 칠보고교.칠보중.중촌초교,2026-08-05,수,17,45
03,칠보중.칠보고교.중촌초교 - 칠보고교.칠보중.중촌초교,2026-08-05,수,18,33
03,칠보중.칠보고교.중촌초교 - 칠보고교.칠보중.중촌초교,2026-08-05,수,19,57
03,칠보중.칠보고교.중촌초교 - 칠보고교.칠보중.중촌초교,2026-08-05,수,20,36
03,칠보중.칠보고교.중촌초교 - 칠보고교.칠보중.중촌초교,2026-08-05,수,21,44
03,칠보중.칠보고교.중촌초교 - 칠보고교.칠보중.중촌초교,2026-08-05,수,22,51
03,칠보중.칠보고교.중촌초교 - 칠보고교.칠보중.중촌초교,2026-08-05,수,23,4
03,칠보중.칠보고교.중촌초교 - 칠보고교.칠보중.중촌초교,2026-08-06,목,6,11
03,칠보중.칠보고교.중촌초교 - 칠보고교.칠보중.중촌초교,2026-08-06,목,7,45
03,칠보중.칠보고교.중촌초교 - 칠보고교.칠보중.중촌초교,2026-08-06,목,8,41
03,칠보중.칠보고교.중촌초교 - 칠보고교.칠보중.중촌초교,2026-08-06,목,9,41
03,칠보중.칠보고교.중촌초교 - 칠보고교.칠보중.중촌초교,2026-08-06,목,10,27
03,칠보중.칠보고교.중촌초교 - 칠보고교.칠보중.중촌초교,2026-08-06,목,11,13
03,칠보중.칠보고교.중촌초교 - 칠보고교.칠보중.중촌초교,2026-08-06,목,12,31
03,칠보중.칠보고교.중촌초교 - 칠보고교.칠보중.중촌초교,2026-08-06,목,13,35
03,칠보중.칠보고교.중촌초교 - 칠보고교.칠보중.중촌초교,2026-08-06,목,14,21
03,칠보중.칠보고교.중촌초교 - 칠보고교.칠보중.중촌초교,2026-08-06,목,15,36
03,칠보중.칠보고교.중촌초교 - 칠보고교.칠보중.중촌초교,2026-08-06,목,16,57
03,칠보중.칠보고교.중촌초교 - 칠보고교.칠보중.중촌초교,2026-08-06,목,17,56
03,칠보중.칠보고교.중촌초교 - 칠보고교.칠보중.중촌초교,2026-08-06,목,18,49
03,칠보중.칠보고교.중촌초교 - 칠보고교.칠보중.중촌초교,2026-08-06,목,19,52
03,칠보중.칠보고교.중촌초교 - 칠보고교.칠보중.중촌초교,2026-08-06,목,20,45
03,칠보중.칠보고교.중촌초교 - 칠보고교.칠보중.중촌초교,2026-08-06,목,21,36
03,칠보중.칠보고교.중촌초교 - 칠보고교.칠보중.중촌초교,2026-08-06,목,22,42
03,칠보중.칠보고교.중촌초교 - 칠보고교.칠보중.중촌초교,2026-08-06,목,23,6
03,칠보중.칠보고교.중촌초교 - 칠보고교.칠보중.중촌초교,2026-08-07,금,6,9
03,칠보중.칠보고교.중촌초교 - 칠보고교.칠보중.중촌초교,2026-08-07,금,7,47
03,칠보중.칠보고교.중촌초교 - 칠보고교.칠보중.중촌초교,2026-08-07,금,8,41
03,칠보중.칠보고교.중촌초교 - 칠보고교.칠보중.중촌초교,2026-08-07,금,9,38
03,칠보중.칠보고교.중촌초교 - 칠보고교.칠보중.중촌초교,2026-08-07,금,10,34
03,칠보중.칠보고교.중촌초교 - 칠보고교.칠보중.중촌초교,2026-08-07,금,11,19
03,칠보중.칠보고교.중촌초교 - 칠보고교.칠보중.중촌초교,2026-08-07,금,12,34
03,칠보중.칠보고교.중촌초교 - 칠보고교.칠보중.중촌초교,2026-08-07,금,13,37
03,칠보중.칠보고교.중촌초교 - 칠보고교.칠보중.중촌초교,2026-08-07,금,14,25
03,칠보중.칠보고교.중촌초교 - 칠보고교.칠보중.중촌초교,2026-08-07,금,15,32
03,칠보중.칠보고교.중촌초교 - 칠보고교.칠보중.중촌초교,2026-08-07,금,16,56
03,칠보중.칠보고교.중촌초교 - 칠보고교.칠보중.중촌초교,2026-08-07,금,17,48
03,칠보중.칠보고교.중촌초교 - 칠보고교.칠보중.중촌초교,2026-08-07,금,18,52
03,칠보중.칠보고교.중촌초교 - 칠보고교.칠보중.중촌초교,2026-08-07,금,19,48
03,칠보중.칠보고교.중촌초교 - 칠보고교.칠보중.중촌초교,2026-08-07,금,20,41
03,칠보중.칠보고교.중촌초교 - 칠보고교.칠보중.중촌초교,2026-08-07,금,21,45
03,칠보중.칠보고교.중촌초교 - 칠보고교.칠보중.중촌초교,2026-08-07,금,22,49
03,칠보중.칠보고교.중촌초교 - 칠보고교.칠보중.중촌초교,2026-08-07,금,23,7
03,칠보중.칠보고교.중촌초교 - 칠보고교.칠보중.중촌초교,2026-08-08,토,6,7
03,칠보중.칠보고교.중촌초교 - 칠보고교.칠보중.중촌초교,2026-08-08,토,7,17
03,칠보중.칠보고교.중촌초교 - 칠보고교.칠보중.중촌초교,2026-08-08,토,8,33
03,칠보중.칠보고교.중촌초교 - 칠보고교.칠보중.중촌초교,2026-08-08,토,9,48
03,칠보중.칠보고교.중촌초교 - 칠보고교.칠보중.중촌초교,2026-08-08,토,10,30
03,칠보중.칠보고교.중촌초교 - 칠보고교.칠보중.중촌초교,2026-08-08,토,11,34
03,칠보중.칠보고교.중촌초교 - 칠보고교.칠보중.중촌초교,2026-08-08,토,12,48
03,칠보중.칠보고교.중촌초교 - 칠보고교.칠보중.중촌초교,2026-08-08,토,13,42
03,칠보중.칠보고교.중촌초교 - 칠보고교.칠보중.중촌초교,2026-08-08,토,14,15
03,칠보중.칠보고교.중촌초교 - 칠보고교.칠보중.중촌초교,2026-08-08,토,15,33
03,칠보중.칠보고교.중촌초교 - 칠보고교.칠보중.중촌초교,2026-08-08,토,16,44
03,칠보중.칠보고교.중촌초교 - 칠보고교.칠보중.중촌초교,2026-08-08,토,17,45
03,칠보중.칠보고교.중촌초교 - 칠보고교.칠보중.중촌초교,2026-08-08,토,18,34
03,칠보중.칠보고교.중촌초교 - 칠보고교.칠보중.중촌초교,2026-08-08,토,19,42
03,칠보중.칠보고교.중촌초교 - 칠보고교.칠보중.중촌초교,2026-08-08,토,20,38
03,칠보중.칠보고교.중촌초교 - 칠보고교.칠보중.중촌초교,2026-08-08,토,21,60
03,칠보중.칠보고교.중촌초교 - 칠보고교.칠보중.중촌초교,2026-08-08,토,22,25
03,칠보중.칠보고교.중촌초교 - 칠보고교.칠보중.중촌초교,2026-08-08,토,23,6
03,칠보중.칠보고교.중촌초교 - 칠보고교.칠보중.중촌초교,2026-08-09,일,6,2
03,칠보중.칠보고교.중촌초교 - 칠보고교.칠보중.중촌초교,2026-08-09,일,7,11
03,칠보중.칠보고교.중촌초교 - 칠보고교.칠보중.중촌초교,2026-08-09,일,8,17
03,칠보중.칠보고교.중촌초교 - 칠보고교.칠보중.중촌초교,2026-08-09,일,9,13
03,칠보중.칠보고교.중촌초교 - 칠보고교.칠보중.중촌초교,2026-08-09,일,10,24
03,칠보중.칠보고교.중촌초교 - 칠보고교.칠보중.중촌초교,2026-08-09,일,11,14
03,칠보중.칠보고교.중촌초교 - 칠보고교.칠보중.중촌초교,2026-08-09,일,12,27
03,칠보중.칠보고교.중촌초교 - 칠보고교.칠보중.중촌초교,2026-08-09,일,13,58
03,칠보중.칠보고교.중촌초교 - 칠보고교.칠보중.중촌초교,2026-08-09,일,14,19
03,칠보중.칠보고교.중촌초교 - 칠보고교.칠보중.중촌초교,2026-08-09,일,15,27
03,칠보중.칠보고교.중촌초교 - 칠보고교.칠보중.중촌초교,2026-08-09,일,16,45
03,칠보중.칠보고교.중촌초교 - 칠보고교.칠보중.중촌초교,2026-08-09,일,17,38
03,칠보중.칠보고교.중촌초교 - 칠보고교.칠보중.중촌초교,2026-08-09,일,18,39
03,칠보중.칠보고교.중촌초교 - 칠보고교.칠보중.중촌초교,2026-08-09,일,19,37
03,칠보중.칠보고교.중촌초교 - 칠보고교.칠보중.중촌초교,2026-08-09,일,20,39
03,칠보중.칠보고교.중촌초교 - 칠보고교.칠보중.중촌초교,2026-08-09,일,21,40
03,칠보중.칠보고교.중촌초교 - 칠보고교.칠보중.중촌초교,2026-08-09,일,22,30
03,칠보중.칠보고교.중촌초교 - 칠보고교.칠보중.중촌초교,2026-08-09,일,23,8
03,칠보중.칠보고교.중촌초교 - 칠보고교.칠보중.중촌초교,2026-08-10,월,6,9
03,칠보중.칠보고교.중촌초교 - 칠보고교.칠보중.중촌초교,2026-08-10,월,7,47
03,칠보중.칠보고교.중촌초교 - 칠보고교.칠보중.중촌초교,2026-08-10,월,8,37
03,칠보중.칠보고교.중촌초교 - 칠보고교.칠보중.중촌초교,2026-08-10,월,9,29
03,칠보중.칠보고교.중촌초교 - 칠보고교.칠보중.중촌초교,2026-08-10,월,10,28
03,칠보중.칠보고교.중촌초교 - 칠보고교.칠보중.중촌초교,2026-08-10,월,11,18
03,칠보중.칠보고교.중촌초교 - 칠보고교.칠보중.중촌초교,2026-08-10,월,12,19
03,칠보중.칠보고교.중촌초교 - 칠보고교.칠보중.중촌초교,2026-08-10,월,13,45
03,칠보중.칠보고교.중촌초교 - 칠보고교.칠보중.중촌초교,2026-08-10,월,14,23
03,칠보중.칠보고교.중촌초교 - 칠보고교.칠보중.중촌초교,2026-08-10,월,15,30
03,칠보중.칠보고교.중촌초교 - 칠보고교.칠보중.중촌초교,2026-08-10,월,16,62
03,칠보중.칠보고교.중촌초교 - 칠보고교.칠보중.중촌초교,2026-08-10,월,17,43
03,칠보중.칠보고교.중촌초교 - 칠보고교.칠보중.중촌초교,2026-08-10,월,18,45
03,칠보중.칠보고교.중촌초교 - 칠보고교.칠보중.중촌초교,2026-08-10,월,19,62
03,칠보중.칠보고교.중촌초교 - 칠보고교.칠보중.중촌초교,2026-08-10,월,20,40
03,칠보중.칠보고교.중촌초교 - 칠보고교.칠보중.중촌초교,2026-08-10,월,21,39
03,칠보중.칠보고교.중촌초교 - 칠보고교.칠보중.중촌초교,2026-08-10,월,22,26
03,칠보중.칠보고교.중촌초교 - 칠보고교.칠보중.중촌초교,2026-08-10,월,23,12
03,칠보중.칠보고교.중촌초교 - 칠보고교.칠보중.중촌초교,2026-08-11,화,6,9
03,칠보중.칠보고교.중촌초교 - 칠보고교.칠보중.중촌초교,2026-08-11,화,7,40
03,칠보중.칠보고교.중촌초교 - 칠보고교.칠보중.중촌초교,2026-08-11,화,8,52
03,칠보중.칠보고교.중촌초교 - 칠보고교.칠보중.중촌초교,2026-08-11,화,9,36
03,칠보중.칠보고교.중촌초교 - 칠보고교.칠보중.중촌초교,2026-08-11,화,10,23
03,칠보중.칠보고교.중촌초교 - 칠보고교.칠보중.중촌초교,2026-08-11,화,11,18
03,칠보중.칠보고교.중촌초교 - 칠보고교.칠보중.중촌초교,2026-08-11,화,12,25
03,칠보중.칠보고교.중촌초교 - 칠보고교.칠보중.중촌초교,2026-08-11,화,13,36
03,칠보중.칠보고교.중촌초교 - 칠보고교.칠보중.중촌초교,2026-08-11,화,14,20
03,칠보중.칠보고교.중촌초교 - 칠보고교.칠보중.중촌초교,2026-08-11,화,15,23
03,칠보중.칠보고교.중촌초교 - 칠보고교.칠보중.중촌초교,2026-08-11,화,16,52
03,칠보중.칠보고교.중촌초교 - 칠보고교.칠보중.중촌초교,2026-08-11,화,17,57
03,칠보중.칠보고교.중촌초교 - 칠보고교.칠보중.중촌초교,2026-08-11,화,18,42
03,칠보중.칠보고교.중촌초교 - 칠보고교.칠보중.중촌초교,2026-08-11,화,19,50
03,칠보중.칠보고교.중촌초교 - 칠보고교.칠보중.중촌초교,2026-08-11,화,20,45
03,칠보중.칠보고교.중촌초교 - 칠보고교.칠보중.중촌초교,2026-08-11,화,21,38
03,칠보중.칠보고교.중촌초교 - 칠보고교.칠보중.중촌초교,2026-08-11,화,22,42
03,칠보중.칠보고교.중촌초교 - 칠보고교.칠보중.중촌초교,2026-08-11,화,23,9
03,칠보중.칠보고교.중촌초교 - 칠보고교.칠보중.중촌초교,2026-08-12,수,6,9
03,칠보중.칠보고교.중촌초교 - 칠보고교.칠보중.중촌초교,2026-08-12,수,7,46
03,칠보중.칠보고교.중촌초교 - 칠보고교.칠보중.중촌초교,2026-08-12,수,8,40
03,칠보중.칠보고교.중촌초교 - 칠보고교.칠보중.중촌초교,2026-08-12,수,9,47
03,칠보중.칠보고교.중촌초교 - 칠보고교.칠보중.중촌초교,2026-08-12,수,10,22
03,칠보중.칠보고교.중촌초교 - 칠보고교.칠보중.중촌초교,2026-08-12,수,11,14
03,칠보중.칠보고교.중촌초교 - 칠보고교.칠보중.중촌초교,2026-08-12,수,12,38
03,칠보중.칠보고교.중촌초교 - 칠보고교.칠보중.중촌초교,2026-08-12,수,13,38
03,칠보중.칠보고교.중촌초교 - 칠보고교.칠보중.중촌초교,2026-08-12,수,14,14
03,칠보중.칠보고교.중촌초교 - 칠보고교.칠보중.중촌초교,2026-08-12,수,15,34
03,칠보중.칠보고교.중촌초교 - 칠보고교.칠보중.중촌초교,2026-08-12,수,16,54
03,칠보중.칠보고교.중촌초교 - 칠보고교.칠보중.중촌초교,2026-08-12,수,17,65
03,칠보중.칠보고교.중촌초교 - 칠보고교.칠보중.중촌초교,2026-08-12,수,18,38
03,칠보중.칠보고교.중촌초교 - 칠보고교.칠보중.중촌초교,2026-08-12,수,19,47
03,칠보중.칠보고교.중촌초교 - 칠보고교.칠보중.중촌초교,2026-08-12,수,20,37
03,칠보중.칠보고교.중촌초교 - 칠보고교.칠보중.중촌초교,2026-08-12,수,21,36
03,칠보중.칠보고교.중촌초교 - 칠보고교.칠보중.중촌초교,2026-08-12,수,22,42
03,칠보중.칠보고교.중촌초교 - 칠보고교.칠보중.중촌초교,2026-08-12,수,23,5
03,칠보중.칠보고교.중촌초교 - 칠보고교.칠보중.중촌초교,2026-08-13,목,6,12
03,칠보중.칠보고교.중촌초교 - 칠보고교.칠보중.중촌초교,2026-08-13,목,7,49
03,칠보중.칠보고교.중촌초교 - 칠보고교.칠보중.중촌초교,2026-08-13,목,8,34
03,칠보중.칠보고교.중촌초교 - 칠보고교.칠보중.중촌초교,2026-08-13,목,9,31
03,칠보중.칠보고교.중촌초교 - 칠보고교.칠보중.중촌초교,2026-08-13,목,10,17
03,칠보중.칠보고교.중촌초교 - 칠보고교.칠보중.중촌초교,2026-08-13,목,11,15
03,칠보중.칠보고교.중촌초교 - 칠보고교.칠보중.중촌초교,2026-08-13,목,12,36
03,칠보중.칠보고교.중촌초교 - 칠보고교.칠보중.중촌초교,2026-08-13,목,13,40
03,칠보중.칠보고교.중촌초교 - 칠보고교.칠보중.중촌초교,2026-08-13,목,14,19
03,칠보중.칠보고교.중촌초교 - 칠보고교.칠보중.중촌초교,2026-08-13,목,15,28
03,칠보중.칠보고교.중촌초교 - 칠보고교.칠보중.중촌초교,2026-08-13,목,16,43
03,칠보중.칠보고교.중촌초교 - 칠보고교.칠보중.중촌초교,2026-08-13,목,17,48
03,칠보중.칠보고교.중촌초교 - 칠보고교.칠보중.중촌초교,2026-08-13,목,18,43
03,칠보중.칠보고교.중촌초교 - 칠보고교.칠보중.중촌초교,2026-08-13,목,19,45
03,칠보중.칠보고교.중촌초교 - 칠보고교.칠보중.중촌초교,2026-08-13,목,20,53
03,칠보중.칠보고교.중촌초교 - 칠보고교.칠보중.중촌초교,2026-08-13,목,21,31
03,칠보중.칠보고교.중촌초교 - 칠보고교.칠보중.중촌초교,2026-08-13,목,22,41
03,칠보중.칠보고교.중촌초교 - 칠보고교.칠보중.중촌초교,2026-08-13,목,23,9
03,칠보중.칠보고교.중촌초교 - 칠보고교.칠보중.중촌초교,2026-08-14,금,6,16
03,칠보중.칠보고교.중촌초교 - 칠보고교.칠보중.중촌초교,2026-08-14,금,7,44
03,칠보중.칠보고교.중촌초교 - 칠보고교.칠보중.중촌초교,2026-08-14,금,8,42
03,칠보중.칠보고교.중촌초교 - 칠보고교.칠보중.중촌초교,2026-08-14,금,9,47
03,칠보중.칠보고교.중촌초교 - 칠보고교.칠보중.중촌초교,2026-08-14,금,10,26
03,칠보중.칠보고교.중촌초교 - 칠보고교.칠보중.중촌초교,2026-08-14,금,11,22
03,칠보중.칠보고교.중촌초교 - 칠보고교.칠보중.중촌초교,2026-08-14,금,12,33
03,칠보중.칠보고교.중촌초교 - 칠보고교.칠보중.중촌초교,2026-08-14,금,13,43
03,칠보중.칠보고교.중촌초교 - 칠보고교.칠보중.중촌초교,2026-08-14,금,14,16
03,칠보중.칠보고교.중촌초교 - 칠보고교.칠보중.중촌초교,2026-08-14,금,15,30
03,칠보중.칠보고교.중촌초교 - 칠보고교.칠보중.중촌초교,2026-08-14,금,16,58
03,칠보중.칠보고교.중촌초교 - 칠보고교.칠보중.중촌초교,2026-08-14,금,17,45
03,칠보중.칠보고교.중촌초교 - 칠보고교.칠보중.중촌초교,2026-08-14,금,18,55
03,칠보중.칠보고교.중촌초교 - 칠보고교.칠보중.중촌초교,2026-08-14,금,19,51
03,칠보중.칠보고교.중촌초교 - 칠보고교.칠보중.중촌초교,2026-08-14,금,20,37
03,칠보중.칠보고교.중촌초교 - 칠보고교.칠보중.중촌초교,2026-08-14,금,21,43
03,칠보중.칠보고교.중촌초교 - 칠보고교.칠보중.중촌초교,2026-08-14,금,22,39
03,칠보중.칠보고교.중촌초교 - 칠보고교.칠보중.중촌초교,2026-08-14,금,23,5
03,칠보중.칠보고교.중촌초교 - 칠보고교.칠보중.중촌초교,2026-09-01,화,6,15
03,칠보중.칠보고교.중촌초교 - 칠보고교.칠보중.중촌초교,2026-09-01,화,7,60
03,칠보중.칠보고교.중촌초교 - 칠보고교.칠보중.중촌초교,2026-09-01,화,8,59
03,칠보중.칠보고교.중촌초교 - 칠보고교.칠보중.중촌초교,2026-09-01,화,9,35
03,칠보중.칠보고교.중촌초교 - 칠보고교.칠보중.중촌초교,2026-09-01,화,10,27
03,칠보중.칠보고교.중촌초교 - 칠보고교.칠보중.중촌초교,2026-09-01,화,11,14
03,칠보중.칠보고교.중촌초교 - 칠보고교.칠보중.중촌초교,2026-09-01,화,12,22
03,칠보중.칠보고교.중촌초교 - 칠보고교.칠보중.중촌초교,2026-09-01,화,13,28
03,칠보중.칠보고교.중촌초교 - 칠보고교.칠보중.중촌초교,2026-09-01,화,14,15
03,칠보중.칠보고교.중촌초교 - 칠보고교.칠보중.중촌초교,2026-09-01,화,15,18
03,칠보중.칠보고교.중촌초교 - 칠보고교.칠보중.중촌초교,2026-09-01,화,16,85
03,칠보중.칠보고교.중촌초교 - 칠보고교.칠보중.중촌초교,2026-09-01,화,17,54
03,칠보중.칠보고교.중촌초교 - 칠보고교.칠보중.중촌초교,2026-09-01,화,18,46
03,칠보중.칠보고교.중촌초교 - 칠보고교.칠보중.중촌초교,2026-09-01,화,19,54
03,칠보중.칠보고교.중촌초교 - 칠보고교.칠보중.중촌초교,2026-09-01,화,20,52
03,칠보중.칠보고교.중촌초교 - 칠보고교.칠보중.중촌초교,2026-09-01,화,21,42
03,칠보중.칠보고교.중촌초교 - 칠보고교.칠보중.중촌초교,2026-09-01,화,22,37
03,칠보중.칠보고교.중촌초교 - 칠보고교.칠보중.중촌초교,2026-09-01,화,23,2
03,칠보중.칠보고교.중촌초교 - 칠보고교.칠보중.중촌초교,2026-09-02,수,6,9
03,칠보중.칠보고교.중촌초교 - 칠보고교.칠보중.중촌초교,2026-09-02,수,7,64
03,칠보중.칠보고교.중촌초교 - 칠보고교.칠보중.중촌초교,2026-09-02,수,8,57
03,칠보중.칠보고교.중촌초교 - 칠보고교.칠보중.중촌초교,2026-09-02,수,9,29
03,칠보중.칠보고교.중촌초교 - 칠보고교.칠보중.중촌초교,2026-09-02,수,10,24
03,칠보중.칠보고교.중촌초교 - 칠보고교.칠보중.중촌초교,2026-09-02,수,11,17
03,칠보중.칠보고교.중촌초교 - 칠보고교.칠보중.중촌초교,2026-09-02,수,12,21
03,칠보중.칠보고교.중촌초교 - 칠보고교.칠보중.중촌초교,2026-09-02,수,13,26
03,칠보중.칠보고교.중촌초교 - 칠보고교.칠보중.중촌초교,2026-09-02,수,14,13
03,칠보중.칠보고교.중촌초교 - 칠보고교.칠보중.중촌초교,2026-09-02,수,15,42
03,칠보중.칠보고교.중촌초교 - 칠보고교.칠보중.중촌초교,2026-09-02,수,16,44
03,칠보중.칠보고교.중촌초교 - 칠보고교.칠보중.중촌초교,2026-09-02,수,17,51
03,칠보중.칠보고교.중촌초교 - 칠보고교.칠보중.중촌초교,2026-09-02,수,18,43
03,칠보중.칠보고교.중촌초교 - 칠보고교.칠보중.중촌초교,2026-09-02,수,19,54
03,칠보중.칠보고교.중촌초교 - 칠보고교.칠보중.중촌초교,2026-09-02,수,20,49
03,칠보중.칠보고교.중촌초교 - 칠보고교.칠보중.중촌초교,2026-09-02,수,21,49
03,칠보중.칠보고교.중촌초교 - 칠보고교.칠보중.중촌초교,2026-09-02,수,22,34
03,칠보중.칠보고교.중촌초교 - 칠보고교.칠보중.중촌초교,2026-09-02,수,23,6
03,칠보중.칠보고교.중촌초교 - 칠보고교.칠보중.중촌초교,2026-09-03,목,6,11
03,칠보중.칠보고교.중촌초교 - 칠보고교.칠보중.중촌초교,2026-09-03,목,7,62
03,칠보중.칠보고교.중촌초교 - 칠보고교.칠보중.중촌초교,2026-09-03,목,8,54
03,칠보중.칠보고교.중촌초교 - 칠보고교.칠보중.중촌초교,2026-09-03,목,9,39
03,칠보중.칠보고교.중촌초교 - 칠보고교.칠보중.중촌초교,2026-09-03,목,10,25
03,칠보중.칠보고교.중촌초교 - 칠보고교.칠보중.중촌초교,2026-09-03,목,11,15
03,칠보중.칠보고교.중촌초교 - 칠보고교.칠보중.중촌초교,2026-09-03,목,12,24
03,칠보중.칠보고교.중촌초교 - 칠보고교.칠보중.중촌초교,2026-09-03,목,13,31
03,칠보중.칠보고교.중촌초교 - 칠보고교.칠보중.중촌초교,2026-09-03,목,14,16
03,칠보중.칠보고교.중촌초교 - 칠보고교.칠보중.중촌초교,2026-09-03,목,15,28
03,칠보중.칠보고교.중촌초교 - 칠보고교.칠보중.중촌초교,2026-09-03,목,16,87
03,칠보중.칠보고교.중촌초교 - 칠보고교.칠보중.중촌초교,2026-09-03,목,17,54
03,칠보중.칠보고교.중촌초교 - 칠보고교.칠보중.중촌초교,2026-09-03,목,18,35
03,칠보중.칠보고교.중촌초교 - 칠보고교.칠보중.중촌초교,2026-09-03,목,19,51
03,칠보중.칠보고교.중촌초교 - 칠보고교.칠보중.중촌초교,2026-09-03,목,20,52
03,칠보중.칠보고교.중촌초교 - 칠보고교.칠보중.중촌초교,2026-09-03,목,21,35
03,칠보중.칠보고교.중촌초교 - 칠보고교.칠보중.중촌초교,2026-09-03,목,22,26
03,칠보중.칠보고교.중촌초교 - 칠보고교.칠보중.중촌초교,2026-09-03,목,23,4
03,칠보중.칠보고교.중촌초교 - 칠보고교.칠보중.중촌초교,2026-09-04,금,6,7
03,칠보중.칠보고교.중촌초교 - 칠보고교.칠보중.중촌초교,2026-09-04,금,7,57
03,칠보중.칠보고교.중촌초교 - 칠보고교.칠보중.중촌초교,2026-09-04,금,8,64
03,칠보중.칠보고교.중촌초교 - 칠보고교.칠보중.중촌초교,2026-09-04,금,9,30
03,칠보중.칠보고교.중촌초교 - 칠보고교.칠보중.중촌초교,2026-09-04,금,10,29
03,칠보중.칠보고교.중촌초교 - 칠보고교.칠보중.중촌초교,2026-09-04,금,11,19
03,칠보중.칠보고교.중촌초교 - 칠보고교.칠보중.중촌초교,2026-09-04,금,12,33
03,칠보중.칠보고교.중촌초교 - 칠보고교.칠보중.중촌초교,2026-09-04,금,13,37
03,칠보중.칠보고교.중촌초교 - 칠보고교.칠보중.중촌초교,2026-09-04,금,14,15
03,칠보중.칠보고교.중촌초교 - 칠보고교.칠보중.중촌초교,2026-09-04,금,15,36
03,칠보중.칠보고교.중촌초교 - 칠보고교.칠보중.중촌초교,2026-09-04,금,16,78
03,칠보중.칠보고교.중촌초교 - 칠보고교.칠보중.중촌초교,2026-09-04,금,17,43
03,칠보중.칠보고교.중촌초교 - 칠보고교.칠보중.중촌초교,2026-09-04,금,18,38
03,칠보중.칠보고교.중촌초교 - 칠보고교.칠보중.중촌초교,2026-09-04,금,19,53
03,칠보중.칠보고교.중촌초교 - 칠보고교.칠보중.중촌초교,2026-09-04,금,20,50
03,칠보중.칠보고교.중촌초교 - 칠보고교.칠보중.중촌초교,2026-09-04,금,21,44
03,칠보중.칠보고교.중촌초교 - 칠보고교.칠보중.중촌초교,2026-09-04,금,22,51
03,칠보중.칠보고교.중촌초교 - 칠보고교.칠보중.중촌초교,2026-09-04,금,23,5
03,칠보중.칠보고교.중촌초교 - 칠보고교.칠보중.중촌초교,2026-09-05,토,6,5
03,칠보중.칠보고교.중촌초교 - 칠보고교.칠보중.중촌초교,2026-09-05,토,7,22
03,칠보중.칠보고교.중촌초교 - 칠보고교.칠보중.중촌초교,2026-09-05,토,8,20
03,칠보중.칠보고교.중촌초교 - 칠보고교.칠보중.중촌초교,2026-09-05,토,9,24
03,칠보중.칠보고교.중촌초교 - 칠보고교.칠보중.중촌초교,2026-09-05,토,10,26
03,칠보중.칠보고교.중촌초교 - 칠보고교.칠보중.중촌초교,2026-09-05,토,11,28
03,칠보중.칠보고교.중촌초교 - 칠보고교.칠보중.중촌초교,2026-09-05,토,12,66
03,칠보중.칠보고교.중촌초교 - 칠보고교.칠보중.중촌초교,2026-09-05,토,13,43
03,칠보중.칠보고교.중촌초교 - 칠보고교.칠보중.중촌초교,2026-09-05,토,14,23
03,칠보중.칠보고교.중촌초교 - 칠보고교.칠보중.중촌초교,2026-09-05,토,15,30
03,칠보중.칠보고교.중촌초교 - 칠보고교.칠보중.중촌초교,2026-09-05,토,16,58
03,칠보중.칠보고교.중촌초교 - 칠보고교.칠보중.중촌초교,2026-09-05,토,17,49
03,칠보중.칠보고교.중촌초교 - 칠보고교.칠보중.중촌초교,2026-09-05,토,18,42
03,칠보중.칠보고교.중촌초교 - 칠보고교.칠보중.중촌초교,2026-09-05,토,19,43
03,칠보중.칠보고교.중촌초교 - 칠보고교.칠보중.중촌초교,2026-09-05,토,20,48
03,칠보중.칠보고교.중촌초교 - 칠보고교.칠보중.중촌초교,2026-09-05,토,21,43
03,칠보중.칠보고교.중촌초교 - 칠보고교.칠보중.중촌초교,2026-09-05,토,22,48
03,칠보중.칠보고교.중촌초교 - 칠보고교.칠보중.중촌초교,2026-09-05,토,23,10
03,칠보중.칠보고교.중촌초교 - 칠보고교.칠보중.중촌초교,2026-09-06,일,6,6
03,칠보중.칠보고교.중촌초교 - 칠보고교.칠보중.중촌초교,2026-09-06,일,7,12
03,칠보중.칠보고교.중촌초교 - 칠보고교.칠보중.중촌초교,2026-09-06,일,8,17
03,칠보중.칠보고교.중촌초교 - 칠보고교.칠보중.중촌초교,2026-09-06,일,9,17
03,칠보중.칠보고교.중촌초교 - 칠보고교.칠보중.중촌초교,2026-09-06,일,10,19
03,칠보중.칠보고교.중촌초교 - 칠보고교.칠보중.중촌초교,2026-09-06,일,11,25
03,칠보중.칠보고교.중촌초교 - 칠보고교.칠보중.중촌초교,2026-09-06,일,12,48
03,칠보중.칠보고교.중촌초교 - 칠보고교.칠보중.중촌초교,2026-09-06,일,13,44
03,칠보중.칠보고교.중촌초교 - 칠보고교.칠보중.중촌초교,2026-09-06,일,14,17
03,칠보중.칠보고교.중촌초교 - 칠보고교.칠보중.중촌초교,2026-09-06,일,15,25
03,칠보중.칠보고교.중촌초교 - 칠보고교.칠보중.중촌초교,2026-09-06,일,16,48
03,칠보중.칠보고교.중촌초교 - 칠보고교.칠보중.중촌초교,2026-09-06,일,17,54
03,칠보중.칠보고교.중촌초교 - 칠보고교.칠보중.중촌초교,2026-09-06,일,18,35
03,칠보중.칠보고교.중촌초교 - 칠보고교.칠보중.중촌초교,2026-09-06,일,19,39
03,칠보중.칠보고교.중촌초교 - 칠보고교.칠보중.중촌초교,2026-09-06,일,20,40
03,칠보중.칠보고교.중촌초교 - 칠보고교.칠보중.중촌초교,2026-09-06,일,21,34
03,칠보중.칠보고교.중촌초교 - 칠보고교.칠보중.중촌초교,2026-09-06,일,22,34
03,칠보중.칠보고교.중촌초교 - 칠보고교.칠보중.중촌초교,2026-09-06,일,23,6
03,칠보중.칠보고교.중촌초교 - 칠보고교.칠보중.중촌초교,2026-09-07,월,6,10
03,칠보중.칠보고교.중촌초교 - 칠보고교.칠보중.중촌초교,2026-09-07,월,7,67
03,칠보중.칠보고교.중촌초교 - 칠보고교.칠보중.중촌초교,2026-09-07,월,8,52
03,칠보중.칠보고교.중촌초교 - 칠보고교.칠보중.중촌초교,2026-09-07,월,9,30
03,칠보중.칠보고교.중촌초교 - 칠보고교.칠보중.중촌초교,2026-09-07,월,10,18
03,칠보중.칠보고교.중촌초교 - 칠보고교.칠보중.중촌초교,2026-09-07,월,11,17
03,칠보중.칠보고교.중촌초교 - 칠보고교.칠보중.중촌초교,2026-09-07,월,12,27
03,칠보중.칠보고교.중촌초교 - 칠보고교.칠보중.중촌초교,2026-09-07,월,13,42
03,칠보중.칠보고교.중촌초교 - 칠보고교.칠보중.중촌초교,2026-09-07,월,14,13
03,칠보중.칠보고교.중촌초교 - 칠보고교.칠보중.중촌초교,2026-09-07,월,15,41
03,칠보중.칠보고교.중촌초교 - 칠보고교.칠보중.중촌초교,2026-09-07,월,16,65
03,칠보중.칠보고교.중촌초교 - 칠보고교.칠보중.중촌초교,2026-09-07,월,17,51
03,칠보중.칠보고교.중촌초교 - 칠보고교.칠보중.중촌초교,2026-09-07,월,18,47
03,칠보중.칠보고교.중촌초교 - 칠보고교.칠보중.중촌초교,2026-09-07,월,19,38
03,칠보중.칠보고교.중촌초교 - 칠보고교.칠보중.중촌초교,2026-09-07,월,20,44
03,칠보중.칠보고교.중촌초교 - 칠보고교.칠보중.중촌초교,2026-09-07,월,21,32
03,칠보중.칠보고교.중촌초교 - 칠보고교.칠보중.중촌초교,2026-09-07,월,22,31
03,칠보중.칠보고교.중촌초교 - 칠보고교.칠보중.중촌초교,2026-09-07,월,23,4
03,칠보중.칠보고교.중촌초교 - 칠보고교.칠보중.중촌초교,2026-09-08,화,6,11
03,칠보중.칠보고교.중촌초교 - 칠보고교.칠보중.중촌초교,2026-09-08,화,7,57
03,칠보중.칠보고교.중촌초교 - 칠보고교.칠보중.중촌초교,2026-09-08,화,8,64
03,칠보중.칠보고교.중촌초교 - 칠보고교.칠보중.중촌초교,2026-09-08,화,9,40
03,칠보중.칠보고교.중촌초교 - 칠보고교.칠보중.중촌초교,2026-09-08,화,10,17
03,칠보중.칠보고교.중촌초교 - 칠보고교.칠보중.중촌초교,2026-09-08,화,11,23
03,칠보중.칠보고교.중촌초교 - 칠보고교.칠보중.중촌초교,2026-09-08,화,12,14
03,칠보중.칠보고교.중촌초교 - 칠보고교.칠보중.중촌초교,2026-09-08,화,13,26
03,칠보중.칠보고교.중촌초교 - 칠보고교.칠보중.중촌초교,2026-09-08,화,14,9
03,칠보중.칠보고교.중촌초교 - 칠보고교.칠보중.중촌초교,2026-09-08,화,15,24
03,칠보중.칠보고교.중촌초교 - 칠보고교.칠보중.중촌초교,2026-09-08,화,16,67
03,칠보중.칠보고교.중촌초교 - 칠보고교.칠보중.중촌초교,2026-09-08,화,17,45
03,칠보중.칠보고교.중촌초교 - 칠보고교.칠보중.중촌초교,2026-09-08,화,18,42
03,칠보중.칠보고교.중촌초교 - 칠보고교.칠보중.중촌초교,2026-09-08,화,19,48
03,칠보중.칠보고교.중촌초교 - 칠보고교.칠보중.중촌초교,2026-09-08,화,20,49
03,칠보중.칠보고교.중촌초교 - 칠보고교.칠보중.중촌초교,2026-09-08,화,21,34
03,칠보중.칠보고교.중촌초교 - 칠보고교.칠보중.중촌초교,2026-09-08,화,22,36
03,칠보중.칠보고교.중촌초교 - 칠보고교.칠보중.중촌초교,2026-09-08,화,23,9
03,칠보중.칠보고교.중촌초교 - 칠보고교.칠보중.중촌초교,2026-09-09,수,6,16
03,칠보중.칠보고교.중촌초교 - 칠보고교.칠보중.중촌초교,2026-09-09,수,7,63
03,칠보중.칠보고교.중촌초교 - 칠보고교.칠보중.중촌초교,2026-09-09,수,8,63
03,칠보중.칠보고교.중촌초교 - 칠보고교.칠보중.중촌초교,2026-09-09,수,9,27
03,칠보중.칠보고교.중촌초교 - 칠보고교.칠보중.중촌초교,2026-09-09,수,10,20
03,칠보중.칠보고교.중촌초교 - 칠보고교.칠보중.중촌초교,2026-09-09,수,11,12
03,칠보중.칠보고교.중촌초교 - 칠보고교.칠보중.중촌초교,2026-09-09,수,12,25
03,칠보중.칠보고교.중촌초교 - 칠보고교.칠보중.중촌초교,2026-09-09,수,13,38
03,칠보중.칠보고교.중촌초교 - 칠보고교.칠보중.중촌초교,2026-09-09,수,14,10
03,칠보중.칠보고교.중촌초교 - 칠보고교.칠보중.중촌초교,2026-09-09,수,15,30
03,칠보중.칠보고교.중촌초교 - 칠보고교.칠보중.중촌초교,2026-09-09,수,16,72
03,칠보중.칠보고교.중촌초교 - 칠보고교.칠보중.중촌초교,2026-09-09,수,17,45
03,칠보중.칠보고교.중촌초교 - 칠보고교.칠보중.중촌초교,2026-09-09,수,18,45
03,칠보중.칠보고교.중촌초교 - 칠보고교.칠보중.중촌초교,2026-09-09,수,19,52
03,칠보중.칠보고교.중촌초교 - 칠보고교.칠보중.중촌초교,2026-09-09,수,20,44
03,칠보중.칠보고교.중촌초교 - 칠보고교.칠보중.중촌초교,2026-09-09,수,21,38
03,칠보중.칠보고교.중촌초교 - 칠보고교.칠보중.중촌초교,2026-09-09,수,22,35
03,칠보중.칠보고교.중촌초교 - 칠보고교.칠보중.중촌초교,2026-09-09,수,23,5
03,칠보중.칠보고교.중촌초교 - 칠보고교.칠보중.중촌초교,2026-09-10,목,6,8
03,칠보중.칠보고교.중촌초교 - 칠보고교.칠보중.중촌초교,2026-09-10,목,7,61
03,칠보중.칠보고교.중촌초교 - 칠보고교.칠보중.중촌초교,2026-09-10,목,8,58
03,칠보중.칠보고교.중촌초교 - 칠보고교.칠보중.중촌초교,2026-09-10,목,9,44
03,칠보중.칠보고교.중촌초교 - 칠보고교.칠보중.중촌초교,2026-09-10,목,10,24
03,칠보중.칠보고교.중촌초교 - 칠보고교.칠보중.중촌초교,2026-09-10,목,11,16
03,칠보중.칠보고교.중촌초교 - 칠보고교.칠보중.중촌초교,2026-09-10,목,12,19
03,칠보중.칠보고교.중촌초교 - 칠보고교.칠보중.중촌초교,2026-09-10,목,13,24
03,칠보중.칠보고교.중촌초교 - 칠보고교.칠보중.중촌초교,2026-09-10,목,14,13
03,칠보중.칠보고교.중촌초교 - 칠보고교.칠보중.중촌초교,2026-09-10,목,15,20
03,칠보중.칠보고교.중촌초교 - 칠보고교.칠보중.중촌초교,2026-09-10,목,16,74
03,칠보중.칠보고교.중촌초교 - 칠보고교.칠보중.중촌초교,2026-09-10,목,17,39
03,칠보중.칠보고교.중촌초교 - 칠보고교.칠보중.중촌초교,2026-09-10,목,18,37
03,칠보중.칠보고교.중촌초교 - 칠보고교.칠보중.중촌초교,2026-09-10,목,19,48
03,칠보중.칠보고교.중촌초교 - 칠보고교.칠보중.중촌초교,2026-09-10,목,20,48
03,칠보중.칠보고교.중촌초교 - 칠보고교.칠보중.중촌초교,2026-09-10,목,21,45
03,칠보중.칠보고교.중촌초교 - 칠보고교.칠보중.중촌초교,2026-09-10,목,22,36
03,칠보중.칠보고교.중촌초교 - 칠보고교.칠보중.중촌초교,2026-09-10,목,23,3
03,칠보중.칠보고교.중촌초교 - 칠보고교.칠보중.중촌초교,2026-09-11,금,6,7
03,칠보중.칠보고교.중촌초교 - 칠보고교.칠보중.중촌초교,2026-09-11,금,7,62
03,칠보중.칠보고교.중촌초교 - 칠보고교.칠보중.중촌초교,2026-09-11,금,8,46
03,칠보중.칠보고교.중촌초교 - 칠보고교.칠보중.중촌초교,2026-09-11,금,9,33
03,칠보중.칠보고교.중촌초교 - 칠보고교.칠보중.중촌초교,2026-09-11,금,10,27
03,칠보중.칠보고교.중촌초교 - 칠보고교.칠보중.중촌초교,2026-09-11,금,11,17
03,칠보중.칠보고교.중촌초교 - 칠보고교.칠보중.중촌초교,2026-09-11,금,12,30
03,칠보중.칠보고교.중촌초교 - 칠보고교.칠보중.중촌초교,2026-09-11,금,13,39
03,칠보중.칠보고교.중촌초교 - 칠보고교.칠보중.중촌초교,2026-09-11,금,14,10
03,칠보중.칠보고교.중촌초교 - 칠보고교.칠보중.중촌초교,2026-09-11,금,15,33
03,칠보중.칠보고교.중촌초교 - 칠보고교.칠보중.중촌초교,2026-09-11,금,16,74
03,칠보중.칠보고교.중촌초교 - 칠보고교.칠보중.중촌초교,2026-09-11,금,17,48
03,칠보중.칠보고교.중촌초교 - 칠보고교.칠보중.중촌초교,2026-09-11,금,18,52
03,칠보중.칠보고교.중촌초교 - 칠보고교.칠보중.중촌초교,2026-09-11,금,19,52
03,칠보중.칠보고교.중촌초교 - 칠보고교.칠보중.중촌초교,2026-09-11,금,20,56
03,칠보중.칠보고교.중촌초교 - 칠보고교.칠보중.중촌초교,2026-09-11,금,21,46
03,칠보중.칠보고교.중촌초교 - 칠보고교.칠보중.중촌초교,2026-09-11,금,22,50
03,칠보중.칠보고교.중촌초교 - 칠보고교.칠보중.중촌초교,2026-09-11,금,23,8
03,칠보중.칠보고교.중촌초교 - 칠보고교.칠보중.중촌초교,2026-09-12,토,6,7
03,칠보중.칠보고교.중촌초교 - 칠보고교.칠보중.중촌초교,2026-09-12,토,7,23
03,칠보중.칠보고교.중촌초교 - 칠보고교.칠보중.중촌초교,2026-09-12,토,8,25
03,칠보중.칠보고교.중촌초교 - 칠보고교.칠보중.중촌초교,2026-09-12,토,9,37
03,칠보중.칠보고교.중촌초교 - 칠보고교.칠보중.중촌초교,2026-09-12,토,10,35
03,칠보중.칠보고교.중촌초교 - 칠보고교.칠보중.중촌초교,2026-09-12,토,11,21
03,칠보중.칠보고교.중촌초교 - 칠보고교.칠보중.중촌초교,2026-09-12,토,12,54
03,칠보중.칠보고교.중촌초교 - 칠보고교.칠보중.중촌초교,2026-09-12,토,13,47
03,칠보중.칠보고교.중촌초교 - 칠보고교.칠보중.중촌초교,2026-09-12,토,14,24
03,칠보중.칠보고교.중촌초교 - 칠보고교.칠보중.중촌초교,2026-09-12,토,15,25
03,칠보중.칠보고교.중촌초교 - 칠보고교.칠보중.중촌초교,2026-09-12,토,16,57
03,칠보중.칠보고교.중촌초교 - 칠보고교.칠보중.중촌초교,2026-09-12,토,17,47
03,칠보중.칠보고교.중촌초교 - 칠보고교.칠보중.중촌초교,2026-09-12,토,18,43
03,칠보중.칠보고교.중촌초교 - 칠보고교.칠보중.중촌초교,2026-09-12,토,19,34
03,칠보중.칠보고교.중촌초교 - 칠보고교.칠보중.중촌초교,2026-09-12,토,20,45
03,칠보중.칠보고교.중촌초교 - 칠보고교.칠보중.중촌초교,2026-09-12,토,21,42
03,칠보중.칠보고교.중촌초교 - 칠보고교.칠보중.중촌초교,2026-09-12,토,22,42
03,칠보중.칠보고교.중촌초교 - 칠보고교.칠보중.중촌초교,2026-09-12,토,23,8
03,칠보중.칠보고교.중촌초교 - 칠보고교.칠보중.중촌초교,2026-09-13,일,6,4
03,칠보중.칠보고교.중촌초교 - 칠보고교.칠보중.중촌초교,2026-09-13,일,7,9
03,칠보중.칠보고교.중촌초교 - 칠보고교.칠보중.중촌초교,2026-09-13,일,8,13
03,칠보중.칠보고교.중촌초교 - 칠보고교.칠보중.중촌초교,2026-09-13,일,9,19
03,칠보중.칠보고교.중촌초교 - 칠보고교.칠보중.중촌초교,2026-09-13,일,10,27
03,칠보중.칠보고교.중촌초교 - 칠보고교.칠보중.중촌초교,2026-09-13,일,11,23
03,칠보중.칠보고교.중촌초교 - 칠보고교.칠보중.중촌초교,2026-09-13,일,12,39
03,칠보중.칠보고교.중촌초교 - 칠보고교.칠보중.중촌초교,2026-09-13,일,13,59
03,칠보중.칠보고교.중촌초교 - 칠보고교.칠보중.중촌초교,2026-09-13,일,14,12
03,칠보중.칠보고교.중촌초교 - 칠보고교.칠보중.중촌초교,2026-09-13,일,15,27
03,칠보중.칠보고교.중촌초교 - 칠보고교.칠보중.중촌초교,2026-09-13,일,16,32
03,칠보중.칠보고교.중촌초교 - 칠보고교.칠보중.중촌초교,2026-09-13,일,17,32
03,칠보중.칠보고교.중촌초교 - 칠보고교.칠보중.중촌초교,2026-09-13,일,18,28
03,칠보중.칠보고교.중촌초교 - 칠보고교.칠보중.중촌초교,2026-09-13,일,19,37
03,칠보중.칠보고교.중촌초교 - 칠보고교.칠보중.중촌초교,2026-09-13,일,20,25
03,칠보중.칠보고교.중촌초교 - 칠보고교.칠보중.중촌초교,2026-09-13,일,21,35
03,칠보중.칠보고교.중촌초교 - 칠보고교.칠보중.중촌초교,2026-09-13,일,22,26
03,칠보중.칠보고교.중촌초교 - 칠보고교.칠보중.중촌초교,2026-09-13,일,23,2
03,칠보중.칠보고교.중촌초교 - 칠보고교.칠보중.중촌초교,2026-09-14,월,6,12
03,칠보중.칠보고교.중촌초교 - 칠보고교.칠보중.중촌초교,2026-09-14,월,7,55
03,칠보중.칠보고교.중촌초교 - 칠보고교.칠보중.중촌초교,2026-09-14,월,8,68
03,칠보중.칠보고교.중촌초교 - 칠보고교.칠보중.중촌초교,2026-09-14,월,9,29
03,칠보중.칠보고교.중촌초교 - 칠보고교.칠보중.중촌초교,2026-09-14,월,10,28
03,칠보중.칠보고교.중촌초교 - 칠보고교.칠보중.중촌초교,2026-09-14,월,11,21
03,칠보중.칠보고교.중촌초교 - 칠보고교.칠보중.중촌초교,2026-09-14,월,12,21
03,칠보중.칠보고교.중촌초교 - 칠보고교.칠보중.중촌초교,2026-09-14,월,13,29
03,칠보중.칠보고교.중촌초교 - 칠보고교.칠보중.중촌초교,2026-09-14,월,14,10
03,칠보중.칠보고교.중촌초교 - 칠보고교.칠보중.중촌초교,2026-09-14,월,15,40
03,칠보중.칠보고교.중촌초교 - 칠보고교.칠보중.중촌초교,2026-09-14,월,16,59
03,칠보중.칠보고교.중촌초교 - 칠보고교.칠보중.중촌초교,2026-09-14,월,17,34
03,칠보중.칠보고교.중촌초교 - 칠보고교.칠보중.중촌초교,2026-09-14,월,18,54
03,칠보중.칠보고교.중촌초교 - 칠보고교.칠보중.중촌초교,2026-09-14,월,19,40
03,칠보중.칠보고교.중촌초교 - 칠보고교.칠보중.중촌초교,2026-09-14,월,20,49
03,칠보중.칠보고교.중촌초교 - 칠보고교.칠보중.중촌초교,2026-09-14,월,21,41
03,칠보중.칠보고교.중촌초교 - 칠보고교.칠보중.중촌초교,2026-09-14,월,22,32
03,칠보중.칠보고교.중촌초교 - 칠보고교.칠보중.중촌초교,2026-09-14,월,23,6
04,곡정고.수원아이파크시티7단지아파트 - 곡정고.수원아이파크시티7단지아파트,2026-02-01,일,6,0
04,곡정고.수원아이파크시티7단지아파트 - 곡정고.수원아이파크시티7단지아파트,2026-02-01,일,7,0
04,곡정고.수원아이파크시티7단지아파트 - 곡정고.수원아이파크시티7단지아파트,2026-02-01,일,8,0
04,곡정고.수원아이파크시티7단지아파트 - 곡정고.수원아이파크시티7단지아파트,2026-02-01,일,9,0
04,곡정고.수원아이파크시티7단지아파트 - 곡정고.수원아이파크시티7단지아파트,2026-02-01,일,10,0
04,곡정고.수원아이파크시티7단지아파트 - 곡정고.수원아이파크시티7단지아파트,2026-02-01,일,11,0
04,곡정고.수원아이파크시티7단지아파트 - 곡정고.수원아이파크시티7단지아파트,2026-02-01,일,12,0
04,곡정고.수원아이파크시티7단지아파트 - 곡정고.수원아이파크시티7단지아파트,2026-02-01,일,13,2
04,곡정고.수원아이파크시티7단지아파트 - 곡정고.수원아이파크시티7단지아파트,2026-02-01,일,14,0
04,곡정고.수원아이파크시티7단지아파트 - 곡정고.수원아이파크시티7단지아파트,2026-02-01,일,15,0
04,곡정고.수원아이파크시티7단지아파트 - 곡정고.수원아이파크시티7단지아파트,2026-02-01,일,16,1
04,곡정고.수원아이파크시티7단지아파트 - 곡정고.수원아이파크시티7단지아파트,2026-02-01,일,17,0
04,곡정고.수원아이파크시티7단지아파트 - 곡정고.수원아이파크시티7단지아파트,2026-02-01,일,18,0
04,곡정고.수원아이파크시티7단지아파트 - 곡정고.수원아이파크시티7단지아파트,2026-02-01,일,19,0
04,곡정고.수원아이파크시티7단지아파트 - 곡정고.수원아이파크시티7단지아파트,2026-02-01,일,20,1
04,곡정고.수원아이파크시티7단지아파트 - 곡정고.수원아이파크시티7단지아파트,2026-02-01,일,21,0
04,곡정고.수원아이파크시티7단지아파트 - 곡정고.수원아이파크시티7단지아파트,2026-02-01,일,22,0
04,곡정고.수원아이파크시티7단지아파트 - 곡정고.수원아이파크시티7단지아파트,2026-02-01,일,23,0
04,곡정고.수원아이파크시티7단지아파트 - 곡정고.수원아이파크시티7단지아파트,2026-02-02,월,6,0
04,곡정고.수원아이파크시티7단지아파트 - 곡정고.수원아이파크시티7단지아파트,2026-02-02,월,7,1
04,곡정고.수원아이파크시티7단지아파트 - 곡정고.수원아이파크시티7단지아파트,2026-02-02,월,8,0
04,곡정고.수원아이파크시티7단지아파트 - 곡정고.수원아이파크시티7단지아파트,2026-02-02,월,9,0
04,곡정고.수원아이파크시티7단지아파트 - 곡정고.수원아이파크시티7단지아파트,2026-02-02,월,10,0
04,곡정고.수원아이파크시티7단지아파트 - 곡정고.수원아이파크시티7단지아파트,2026-02-02,월,11,2
04,곡정고.수원아이파크시티7단지아파트 - 곡정고.수원아이파크시티7단지아파트,2026-02-02,월,12,0
04,곡정고.수원아이파크시티7단지아파트 - 곡정고.수원아이파크시티7단지아파트,2026-02-02,월,13,0
04,곡정고.수원아이파크시티7단지아파트 - 곡정고.수원아이파크시티7단지아파트,2026-02-02,월,14,0
04,곡정고.수원아이파크시티7단지아파트 - 곡정고.수원아이파크시티7단지아파트,2026-02-02,월,15,0
04,곡정고.수원아이파크시티7단지아파트 - 곡정고.수원아이파크시티7단지아파트,2026-02-02,월,16,0
04,곡정고.수원아이파크시티7단지아파트 - 곡정고.수원아이파크시티7단지아파트,2026-02-02,월,17,0
04,곡정고.수원아이파크시티7단지아파트 - 곡정고.수원아이파크시티7단지아파트,2026-02-02,월,18,1
04,곡정고.수원아이파크시티7단지아파트 - 곡정고.수원아이파크시티7단지아파트,2026-02-02,월,19,0
04,곡정고.수원아이파크시티7단지아파트 - 곡정고.수원아이파크시티7단지아파트,2026-02-02,월,20,0
04,곡정고.수원아이파크시티7단지아파트 - 곡정고.수원아이파크시티7단지아파트,2026-02-02,월,21,0
04,곡정고.수원아이파크시티7단지아파트 - 곡정고.수원아이파크시티7단지아파트,2026-02-02,월,22,0
04,곡정고.수원아이파크시티7단지아파트 - 곡정고.수원아이파크시티7단지아파트,2026-02-02,월,23,0
04,곡정고.수원아이파크시티7단지아파트 - 곡정고.수원아이파크시티7단지아파트,2026-02-03,화,6,3
04,곡정고.수원아이파크시티7단지아파트 - 곡정고.수원아이파크시티7단지아파트,2026-02-03,화,7,1
04,곡정고.수원아이파크시티7단지아파트 - 곡정고.수원아이파크시티7단지아파트,2026-02-03,화,8,2
04,곡정고.수원아이파크시티7단지아파트 - 곡정고.수원아이파크시티7단지아파트,2026-02-03,화,9,0
04,곡정고.수원아이파크시티7단지아파트 - 곡정고.수원아이파크시티7단지아파트,2026-02-03,화,10,0
04,곡정고.수원아이파크시티7단지아파트 - 곡정고.수원아이파크시티7단지아파트,2026-02-03,화,11,1
04,곡정고.수원아이파크시티7단지아파트 - 곡정고.수원아이파크시티7단지아파트,2026-02-03,화,12,0
04,곡정고.수원아이파크시티7단지아파트 - 곡정고.수원아이파크시티7단지아파트,2026-02-03,화,13,0
04,곡정고.수원아이파크시티7단지아파트 - 곡정고.수원아이파크시티7단지아파트,2026-02-03,화,14,0
04,곡정고.수원아이파크시티7단지아파트 - 곡정고.수원아이파크시티7단지아파트,2026-02-03,화,15,1
04,곡정고.수원아이파크시티7단지아파트 - 곡정고.수원아이파크시티7단지아파트,2026-02-03,화,16,1
04,곡정고.수원아이파크시티7단지아파트 - 곡정고.수원아이파크시티7단지아파트,2026-02-03,화,17,0
04,곡정고.수원아이파크시티7단지아파트 - 곡정고.수원아이파크시티7단지아파트,2026-02-03,화,18,2
04,곡정고.수원아이파크시티7단지아파트 - 곡정고.수원아이파크시티7단지아파트,2026-02-03,화,19,3
04,곡정고.수원아이파크시티7단지아파트 - 곡정고.수원아이파크시티7단지아파트,2026-02-03,화,20,0
04,곡정고.수원아이파크시티7단지아파트 - 곡정고.수원아이파크시티7단지아파트,2026-02-03,화,21,1
04,곡정고.수원아이파크시티7단지아파트 - 곡정고.수원아이파크시티7단지아파트,2026-02-03,화,22,0
04,곡정고.수원아이파크시티7단지아파트 - 곡정고.수원아이파크시티7단지아파트,2026-02-03,화,23,0
04,곡정고.수원아이파크시티7단지아파트 - 곡정고.수원아이파크시티7단지아파트,2026-02-04,수,6,2
04,곡정고.수원아이파크시티7단지아파트 - 곡정고.수원아이파크시티7단지아파트,2026-02-04,수,7,4
04,곡정고.수원아이파크시티7단지아파트 - 곡정고.수원아이파크시티7단지아파트,2026-02-04,수,8,1
04,곡정고.수원아이파크시티7단지아파트 - 곡정고.수원아이파크시티7단지아파트,2026-02-04,수,9,0
04,곡정고.수원아이파크시티7단지아파트 - 곡정고.수원아이파크시티7단지아파트,2026-02-04,수,10,0
04,곡정고.수원아이파크시티7단지아파트 - 곡정고.수원아이파크시티7단지아파트,2026-02-04,수,11,0
04,곡정고.수원아이파크시티7단지아파트 - 곡정고.수원아이파크시티7단지아파트,2026-02-04,수,12,0
04,곡정고.수원아이파크시티7단지아파트 - 곡정고.수원아이파크시티7단지아파트,2026-02-04,수,13,4
04,곡정고.수원아이파크시티7단지아파트 - 곡정고.수원아이파크시티7단지아파트,2026-02-04,수,14,0
04,곡정고.수원아이파크시티7단지아파트 - 곡정고.수원아이파크시티7단지아파트,2026-02-04,수,15,0
04,곡정고.수원아이파크시티7단지아파트 - 곡정고.수원아이파크시티7단지아파트,2026-02-04,수,16,1
04,곡정고.수원아이파크시티7단지아파트 - 곡정고.수원아이파크시티7단지아파트,2026-02-04,수,17,1
04,곡정고.수원아이파크시티7단지아파트 - 곡정고.수원아이파크시티7단지아파트,2026-02-04,수,18,4
04,곡정고.수원아이파크시티7단지아파트 - 곡정고.수원아이파크시티7단지아파트,2026-02-04,수,19,6
04,곡정고.수원아이파크시티7단지아파트 - 곡정고.수원아이파크시티7단지아파트,2026-02-04,수,20,1
04,곡정고.수원아이파크시티7단지아파트 - 곡정고.수원아이파크시티7단지아파트,2026-02-04,수,21,0
04,곡정고.수원아이파크시티7단지아파트 - 곡정고.수원아이파크시티7단지아파트,2026-02-04,수,22,1
04,곡정고.수원아이파크시티7단지아파트 - 곡정고.수원아이파크시티7단지아파트,2026-02-04,수,23,0
04,곡정고.수원아이파크시티7단지아파트 - 곡정고.수원아이파크시티7단지아파트,2026-02-05,목,6,1
04,곡정고.수원아이파크시티7단지아파트 - 곡정고.수원아이파크시티7단지아파트,2026-02-05,목,7,8
04,곡정고.수원아이파크시티7단지아파트 - 곡정고.수원아이파크시티7단지아파트,2026-02-05,목,8,7
04,곡정고.수원아이파크시티7단지아파트 - 곡정고.수원아이파크시티7단지아파트,2026-02-05,목,9,2
04,곡정고.수원아이파크시티7단지아파트 - 곡정고.수원아이파크시티7단지아파트,2026-02-05,목,10,0
04,곡정고.수원아이파크시티7단지아파트 - 곡정고.수원아이파크시티7단지아파트,2026-02-05,목,11,0
04,곡정고.수원아이파크시티7단지아파트 - 곡정고.수원아이파크시티7단지아파트,2026-02-05,목,12,0
04,곡정고.수원아이파크시티7단지아파트 - 곡정고.수원아이파크시티7단지아파트,2026-02-05,목,13,2
04,곡정고.수원아이파크시티7단지아파트 - 곡정고.수원아이파크시티7단지아파트,2026-02-05,목,14,1
04,곡정고.수원아이파크시티7단지아파트 - 곡정고.수원아이파크시티7단지아파트,2026-02-05,목,15,1
04,곡정고.수원아이파크시티7단지아파트 - 곡정고.수원아이파크시티7단지아파트,2026-02-05,목,16,1
04,곡정고.수원아이파크시티7단지아파트 - 곡정고.수원아이파크시티7단지아파트,2026-02-05,목,17,2
04,곡정고.수원아이파크시티7단지아파트 - 곡정고.수원아이파크시티7단지아파트,2026-02-05,목,18,5
04,곡정고.수원아이파크시티7단지아파트 - 곡정고.수원아이파크시티7단지아파트,2026-02-05,목,19,8
04,곡정고.수원아이파크시티7단지아파트 - 곡정고.수원아이파크시티7단지아파트,2026-02-05,목,20,0
04,곡정고.수원아이파크시티7단지아파트 - 곡정고.수원아이파크시티7단지아파트,2026-02-05,목,21,4
04,곡정고.수원아이파크시티7단지아파트 - 곡정고.수원아이파크시티7단지아파트,2026-02-05,목,22,3
04,곡정고.수원아이파크시티7단지아파트 - 곡정고.수원아이파크시티7단지아파트,2026-02-05,목,23,0
04,곡정고.수원아이파크시티7단지아파트 - 곡정고.수원아이파크시티7단지아파트,2026-02-06,금,6,4
04,곡정고.수원아이파크시티7단지아파트 - 곡정고.수원아이파크시티7단지아파트,2026-02-06,금,7,8
04,곡정고.수원아이파크시티7단지아파트 - 곡정고.수원아이파크시티7단지아파트,2026-02-06,금,8,8
04,곡정고.수원아이파크시티7단지아파트 - 곡정고.수원아이파크시티7단지아파트,2026-02-06,금,9,0
04,곡정고.수원아이파크시티7단지아파트 - 곡정고.수원아이파크시티7단지아파트,2026-02-06,금,10,1
04,곡정고.수원아이파크시티7단지아파트 - 곡정고.수원아이파크시티7단지아파트,2026-02-06,금,11,3
04,곡정고.수원아이파크시티7단지아파트 - 곡정고.수원아이파크시티7단지아파트,2026-02-06,금,12,5
04,곡정고.수원아이파크시티7단지아파트 - 곡정고.수원아이파크시티7단지아파트,2026-02-06,금,13,2
04,곡정고.수원아이파크시티7단지아파트 - 곡정고.수원아이파크시티7단지아파트,2026-02-06,금,14,1
04,곡정고.수원아이파크시티7단지아파트 - 곡정고.수원아이파크시티7단지아파트,2026-02-06,금,15,5
04,곡정고.수원아이파크시티7단지아파트 - 곡정고.수원아이파크시티7단지아파트,2026-02-06,금,16,3
04,곡정고.수원아이파크시티7단지아파트 - 곡정고.수원아이파크시티7단지아파트,2026-02-06,금,17,2
04,곡정고.수원아이파크시티7단지아파트 - 곡정고.수원아이파크시티7단지아파트,2026-02-06,금,18,6
04,곡정고.수원아이파크시티7단지아파트 - 곡정고.수원아이파크시티7단지아파트,2026-02-06,금,19,6
04,곡정고.수원아이파크시티7단지아파트 - 곡정고.수원아이파크시티7단지아파트,2026-02-06,금,20,4
04,곡정고.수원아이파크시티7단지아파트 - 곡정고.수원아이파크시티7단지아파트,2026-02-06,금,21,2
04,곡정고.수원아이파크시티7단지아파트 - 곡정고.수원아이파크시티7단지아파트,2026-02-06,금,22,1
04,곡정고.수원아이파크시티7단지아파트 - 곡정고.수원아이파크시티7단지아파트,2026-02-06,금,23,0
04,곡정고.수원아이파크시티7단지아파트 - 곡정고.수원아이파크시티7단지아파트,2026-02-07,토,6,0
04,곡정고.수원아이파크시티7단지아파트 - 곡정고.수원아이파크시티7단지아파트,2026-02-07,토,7,3
04,곡정고.수원아이파크시티7단지아파트 - 곡정고.수원아이파크시티7단지아파트,2026-02-07,토,8,3
04,곡정고.수원아이파크시티7단지아파트 - 곡정고.수원아이파크시티7단지아파트,2026-02-07,토,9,1
04,곡정고.수원아이파크시티7단지아파트 - 곡정고.수원아이파크시티7단지아파트,2026-02-07,토,10,1
04,곡정고.수원아이파크시티7단지아파트 - 곡정고.수원아이파크시티7단지아파트,2026-02-07,토,11,1
04,곡정고.수원아이파크시티7단지아파트 - 곡정고.수원아이파크시티7단지아파트,2026-02-07,토,12,4
04,곡정고.수원아이파크시티7단지아파트 - 곡정고.수원아이파크시티7단지아파트,2026-02-07,토,13,3
04,곡정고.수원아이파크시티7단지아파트 - 곡정고.수원아이파크시티7단지아파트,2026-02-07,토,14,0
04,곡정고.수원아이파크시티7단지아파트 - 곡정고.수원아이파크시티7단지아파트,2026-02-07,토,15,0
04,곡정고.수원아이파크시티7단지아파트 - 곡정고.수원아이파크시티7단지아파트,2026-02-07,토,16,5
04,곡정고.수원아이파크시티7단지아파트 - 곡정고.수원아이파크시티7단지아파트,2026-02-07,토,17,2
04,곡정고.수원아이파크시티7단지아파트 - 곡정고.수원아이파크시티7단지아파트,2026-02-07,토,18,8
04,곡정고.수원아이파크시티7단지아파트 - 곡정고.수원아이파크시티7단지아파트,2026-02-07,토,19,1
04,곡정고.수원아이파크시티7단지아파트 - 곡정고.수원아이파크시티7단지아파트,2026-02-07,토,20,4
04,곡정고.수원아이파크시티7단지아파트 - 곡정고.수원아이파크시티7단지아파트,2026-02-07,토,21,1
04,곡정고.수원아이파크시티7단지아파트 - 곡정고.수원아이파크시티7단지아파트,2026-02-07,토,22,2
04,곡정고.수원아이파크시티7단지아파트 - 곡정고.수원아이파크시티7단지아파트,2026-02-07,토,23,2
04,곡정고.수원아이파크시티7단지아파트 - 곡정고.수원아이파크시티7단지아파트,2026-02-08,일,6,0
04,곡정고.수원아이파크시티7단지아파트 - 곡정고.수원아이파크시티7단지아파트,2026-02-08,일,7,2
04,곡정고.수원아이파크시티7단지아파트 - 곡정고.수원아이파크시티7단지아파트,2026-02-08,일,8,1
04,곡정고.수원아이파크시티7단지아파트 - 곡정고.수원아이파크시티7단지아파트,2026-02-08,일,9,4
04,곡정고.수원아이파크시티7단지아파트 - 곡정고.수원아이파크시티7단지아파트,2026-02-08,일,10,2
04,곡정고.수원아이파크시티7단지아파트 - 곡정고.수원아이파크시티7단지아파트,2026-02-08,일,11,2
04,곡정고.수원아이파크시티7단지아파트 - 곡정고.수원아이파크시티7단지아파트,2026-02-08,일,12,2
04,곡정고.수원아이파크시티7단지아파트 - 곡정고.수원아이파크시티7단지아파트,2026-02-08,일,13,3
04,곡정고.수원아이파크시티7단지아파트 - 곡정고.수원아이파크시티7단지아파트,2026-02-08,일,14,2
04,곡정고.수원아이파크시티7단지아파트 - 곡정고.수원아이파크시티7단지아파트,2026-02-08,일,15,0
04,곡정고.수원아이파크시티7단지아파트 - 곡정고.수원아이파크시티7단지아파트,2026-02-08,일,16,1
04,곡정고.수원아이파크시티7단지아파트 - 곡정고.수원아이파크시티7단지아파트,2026-02-08,일,17,0
04,곡정고.수원아이파크시티7단지아파트 - 곡정고.수원아이파크시티7단지아파트,2026-02-08,일,18,5
04,곡정고.수원아이파크시티7단지아파트 - 곡정고.수원아이파크시티7단지아파트,2026-02-08,일,19,4
04,곡정고.수원아이파크시티7단지아파트 - 곡정고.수원아이파크시티7단지아파트,2026-02-08,일,20,0
04,곡정고.수원아이파크시티7단지아파트 - 곡정고.수원아이파크시티7단지아파트,2026-02-08,일,21,1
04,곡정고.수원아이파크시티7단지아파트 - 곡정고.수원아이파크시티7단지아파트,2026-02-08,일,22,0
04,곡정고.수원아이파크시티7단지아파트 - 곡정고.수원아이파크시티7단지아파트,2026-02-08,일,23,0
04,곡정고.수원아이파크시티7단지아파트 - 곡정고.수원아이파크시티7단지아파트,2026-05-01,금,6,1
04,곡정고.수원아이파크시티7단지아파트 - 곡정고.수원아이파크시티7단지아파트,2026-05-01,금,7,3
04,곡정고.수원아이파크시티7단지아파트 - 곡정고.수원아이파크시티7단지아파트,2026-05-01,금,8,5
04,곡정고.수원아이파크시티7단지아파트 - 곡정고.수원아이파크시티7단지아파트,2026-05-01,금,9,5
04,곡정고.수원아이파크시티7단지아파트 - 곡정고.수원아이파크시티7단지아파트,2026-05-01,금,10,5
04,곡정고.수원아이파크시티7단지아파트 - 곡정고.수원아이파크시티7단지아파트,2026-05-01,금,11,10
04,곡정고.수원아이파크시티7단지아파트 - 곡정고.수원아이파크시티7단지아파트,2026-05-01,금,12,7
04,곡정고.수원아이파크시티7단지아파트 - 곡정고.수원아이파크시티7단지아파트,2026-05-01,금,13,7
04,곡정고.수원아이파크시티7단지아파트 - 곡정고.수원아이파크시티7단지아파트,2026-05-01,금,14,2
04,곡정고.수원아이파크시티7단지아파트 - 곡정고.수원아이파크시티7단지아파트,2026-05-01,금,15,8
04,곡정고.수원아이파크시티7단지아파트 - 곡정고.수원아이파크시티7단지아파트,2026-05-01,금,16,6
04,곡정고.수원아이파크시티7단지아파트 - 곡정고.수원아이파크시티7단지아파트,2026-05-01,금,17,8
04,곡정고.수원아이파크시티7단지아파트 - 곡정고.수원아이파크시티7단지아파트,2026-05-01,금,18,4
04,곡정고.수원아이파크시티7단지아파트 - 곡정고.수원아이파크시티7단지아파트,2026-05-01,금,19,4
04,곡정고.수원아이파크시티7단지아파트 - 곡정고.수원아이파크시티7단지아파트,2026-05-01,금,20,4
04,곡정고.수원아이파크시티7단지아파트 - 곡정고.수원아이파크시티7단지아파트,2026-05-01,금,21,9
04,곡정고.수원아이파크시티7단지아파트 - 곡정고.수원아이파크시티7단지아파트,2026-05-01,금,22,12
04,곡정고.수원아이파크시티7단지아파트 - 곡정고.수원아이파크시티7단지아파트,2026-05-01,금,23,1
04,곡정고.수원아이파크시티7단지아파트 - 곡정고.수원아이파크시티7단지아파트,2026-05-02,토,6,2
04,곡정고.수원아이파크시티7단지아파트 - 곡정고.수원아이파크시티7단지아파트,2026-05-02,토,7,6
04,곡정고.수원아이파크시티7단지아파트 - 곡정고.수원아이파크시티7단지아파트,2026-05-02,토,8,6
04,곡정고.수원아이파크시티7단지아파트 - 곡정고.수원아이파크시티7단지아파트,2026-05-02,토,9,5
04,곡정고.수원아이파크시티7단지아파트 - 곡정고.수원아이파크시티7단지아파트,2026-05-02,토,10,2
04,곡정고.수원아이파크시티7단지아파트 - 곡정고.수원아이파크시티7단지아파트,2026-05-02,토,11,4
04,곡정고.수원아이파크시티7단지아파트 - 곡정고.수원아이파크시티7단지아파트,2026-05-02,토,12,8
04,곡정고.수원아이파크시티7단지아파트 - 곡정고.수원아이파크시티7단지아파트,2026-05-02,토,13,4
04,곡정고.수원아이파크시티7단지아파트 - 곡정고.수원아이파크시티7단지아파트,2026-05-02,토,14,1
04,곡정고.수원아이파크시티7단지아파트 - 곡정고.수원아이파크시티7단지아파트,2026-05-02,토,15,8
04,곡정고.수원아이파크시티7단지아파트 - 곡정고.수원아이파크시티7단지아파트,2026-05-02,토,16,8
04,곡정고.수원아이파크시티7단지아파트 - 곡정고.수원아이파크시티7단지아파트,2026-05-02,토,17,5
04,곡정고.수원아이파크시티7단지아파트 - 곡정고.수원아이파크시티7단지아파트,2026-05-02,토,18,4
04,곡정고.수원아이파크시티7단지아파트 - 곡정고.수원아이파크시티7단지아파트,2026-05-02,토,19,7
04,곡정고.수원아이파크시티7단지아파트 - 곡정고.수원아이파크시티7단지아파트,2026-05-02,토,20,8
04,곡정고.수원아이파크시티7단지아파트 - 곡정고.수원아이파크시티7단지아파트,2026-05-02,토,21,1
04,곡정고.수원아이파크시티7단지아파트 - 곡정고.수원아이파크시티7단지아파트,2026-05-02,토,22,7
04,곡정고.수원아이파크시티7단지아파트 - 곡정고.수원아이파크시티7단지아파트,2026-05-02,토,23,1
04,곡정고.수원아이파크시티7단지아파트 - 곡정고.수원아이파크시티7단지아파트,2026-05-03,일,6,1
04,곡정고.수원아이파크시티7단지아파트 - 곡정고.수원아이파크시티7단지아파트,2026-05-03,일,7,1
04,곡정고.수원아이파크시티7단지아파트 - 곡정고.수원아이파크시티7단지아파트,2026-05-03,일,8,6
04,곡정고.수원아이파크시티7단지아파트 - 곡정고.수원아이파크시티7단지아파트,2026-05-03,일,9,5
04,곡정고.수원아이파크시티7단지아파트 - 곡정고.수원아이파크시티7단지아파트,2026-05-03,일,10,3
04,곡정고.수원아이파크시티7단지아파트 - 곡정고.수원아이파크시티7단지아파트,2026-05-03,일,11,12
04,곡정고.수원아이파크시티7단지아파트 - 곡정고.수원아이파크시티7단지아파트,2026-05-03,일,12,4
04,곡정고.수원아이파크시티7단지아파트 - 곡정고.수원아이파크시티7단지아파트,2026-05-03,일,13,9
04,곡정고.수원아이파크시티7단지아파트 - 곡정고.수원아이파크시티7단지아파트,2026-05-03,일,14,6
04,곡정고.수원아이파크시티7단지아파트 - 곡정고.수원아이파크시티7단지아파트,2026-05-03,일,15,0
04,곡정고.수원아이파크시티7단지아파트 - 곡정고.수원아이파크시티7단지아파트,2026-05-03,일,16,11
04,곡정고.수원아이파크시티7단지아파트 - 곡정고.수원아이파크시티7단지아파트,2026-05-03,일,17,8
04,곡정고.수원아이파크시티7단지아파트 - 곡정고.수원아이파크시티7단지아파트,2026-05-03,일,18,10
04,곡정고.수원아이파크시티7단지아파트 - 곡정고.수원아이파크시티7단지아파트,2026-05-03,일,19,7
04,곡정고.수원아이파크시티7단지아파트 - 곡정고.수원아이파크시티7단지아파트,2026-05-03,일,20,4
04,곡정고.수원아이파크시티7단지아파트 - 곡정고.수원아이파크시티7단지아파트,2026-05-03,일,21,3
04,곡정고.수원아이파크시티7단지아파트 - 곡정고.수원아이파크시티7단지아파트,2026-05-03,일,22,4
04,곡정고.수원아이파크시티7단지아파트 - 곡정고.수원아이파크시티7단지아파트,2026-05-03,일,23,1
04,곡정고.수원아이파크시티7단지아파트 - 곡정고.수원아이파크시티7단지아파트,2026-05-04,월,6,4
04,곡정고.수원아이파크시티7단지아파트 - 곡정고.수원아이파크시티7단지아파트,2026-05-04,월,7,10
04,곡정고.수원아이파크시티7단지아파트 - 곡정고.수원아이파크시티7단지아파트,2026-05-04,월,8,4
04,곡정고.수원아이파크시티7단지아파트 - 곡정고.수원아이파크시티7단지아파트,2026-05-04,월,9,8
04,곡정고.수원아이파크시티7단지아파트 - 곡정고.수원아이파크시티7단지아파트,2026-05-04,월,10,11
04,곡정고.수원아이파크시티7단지아파트 - 곡정고.수원아이파크시티7단지아파트,2026-05-04,월,11,7
04,곡정고.수원아이파크시티7단지아파트 - 곡정고.수원아이파크시티7단지아파트,2026-05-04,월,12,7
04,곡정고.수원아이파크시티7단지아파트 - 곡정고.수원아이파크시티7단지아파트,2026-05-04,월,13,5
04,곡정고.수원아이파크시티7단지아파트 - 곡정고.수원아이파크시티7단지아파트,2026-05-04,월,14,0
04,곡정고.수원아이파크시티7단지아파트 - 곡정고.수원아이파크시티7단지아파트,2026-05-04,월,15,3
04,곡정고.수원아이파크시티7단지아파트 - 곡정고.수원아이파크시티7단지아파트,2026-05-04,월,16,13
04,곡정고.수원아이파크시티7단지아파트 - 곡정고.수원아이파크시티7단지아파트,2026-05-04,월,17,14
04,곡정고.수원아이파크시티7단지아파트 - 곡정고.수원아이파크시티7단지아파트,2026-05-04,월,18,12
04,곡정고.수원아이파크시티7단지아파트 - 곡정고.수원아이파크시티7단지아파트,2026-05-04,월,19,17
04,곡정고.수원아이파크시티7단지아파트 - 곡정고.수원아이파크시티7단지아파트,2026-05-04,월,20,8
04,곡정고.수원아이파크시티7단지아파트 - 곡정고.수원아이파크시티7단지아파트,2026-05-04,월,21,3
04,곡정고.수원아이파크시티7단지아파트 - 곡정고.수원아이파크시티7단지아파트,2026-05-04,월,22,8
04,곡정고.수원아이파크시티7단지아파트 - 곡정고.수원아이파크시티7단지아파트,2026-05-04,월,23,6
04,곡정고.수원아이파크시티7단지아파트 - 곡정고.수원아이파크시티7단지아파트,2026-05-05,화,6,2
04,곡정고.수원아이파크시티7단지아파트 - 곡정고.수원아이파크시티7단지아파트,2026-05-05,화,7,2
04,곡정고.수원아이파크시티7단지아파트 - 곡정고.수원아이파크시티7단지아파트,2026-05-05,화,8,4
04,곡정고.수원아이파크시티7단지아파트 - 곡정고.수원아이파크시티7단지아파트,2026-05-05,화,9,3
04,곡정고.수원아이파크시티7단지아파트 - 곡정고.수원아이파크시티7단지아파트,2026-05-05,화,10,8
04,곡정고.수원아이파크시티7단지아파트 - 곡정고.수원아이파크시티7단지아파트,2026-05-05,화,11,4
04,곡정고.수원아이파크시티7단지아파트 - 곡정고.수원아이파크시티7단지아파트,2026-05-05,화,12,5
04,곡정고.수원아이파크시티7단지아파트 - 곡정고.수원아이파크시티7단지아파트,2026-05-05,화,13,8
04,곡정고.수원아이파크시티7단지아파트 - 곡정고.수원아이파크시티7단지아파트,2026-05-05,화,14,2
04,곡정고.수원아이파크시티7단지아파트 - 곡정고.수원아이파크시티7단지아파트,2026-05-05,화,15,6
04,곡정고.수원아이파크시티7단지아파트 - 곡정고.수원아이파크시티7단지아파트,2026-05-05,화,16,8
04,곡정고.수원아이파크시티7단지아파트 - 곡정고.수원아이파크시티7단지아파트,2026-05-05,화,17,9
04,곡정고.수원아이파크시티7단지아파트 - 곡정고.수원아이파크시티7단지아파트,2026-05-05,화,18,9
04,곡정고.수원아이파크시티7단지아파트 - 곡정고.수원아이파크시티7단지아파트,2026-05-05,화,19,7
04,곡정고.수원아이파크시티7단지아파트 - 곡정고.수원아이파크시티7단지아파트,2026-05-05,화,20,0
04,곡정고.수원아이파크시티7단지아파트 - 곡정고.수원아이파크시티7단지아파트,2026-05-05,화,21,4
04,곡정고.수원아이파크시티7단지아파트 - 곡정고.수원아이파크시티7단지아파트,2026-05-05,화,22,8
04,곡정고.수원아이파크시티7단지아파트 - 곡정고.수원아이파크시티7단지아파트,2026-05-05,화,23,3
04,곡정고.수원아이파크시티7단지아파트 - 곡정고.수원아이파크시티7단지아파트,2026-05-06,수,6,9
04,곡정고.수원아이파크시티7단지아파트 - 곡정고.수원아이파크시티7단지아파트,2026-05-06,수,7,10
04,곡정고.수원아이파크시티7단지아파트 - 곡정고.수원아이파크시티7단지아파트,2026-05-06,수,8,8
04,곡정고.수원아이파크시티7단지아파트 - 곡정고.수원아이파크시티7단지아파트,2026-05-06,수,9,8
04,곡정고.수원아이파크시티7단지아파트 - 곡정고.수원아이파크시티7단지아파트,2026-05-06,수,10,5
04,곡정고.수원아이파크시티7단지아파트 - 곡정고.수원아이파크시티7단지아파트,2026-05-06,수,11,7
04,곡정고.수원아이파크시티7단지아파트 - 곡정고.수원아이파크시티7단지아파트,2026-05-06,수,12,4
04,곡정고.수원아이파크시티7단지아파트 - 곡정고.수원아이파크시티7단지아파트,2026-05-06,수,13,9
04,곡정고.수원아이파크시티7단지아파트 - 곡정고.수원아이파크시티7단지아파트,2026-05-06,수,14,1
04,곡정고.수원아이파크시티7단지아파트 - 곡정고.수원아이파크시티7단지아파트,2026-05-06,수,15,2
04,곡정고.수원아이파크시티7단지아파트 - 곡정고.수원아이파크시티7단지아파트,2026-05-06,수,16,10
04,곡정고.수원아이파크시티7단지아파트 - 곡정고.수원아이파크시티7단지아파트,2026-05-06,수,17,8
04,곡정고.수원아이파크시티7단지아파트 - 곡정고.수원아이파크시티7단지아파트,2026-05-06,수,18,8
04,곡정고.수원아이파크시티7단지아파트 - 곡정고.수원아이파크시티7단지아파트,2026-05-06,수,19,17
04,곡정고.수원아이파크시티7단지아파트 - 곡정고.수원아이파크시티7단지아파트,2026-05-06,수,20,7
04,곡정고.수원아이파크시티7단지아파트 - 곡정고.수원아이파크시티7단지아파트,2026-05-06,수,21,7
04,곡정고.수원아이파크시티7단지아파트 - 곡정고.수원아이파크시티7단지아파트,2026-05-06,수,22,6
04,곡정고.수원아이파크시티7단지아파트 - 곡정고.수원아이파크시티7단지아파트,2026-05-06,수,23,7
04,곡정고.수원아이파크시티7단지아파트 - 곡정고.수원아이파크시티7단지아파트,2026-05-07,목,6,9
04,곡정고.수원아이파크시티7단지아파트 - 곡정고.수원아이파크시티7단지아파트,2026-05-07,목,7,14
04,곡정고.수원아이파크시티7단지아파트 - 곡정고.수원아이파크시티7단지아파트,2026-05-07,목,8,11
04,곡정고.수원아이파크시티7단지아파트 - 곡정고.수원아이파크시티7단지아파트,2026-05-07,목,9,8
04,곡정고.수원아이파크시티7단지아파트 - 곡정고.수원아이파크시티7단지아파트,2026-05-07,목,10,4
04,곡정고.수원아이파크시티7단지아파트 - 곡정고.수원아이파크시티7단지아파트,2026-05-07,목,11,4
04,곡정고.수원아이파크시티7단지아파트 - 곡정고.수원아이파크시티7단지아파트,2026-05-07,목,12,5
04,곡정고.수원아이파크시티7단지아파트 - 곡정고.수원아이파크시티7단지아파트,2026-05-07,목,13,4
04,곡정고.수원아이파크시티7단지아파트 - 곡정고.수원아이파크시티7단지아파트,2026-05-07,목,14,4
04,곡정고.수원아이파크시티7단지아파트 - 곡정고.수원아이파크시티7단지아파트,2026-05-07,목,15,2
04,곡정고.수원아이파크시티7단지아파트 - 곡정고.수원아이파크시티7단지아파트,2026-05-07,목,16,13
04,곡정고.수원아이파크시티7단지아파트 - 곡정고.수원아이파크시티7단지아파트,2026-05-07,목,17,6
04,곡정고.수원아이파크시티7단지아파트 - 곡정고.수원아이파크시티7단지아파트,2026-05-07,목,18,18
04,곡정고.수원아이파크시티7단지아파트 - 곡정고.수원아이파크시티7단지아파트,2026-05-07,목,19,17
04,곡정고.수원아이파크시티7단지아파트 - 곡정고.수원아이파크시티7단지아파트,2026-05-07,목,20,9
04,곡정고.수원아이파크시티7단지아파트 - 곡정고.수원아이파크시티7단지아파트,2026-05-07,목,21,5
04,곡정고.수원아이파크시티7단지아파트 - 곡정고.수원아이파크시티7단지아파트,2026-05-07,목,22,9
04,곡정고.수원아이파크시티7단지아파트 - 곡정고.수원아이파크시티7단지아파트,2026-05-07,목,23,2
04,곡정고.수원아이파크시티7단지아파트 - 곡정고.수원아이파크시티7단지아파트,2026-05-08,금,6,8
04,곡정고.수원아이파크시티7단지아파트 - 곡정고.수원아이파크시티7단지아파트,2026-05-08,금,7,12
04,곡정고.수원아이파크시티7단지아파트 - 곡정고.수원아이파크시티7단지아파트,2026-05-08,금,8,8
04,곡정고.수원아이파크시티7단지아파트 - 곡정고.수원아이파크시티7단지아파트,2026-05-08,금,9,10
04,곡정고.수원아이파크시티7단지아파트 - 곡정고.수원아이파크시티7단지아파트,2026-05-08,금,10,9
04,곡정고.수원아이파크시티7단지아파트 - 곡정고.수원아이파크시티7단지아파트,2026-05-08,금,11,2
04,곡정고.수원아이파크시티7단지아파트 - 곡정고.수원아이파크시티7단지아파트,2026-05-08,금,12,6
04,곡정고.수원아이파크시티7단지아파트 - 곡정고.수원아이파크시티7단지아파트,2026-05-08,금,13,4
04,곡정고.수원아이파크시티7단지아파트 - 곡정고.수원아이파크시티7단지아파트,2026-05-08,금,14,1
04,곡정고.수원아이파크시티7단지아파트 - 곡정고.수원아이파크시티7단지아파트,2026-05-08,금,15,4
04,곡정고.수원아이파크시티7단지아파트 - 곡정고.수원아이파크시티7단지아파트,2026-05-08,금,16,12
04,곡정고.수원아이파크시티7단지아파트 - 곡정고.수원아이파크시티7단지아파트,2026-05-08,금,17,4
04,곡정고.수원아이파크시티7단지아파트 - 곡정고.수원아이파크시티7단지아파트,2026-05-08,금,18,8
04,곡정고.수원아이파크시티7단지아파트 - 곡정고.수원아이파크시티7단지아파트,2026-05-08,금,19,13
04,곡정고.수원아이파크시티7단지아파트 - 곡정고.수원아이파크시티7단지아파트,2026-05-08,금,20,13
04,곡정고.수원아이파크시티7단지아파트 - 곡정고.수원아이파크시티7단지아파트,2026-05-08,금,21,8
04,곡정고.수원아이파크시티7단지아파트 - 곡정고.수원아이파크시티7단지아파트,2026-05-08,금,22,10
04,곡정고.수원아이파크시티7단지아파트 - 곡정고.수원아이파크시티7단지아파트,2026-05-08,금,23,2
04,곡정고.수원아이파크시티7단지아파트 - 곡정고.수원아이파크시티7단지아파트,2026-05-09,토,6,3
04,곡정고.수원아이파크시티7단지아파트 - 곡정고.수원아이파크시티7단지아파트,2026-05-09,토,7,4
04,곡정고.수원아이파크시티7단지아파트 - 곡정고.수원아이파크시티7단지아파트,2026-05-09,토,8,8
04,곡정고.수원아이파크시티7단지아파트 - 곡정고.수원아이파크시티7단지아파트,2026-05-09,토,9,9
04,곡정고.수원아이파크시티7단지아파트 - 곡정고.수원아이파크시티7단지아파트,2026-05-09,토,10,9
04,곡정고.수원아이파크시티7단지아파트 - 곡정고.수원아이파크시티7단지아파트,2026-05-09,토,11,8
04,곡정고.수원아이파크시티7단지아파트 - 곡정고.수원아이파크시티7단지아파트,2026-05-09,토,12,8
04,곡정고.수원아이파크시티7단지아파트 - 곡정고.수원아이파크시티7단지아파트,2026-05-09,토,13,11
04,곡정고.수원아이파크시티7단지아파트 - 곡정고.수원아이파크시티7단지아파트,2026-05-09,토,14,0
04,곡정고.수원아이파크시티7단지아파트 - 곡정고.수원아이파크시티7단지아파트,2026-05-09,토,15,2
04,곡정고.수원아이파크시티7단지아파트 - 곡정고.수원아이파크시티7단지아파트,2026-05-09,토,16,12
04,곡정고.수원아이파크시티7단지아파트 - 곡정고.수원아이파크시티7단지아파트,2026-05-09,토,17,6
04,곡정고.수원아이파크시티7단지아파트 - 곡정고.수원아이파크시티7단지아파트,2026-05-09,토,18,15
04,곡정고.수원아이파크시티7단지아파트 - 곡정고.수원아이파크시티7단지아파트,2026-05-09,토,19,10
04,곡정고.수원아이파크시티7단지아파트 - 곡정고.수원아이파크시티7단지아파트,2026-05-09,토,20,8
04,곡정고.수원아이파크시티7단지아파트 - 곡정고.수원아이파크시티7단지아파트,2026-05-09,토,21,10
04,곡정고.수원아이파크시티7단지아파트 - 곡정고.수원아이파크시티7단지아파트,2026-05-09,토,22,16
04,곡정고.수원아이파크시티7단지아파트 - 곡정고.수원아이파크시티7단지아파트,2026-05-09,토,23,2
04,곡정고.수원아이파크시티7단지아파트 - 곡정고.수원아이파크시티7단지아파트,2026-05-10,일,6,2
04,곡정고.수원아이파크시티7단지아파트 - 곡정고.수원아이파크시티7단지아파트,2026-05-10,일,7,6
04,곡정고.수원아이파크시티7단지아파트 - 곡정고.수원아이파크시티7단지아파트,2026-05-10,일,8,2
04,곡정고.수원아이파크시티7단지아파트 - 곡정고.수원아이파크시티7단지아파트,2026-05-10,일,9,5
04,곡정고.수원아이파크시티7단지아파트 - 곡정고.수원아이파크시티7단지아파트,2026-05-10,일,10,6
04,곡정고.수원아이파크시티7단지아파트 - 곡정고.수원아이파크시티7단지아파트,2026-05-10,일,11,5
04,곡정고.수원아이파크시티7단지아파트 - 곡정고.수원아이파크시티7단지아파트,2026-05-10,일,12,8
04,곡정고.수원아이파크시티7단지아파트 - 곡정고.수원아이파크시티7단지아파트,2026-05-10,일,13,2
04,곡정고.수원아이파크시티7단지아파트 - 곡정고.수원아이파크시티7단지아파트,2026-05-10,일,14,2
04,곡정고.수원아이파크시티7단지아파트 - 곡정고.수원아이파크시티7단지아파트,2026-05-10,일,15,2
04,곡정고.수원아이파크시티7단지아파트 - 곡정고.수원아이파크시티7단지아파트,2026-05-10,일,16,7
04,곡정고.수원아이파크시티7단지아파트 - 곡정고.수원아이파크시티7단지아파트,2026-05-10,일,17,8
04,곡정고.수원아이파크시티7단지아파트 - 곡정고.수원아이파크시티7단지아파트,2026-05-10,일,18,2
04,곡정고.수원아이파크시티7단지아파트 - 곡정고.수원아이파크시티7단지아파트,2026-05-10,일,19,5
04,곡정고.수원아이파크시티7단지아파트 - 곡정고.수원아이파크시티7단지아파트,2026-05-10,일,20,7
04,곡정고.수원아이파크시티7단지아파트 - 곡정고.수원아이파크시티7단지아파트,2026-05-10,일,21,2
04,곡정고.수원아이파크시티7단지아파트 - 곡정고.수원아이파크시티7단지아파트,2026-05-10,일,22,4
04,곡정고.수원아이파크시티7단지아파트 - 곡정고.수원아이파크시티7단지아파트,2026-05-10,일,23,0
04,곡정고.수원아이파크시티7단지아파트 - 곡정고.수원아이파크시티7단지아파트,2026-05-11,월,6,10
04,곡정고.수원아이파크시티7단지아파트 - 곡정고.수원아이파크시티7단지아파트,2026-05-11,월,7,14
04,곡정고.수원아이파크시티7단지아파트 - 곡정고.수원아이파크시티7단지아파트,2026-05-11,월,8,7
04,곡정고.수원아이파크시티7단지아파트 - 곡정고.수원아이파크시티7단지아파트,2026-05-11,월,9,6
04,곡정고.수원아이파크시티7단지아파트 - 곡정고.수원아이파크시티7단지아파트,2026-05-11,월,10,7
04,곡정고.수원아이파크시티7단지아파트 - 곡정고.수원아이파크시티7단지아파트,2026-05-11,월,11,7
04,곡정고.수원아이파크시티7단지아파트 - 곡정고.수원아이파크시티7단지아파트,2026-05-11,월,12,7
04,곡정고.수원아이파크시티7단지아파트 - 곡정고.수원아이파크시티7단지아파트,2026-05-11,월,13,6
04,곡정고.수원아이파크시티7단지아파트 - 곡정고.수원아이파크시티7단지아파트,2026-05-11,월,14,1
04,곡정고.수원아이파크시티7단지아파트 - 곡정고.수원아이파크시티7단지아파트,2026-05-11,월,15,3
04,곡정고.수원아이파크시티7단지아파트 - 곡정고.수원아이파크시티7단지아파트,2026-05-11,월,16,12
04,곡정고.수원아이파크시티7단지아파트 - 곡정고.수원아이파크시티7단지아파트,2026-05-11,월,17,9
04,곡정고.수원아이파크시티7단지아파트 - 곡정고.수원아이파크시티7단지아파트,2026-05-11,월,18,17
04,곡정고.수원아이파크시티7단지아파트 - 곡정고.수원아이파크시티7단지아파트,2026-05-11,월,19,14
04,곡정고.수원아이파크시티7단지아파트 - 곡정고.수원아이파크시티7단지아파트,2026-05-11,월,20,11
04,곡정고.수원아이파크시티7단지아파트 - 곡정고.수원아이파크시티7단지아파트,2026-05-11,월,21,8
04,곡정고.수원아이파크시티7단지아파트 - 곡정고.수원아이파크시티7단지아파트,2026-05-11,월,22,13
04,곡정고.수원아이파크시티7단지아파트 - 곡정고.수원아이파크시티7단지아파트,2026-05-11,월,23,4
04,곡정고.수원아이파크시티7단지아파트 - 곡정고.수원아이파크시티7단지아파트,2026-05-12,화,6,8
04,곡정고.수원아이파크시티7단지아파트 - 곡정고.수원아이파크시티7단지아파트,2026-05-12,화,7,16
04,곡정고.수원아이파크시티7단지아파트 - 곡정고.수원아이파크시티7단지아파트,2026-05-12,화,8,7
04,곡정고.수원아이파크시티7단지아파트 - 곡정고.수원아이파크시티7단지아파트,2026-05-12,화,9,7
04,곡정고.수원아이파크시티7단지아파트 - 곡정고.수원아이파크시티7단지아파트,2026-05-12,화,10,2
04,곡정고.수원아이파크시티7단지아파트 - 곡정고.수원아이파크시티7단지아파트,2026-05-12,화,11,2
04,곡정고.수원아이파크시티7단지아파트 - 곡정고.수원아이파크시티7단지아파트,2026-05-12,화,12,3
04,곡정고.수원아이파크시티7단지아파트 - 곡정고.수원아이파크시티7단지아파트,2026-05-12,화,13,8
04,곡정고.수원아이파크시티7단지아파트 - 곡정고.수원아이파크시티7단지아파트,2026-05-12,화,14,0
04,곡정고.수원아이파크시티7단지아파트 - 곡정고.수원아이파크시티7단지아파트,2026-05-12,화,15,2
04,곡정고.수원아이파크시티7단지아파트 - 곡정고.수원아이파크시티7단지아파트,2026-05-12,화,16,4
04,곡정고.수원아이파크시티7단지아파트 - 곡정고.수원아이파크시티7단지아파트,2026-05-12,화,17,14
04,곡정고.수원아이파크시티7단지아파트 - 곡정고.수원아이파크시티7단지아파트,2026-05-12,화,18,19
04,곡정고.수원아이파크시티7단지아파트 - 곡정고.수원아이파크시티7단지아파트,2026-05-12,화,19,9
04,곡정고.수원아이파크시티7단지아파트 - 곡정고.수원아이파크시티7단지아파트,2026-05-12,화,20,6
04,곡정고.수원아이파크시티7단지아파트 - 곡정고.수원아이파크시티7단지아파트,2026-05-12,화,21,7
04,곡정고.수원아이파크시티7단지아파트 - 곡정고.수원아이파크시티7단지아파트,2026-05-12,화,22,12
04,곡정고.수원아이파크시티7단지아파트 - 곡정고.수원아이파크시티7단지아파트,2026-05-12,화,23,3
04,곡정고.수원아이파크시티7단지아파트 - 곡정고.수원아이파크시티7단지아파트,2026-05-13,수,6,7
04,곡정고.수원아이파크시티7단지아파트 - 곡정고.수원아이파크시티7단지아파트,2026-05-13,수,7,19
04,곡정고.수원아이파크시티7단지아파트 - 곡정고.수원아이파크시티7단지아파트,2026-05-13,수,8,7
04,곡정고.수원아이파크시티7단지아파트 - 곡정고.수원아이파크시티7단지아파트,2026-05-13,수,9,6
04,곡정고.수원아이파크시티7단지아파트 - 곡정고.수원아이파크시티7단지아파트,2026-05-13,수,10,8
04,곡정고.수원아이파크시티7단지아파트 - 곡정고.수원아이파크시티7단지아파트,2026-05-13,수,11,3
04,곡정고.수원아이파크시티7단지아파트 - 곡정고.수원아이파크시티7단지아파트,2026-05-13,수,12,6
04,곡정고.수원아이파크시티7단지아파트 - 곡정고.수원아이파크시티7단지아파트,2026-05-13,수,13,5
04,곡정고.수원아이파크시티7단지아파트 - 곡정고.수원아이파크시티7단지아파트,2026-05-13,수,14,1
04,곡정고.수원아이파크시티7단지아파트 - 곡정고.수원아이파크시티7단지아파트,2026-05-13,수,15,1
04,곡정고.수원아이파크시티7단지아파트 - 곡정고.수원아이파크시티7단지아파트,2026-05-13,수,16,8
04,곡정고.수원아이파크시티7단지아파트 - 곡정고.수원아이파크시티7단지아파트,2026-05-13,수,17,10
04,곡정고.수원아이파크시티7단지아파트 - 곡정고.수원아이파크시티7단지아파트,2026-05-13,수,18,15
04,곡정고.수원아이파크시티7단지아파트 - 곡정고.수원아이파크시티7단지아파트,2026-05-13,수,19,17
04,곡정고.수원아이파크시티7단지아파트 - 곡정고.수원아이파크시티7단지아파트,2026-05-13,수,20,10
04,곡정고.수원아이파크시티7단지아파트 - 곡정고.수원아이파크시티7단지아파트,2026-05-13,수,21,4
04,곡정고.수원아이파크시티7단지아파트 - 곡정고.수원아이파크시티7단지아파트,2026-05-13,수,22,7
04,곡정고.수원아이파크시티7단지아파트 - 곡정고.수원아이파크시티7단지아파트,2026-05-13,수,23,2
04,곡정고.수원아이파크시티7단지아파트 - 곡정고.수원아이파크시티7단지아파트,2026-05-14,목,6,11
04,곡정고.수원아이파크시티7단지아파트 - 곡정고.수원아이파크시티7단지아파트,2026-05-14,목,7,15
04,곡정고.수원아이파크시티7단지아파트 - 곡정고.수원아이파크시티7단지아파트,2026-05-14,목,8,7
04,곡정고.수원아이파크시티7단지아파트 - 곡정고.수원아이파크시티7단지아파트,2026-05-14,목,9,11
04,곡정고.수원아이파크시티7단지아파트 - 곡정고.수원아이파크시티7단지아파트,2026-05-14,목,10,4
04,곡정고.수원아이파크시티7단지아파트 - 곡정고.수원아이파크시티7단지아파트,2026-05-14,목,11,1
04,곡정고.수원아이파크시티7단지아파트 - 곡정고.수원아이파크시티7단지아파트,2026-05-14,목,12,5
04,곡정고.수원아이파크시티7단지아파트 - 곡정고.수원아이파크시티7단지아파트,2026-05-14,목,13,8
04,곡정고.수원아이파크시티7단지아파트 - 곡정고.수원아이파크시티7단지아파트,2026-05-14,목,14,4
04,곡정고.수원아이파크시티7단지아파트 - 곡정고.수원아이파크시티7단지아파트,2026-05-14,목,15,1
04,곡정고.수원아이파크시티7단지아파트 - 곡정고.수원아이파크시티7단지아파트,2026-05-14,목,16,11
04,곡정고.수원아이파크시티7단지아파트 - 곡정고.수원아이파크시티7단지아파트,2026-05-14,목,17,9
04,곡정고.수원아이파크시티7단지아파트 - 곡정고.수원아이파크시티7단지아파트,2026-05-14,목,18,13
04,곡정고.수원아이파크시티7단지아파트 - 곡정고.수원아이파크시티7단지아파트,2026-05-14,목,19,11
04,곡정고.수원아이파크시티7단지아파트 - 곡정고.수원아이파크시티7단지아파트,2026-05-14,목,20,7
04,곡정고.수원아이파크시티7단지아파트 - 곡정고.수원아이파크시티7단지아파트,2026-05-14,목,21,9
04,곡정고.수원아이파크시티7단지아파트 - 곡정고.수원아이파크시티7단지아파트,2026-05-14,목,22,10
04,곡정고.수원아이파크시티7단지아파트 - 곡정고.수원아이파크시티7단지아파트,2026-05-14,목,23,3
04,곡정고.수원아이파크시티7단지아파트 - 곡정고.수원아이파크시티7단지아파트,2026-08-01,토,6,1
04,곡정고.수원아이파크시티7단지아파트 - 곡정고.수원아이파크시티7단지아파트,2026-08-01,토,7,4
04,곡정고.수원아이파크시티7단지아파트 - 곡정고.수원아이파크시티7단지아파트,2026-08-01,토,8,9
04,곡정고.수원아이파크시티7단지아파트 - 곡정고.수원아이파크시티7단지아파트,2026-08-01,토,9,8
04,곡정고.수원아이파크시티7단지아파트 - 곡정고.수원아이파크시티7단지아파트,2026-08-01,토,10,9
04,곡정고.수원아이파크시티7단지아파트 - 곡정고.수원아이파크시티7단지아파트,2026-08-01,토,11,11
04,곡정고.수원아이파크시티7단지아파트 - 곡정고.수원아이파크시티7단지아파트,2026-08-01,토,12,6
04,곡정고.수원아이파크시티7단지아파트 - 곡정고.수원아이파크시티7단지아파트,2026-08-01,토,13,7
04,곡정고.수원아이파크시티7단지아파트 - 곡정고.수원아이파크시티7단지아파트,2026-08-01,토,14,3
04,곡정고.수원아이파크시티7단지아파트 - 곡정고.수원아이파크시티7단지아파트,2026-08-01,토,15,4
04,곡정고.수원아이파크시티7단지아파트 - 곡정고.수원아이파크시티7단지아파트,2026-08-01,토,16,13
04,곡정고.수원아이파크시티7단지아파트 - 곡정고.수원아이파크시티7단지아파트,2026-08-01,토,17,12
04,곡정고.수원아이파크시티7단지아파트 - 곡정고.수원아이파크시티7단지아파트,2026-08-01,토,18,9
04,곡정고.수원아이파크시티7단지아파트 - 곡정고.수원아이파크시티7단지아파트,2026-08-01,토,19,7
04,곡정고.수원아이파크시티7단지아파트 - 곡정고.수원아이파크시티7단지아파트,2026-08-01,토,20,8
04,곡정고.수원아이파크시티7단지아파트 - 곡정고.수원아이파크시티7단지아파트,2026-08-01,토,21,5
04,곡정고.수원아이파크시티7단지아파트 - 곡정고.수원아이파크시티7단지아파트,2026-08-01,토,22,14
04,곡정고.수원아이파크시티7단지아파트 - 곡정고.수원아이파크시티7단지아파트,2026-08-01,토,23,5
04,곡정고.수원아이파크시티7단지아파트 - 곡정고.수원아이파크시티7단지아파트,2026-08-02,일,6,5
04,곡정고.수원아이파크시티7단지아파트 - 곡정고.수원아이파크시티7단지아파트,2026-08-02,일,7,5
04,곡정고.수원아이파크시티7단지아파트 - 곡정고.수원아이파크시티7단지아파트,2026-08-02,일,8,2
04,곡정고.수원아이파크시티7단지아파트 - 곡정고.수원아이파크시티7단지아파트,2026-08-02,일,9,6
04,곡정고.수원아이파크시티7단지아파트 - 곡정고.수원아이파크시티7단지아파트,2026-08-02,일,10,3
04,곡정고.수원아이파크시티7단지아파트 - 곡정고.수원아이파크시티7단지아파트,2026-08-02,일,11,7
04,곡정고.수원아이파크시티7단지아파트 - 곡정고.수원아이파크시티7단지아파트,2026-08-02,일,12,10
04,곡정고.수원아이파크시티7단지아파트 - 곡정고.수원아이파크시티7단지아파트,2026-08-02,일,13,4
04,곡정고.수원아이파크시티7단지아파트 - 곡정고.수원아이파크시티7단지아파트,2026-08-02,일,14,2
04,곡정고.수원아이파크시티7단지아파트 - 곡정고.수원아이파크시티7단지아파트,2026-08-02,일,15,3
04,곡정고.수원아이파크시티7단지아파트 - 곡정고.수원아이파크시티7단지아파트,2026-08-02,일,16,4
04,곡정고.수원아이파크시티7단지아파트 - 곡정고.수원아이파크시티7단지아파트,2026-08-02,일,17,13
04,곡정고.수원아이파크시티7단지아파트 - 곡정고.수원아이파크시티7단지아파트,2026-08-02,일,18,7
04,곡정고.수원아이파크시티7단지아파트 - 곡정고.수원아이파크시티7단지아파트,2026-08-02,일,19,9
04,곡정고.수원아이파크시티7단지아파트 - 곡정고.수원아이파크시티7단지아파트,2026-08-02,일,20,3
04,곡정고.수원아이파크시티7단지아파트 - 곡정고.수원아이파크시티7단지아파트,2026-08-02,일,21,6
04,곡정고.수원아이파크시티7단지아파트 - 곡정고.수원아이파크시티7단지아파트,2026-08-02,일,22,4
04,곡정고.수원아이파크시티7단지아파트 - 곡정고.수원아이파크시티7단지아파트,2026-08-02,일,23,3
04,곡정고.수원아이파크시티7단지아파트 - 곡정고.수원아이파크시티7단지아파트,2026-08-03,월,6,7
04,곡정고.수원아이파크시티7단지아파트 - 곡정고.수원아이파크시티7단지아파트,2026-08-03,월,7,18
04,곡정고.수원아이파크시티7단지아파트 - 곡정고.수원아이파크시티7단지아파트,2026-08-03,월,8,11
04,곡정고.수원아이파크시티7단지아파트 - 곡정고.수원아이파크시티7단지아파트,2026-08-03,월,9,3
04,곡정고.수원아이파크시티7단지아파트 - 곡정고.수원아이파크시티7단지아파트,2026-08-03,월,10,9
04,곡정고.수원아이파크시티7단지아파트 - 곡정고.수원아이파크시티7단지아파트,2026-08-03,월,11,5
04,곡정고.수원아이파크시티7단지아파트 - 곡정고.수원아이파크시티7단지아파트,2026-08-03,월,12,4
04,곡정고.수원아이파크시티7단지아파트 - 곡정고.수원아이파크시티7단지아파트,2026-08-03,월,13,7
04,곡정고.수원아이파크시티7단지아파트 - 곡정고.수원아이파크시티7단지아파트,2026-08-03,월,14,1
04,곡정고.수원아이파크시티7단지아파트 - 곡정고.수원아이파크시티7단지아파트,2026-08-03,월,15,3
04,곡정고.수원아이파크시티7단지아파트 - 곡정고.수원아이파크시티7단지아파트,2026-08-03,월,16,8
04,곡정고.수원아이파크시티7단지아파트 - 곡정고.수원아이파크시티7단지아파트,2026-08-03,월,17,10
04,곡정고.수원아이파크시티7단지아파트 - 곡정고.수원아이파크시티7단지아파트,2026-08-03,월,18,17
04,곡정고.수원아이파크시티7단지아파트 - 곡정고.수원아이파크시티7단지아파트,2026-08-03,월,19,19
04,곡정고.수원아이파크시티7단지아파트 - 곡정고.수원아이파크시티7단지아파트,2026-08-03,월,20,19
04,곡정고.수원아이파크시티7단지아파트 - 곡정고.수원아이파크시티7단지아파트,2026-08-03,월,21,10
04,곡정고.수원아이파크시티7단지아파트 - 곡정고.수원아이파크시티7단지아파트,2026-08-03,월,22,12
04,곡정고.수원아이파크시티7단지아파트 - 곡정고.수원아이파크시티7단지아파트,2026-08-03,월,23,5
04,곡정고.수원아이파크시티7단지아파트 - 곡정고.수원아이파크시티7단지아파트,2026-08-04,화,6,6
04,곡정고.수원아이파크시티7단지아파트 - 곡정고.수원아이파크시티7단지아파트,2026-08-04,화,7,20
04,곡정고.수원아이파크시티7단지아파트 - 곡정고.수원아이파크시티7단지아파트,2026-08-04,화,8,7
04,곡정고.수원아이파크시티7단지아파트 - 곡정고.수원아이파크시티7단지아파트,2026-08-04,화,9,10
04,곡정고.수원아이파크시티7단지아파트 - 곡정고.수원아이파크시티7단지아파트,2026-08-04,화,10,7
04,곡정고.수원아이파크시티7단지아파트 - 곡정고.수원아이파크시티7단지아파트,2026-08-04,화,11,6
04,곡정고.수원아이파크시티7단지아파트 - 곡정고.수원아이파크시티7단지아파트,2026-08-04,화,12,5
04,곡정고.수원아이파크시티7단지아파트 - 곡정고.수원아이파크시티7단지아파트,2026-08-04,화,13,4
04,곡정고.수원아이파크시티7단지아파트 - 곡정고.수원아이파크시티7단지아파트,2026-08-04,화,14,5
04,곡정고.수원아이파크시티7단지아파트 - 곡정고.수원아이파크시티7단지아파트,2026-08-04,화,15,1
04,곡정고.수원아이파크시티7단지아파트 - 곡정고.수원아이파크시티7단지아파트,2026-08-04,화,16,10
04,곡정고.수원아이파크시티7단지아파트 - 곡정고.수원아이파크시티7단지아파트,2026-08-04,화,17,10
04,곡정고.수원아이파크시티7단지아파트 - 곡정고.수원아이파크시티7단지아파트,2026-08-04,화,18,17
04,곡정고.수원아이파크시티7단지아파트 - 곡정고.수원아이파크시티7단지아파트,2026-08-04,화,19,15
04,곡정고.수원아이파크시티7단지아파트 - 곡정고.수원아이파크시티7단지아파트,2026-08-04,화,20,13
04,곡정고.수원아이파크시티7단지아파트 - 곡정고.수원아이파크시티7단지아파트,2026-08-04,화,21,10
04,곡정고.수원아이파크시티7단지아파트 - 곡정고.수원아이파크시티7단지아파트,2026-08-04,화,22,9
04,곡정고.수원아이파크시티7단지아파트 - 곡정고.수원아이파크시티7단지아파트,2026-08-04,화,23,4
04,곡정고.수원아이파크시티7단지아파트 - 곡정고.수원아이파크시티7단지아파트,2026-08-05,수,6,3
04,곡정고.수원아이파크시티7단지아파트 - 곡정고.수원아이파크시티7단지아파트,2026-08-05,수,7,19
04,곡정고.수원아이파크시티7단지아파트 - 곡정고.수원아이파크시티7단지아파트,2026-08-05,수,8,9
04,곡정고.수원아이파크시티7단지아파트 - 곡정고.수원아이파크시티7단지아파트,2026-08-05,수,9,10
04,곡정고.수원아이파크시티7단지아파트 - 곡정고.수원아이파크시티7단지아파트,2026-08-05,수,10,8
04,곡정고.수원아이파크시티7단지아파트 - 곡정고.수원아이파크시티7단지아파트,2026-08-05,수,11,5
04,곡정고.수원아이파크시티7단지아파트 - 곡정고.수원아이파크시티7단지아파트,2026-08-05,수,12,7
04,곡정고.수원아이파크시티7단지아파트 - 곡정고.수원아이파크시티7단지아파트,2026-08-05,수,13,8
04,곡정고.수원아이파크시티7단지아파트 - 곡정고.수원아이파크시티7단지아파트,2026-08-05,수,14,4
04,곡정고.수원아이파크시티7단지아파트 - 곡정고.수원아이파크시티7단지아파트,2026-08-05,수,15,1
04,곡정고.수원아이파크시티7단지아파트 - 곡정고.수원아이파크시티7단지아파트,2026-08-05,수,16,8
04,곡정고.수원아이파크시티7단지아파트 - 곡정고.수원아이파크시티7단지아파트,2026-08-05,수,17,13
04,곡정고.수원아이파크시티7단지아파트 - 곡정고.수원아이파크시티7단지아파트,2026-08-05,수,18,13
04,곡정고.수원아이파크시티7단지아파트 - 곡정고.수원아이파크시티7단지아파트,2026-08-05,수,19,28
04,곡정고.수원아이파크시티7단지아파트 - 곡정고.수원아이파크시티7단지아파트,2026-08-05,수,20,9
04,곡정고.수원아이파크시티7단지아파트 - 곡정고.수원아이파크시티7단지아파트,2026-08-05,수,21,10
04,곡정고.수원아이파크시티7단지아파트 - 곡정고.수원아이파크시티7단지아파트,2026-08-05,수,22,13
04,곡정고.수원아이파크시티7단지아파트 - 곡정고.수원아이파크시티7단지아파트,2026-08-05,수,23,3
04,곡정고.수원아이파크시티7단지아파트 - 곡정고.수원아이파크시티7단지아파트,2026-08-06,목,6,5
04,곡정고.수원아이파크시티7단지아파트 - 곡정고.수원아이파크시티7단지아파트,2026-08-06,목,7,20
04,곡정고.수원아이파크시티7단지아파트 - 곡정고.수원아이파크시티7단지아파트,2026-08-06,목,8,11
04,곡정고.수원아이파크시티7단지아파트 - 곡정고.수원아이파크시티7단지아파트,2026-08-06,목,9,9
04,곡정고.수원아이파크시티7단지아파트 - 곡정고.수원아이파크시티7단지아파트,2026-08-06,목,10,7
04,곡정고.수원아이파크시티7단지아파트 - 곡정고.수원아이파크시티7단지아파트,2026-08-06,목,11,7
04,곡정고.수원아이파크시티7단지아파트 - 곡정고.수원아이파크시티7단지아파트,2026-08-06,목,12,7
04,곡정고.수원아이파크시티7단지아파트 - 곡정고.수원아이파크시티7단지아파트,2026-08-06,목,13,10
04,곡정고.수원아이파크시티7단지아파트 - 곡정고.수원아이파크시티7단지아파트,2026-08-06,목,14,5
04,곡정고.수원아이파크시티7단지아파트 - 곡정고.수원아이파크시티7단지아파트,2026-08-06,목,15,3
04,곡정고.수원아이파크시티7단지아파트 - 곡정고.수원아이파크시티7단지아파트,2026-08-06,목,16,10
04,곡정고.수원아이파크시티7단지아파트 - 곡정고.수원아이파크시티7단지아파트,2026-08-06,목,17,13
04,곡정고.수원아이파크시티7단지아파트 - 곡정고.수원아이파크시티7단지아파트,2026-08-06,목,18,16
04,곡정고.수원아이파크시티7단지아파트 - 곡정고.수원아이파크시티7단지아파트,2026-08-06,목,19,16
04,곡정고.수원아이파크시티7단지아파트 - 곡정고.수원아이파크시티7단지아파트,2026-08-06,목,20,6
04,곡정고.수원아이파크시티7단지아파트 - 곡정고.수원아이파크시티7단지아파트,2026-08-06,목,21,8
04,곡정고.수원아이파크시티7단지아파트 - 곡정고.수원아이파크시티7단지아파트,2026-08-06,목,22,12
04,곡정고.수원아이파크시티7단지아파트 - 곡정고.수원아이파크시티7단지아파트,2026-08-06,목,23,4
04,곡정고.수원아이파크시티7단지아파트 - 곡정고.수원아이파크시티7단지아파트,2026-08-07,금,6,7
04,곡정고.수원아이파크시티7단지아파트 - 곡정고.수원아이파크시티7단지아파트,2026-08-07,금,7,20
04,곡정고.수원아이파크시티7단지아파트 - 곡정고.수원아이파크시티7단지아파트,2026-08-07,금,8,8
04,곡정고.수원아이파크시티7단지아파트 - 곡정고.수원아이파크시티7단지아파트,2026-08-07,금,9,10
04,곡정고.수원아이파크시티7단지아파트 - 곡정고.수원아이파크시티7단지아파트,2026-08-07,금,10,13
04,곡정고.수원아이파크시티7단지아파트 - 곡정고.수원아이파크시티7단지아파트,2026-08-07,금,11,6
04,곡정고.수원아이파크시티7단지아파트 - 곡정고.수원아이파크시티7단지아파트,2026-08-07,금,12,8
04,곡정고.수원아이파크시티7단지아파트 - 곡정고.수원아이파크시티7단지아파트,2026-08-07,금,13,9
04,곡정고.수원아이파크시티7단지아파트 - 곡정고.수원아이파크시티7단지아파트,2026-08-07,금,14,4
04,곡정고.수원아이파크시티7단지아파트 - 곡정고.수원아이파크시티7단지아파트,2026-08-07,금,15,6
04,곡정고.수원아이파크시티7단지아파트 - 곡정고.수원아이파크시티7단지아파트,2026-08-07,금,16,9
04,곡정고.수원아이파크시티7단지아파트 - 곡정고.수원아이파크시티7단지아파트,2026-08-07,금,17,13
04,곡정고.수원아이파크시티7단지아파트 - 곡정고.수원아이파크시티7단지아파트,2026-08-07,금,18,25
04,곡정고.수원아이파크시티7단지아파트 - 곡정고.수원아이파크시티7단지아파트,2026-08-07,금,19,17
04,곡정고.수원아이파크시티7단지아파트 - 곡정고.수원아이파크시티7단지아파트,2026-08-07,금,20,12
04,곡정고.수원아이파크시티7단지아파트 - 곡정고.수원아이파크시티7단지아파트,2026-08-07,금,21,15
04,곡정고.수원아이파크시티7단지아파트 - 곡정고.수원아이파크시티7단지아파트,2026-08-07,금,22,9
04,곡정고.수원아이파크시티7단지아파트 - 곡정고.수원아이파크시티7단지아파트,2026-08-07,금,23,3
04,곡정고.수원아이파크시티7단지아파트 - 곡정고.수원아이파크시티7단지아파트,2026-08-08,토,6,1
04,곡정고.수원아이파크시티7단지아파트 - 곡정고.수원아이파크시티7단지아파트,2026-08-08,토,7,10
04,곡정고.수원아이파크시티7단지아파트 - 곡정고.수원아이파크시티7단지아파트,2026-08-08,토,8,5
04,곡정고.수원아이파크시티7단지아파트 - 곡정고.수원아이파크시티7단지아파트,2026-08-08,토,9,11
04,곡정고.수원아이파크시티7단지아파트 - 곡정고.수원아이파크시티7단지아파트,2026-08-08,토,10,8
04,곡정고.수원아이파크시티7단지아파트 - 곡정고.수원아이파크시티7단지아파트,2026-08-08,토,11,8
04,곡정고.수원아이파크시티7단지아파트 - 곡정고.수원아이파크시티7단지아파트,2026-08-08,토,12,13
04,곡정고.수원아이파크시티7단지아파트 - 곡정고.수원아이파크시티7단지아파트,2026-08-08,토,13,9
04,곡정고.수원아이파크시티7단지아파트 - 곡정고.수원아이파크시티7단지아파트,2026-08-08,토,14,5
04,곡정고.수원아이파크시티7단지아파트 - 곡정고.수원아이파크시티7단지아파트,2026-08-08,토,15,9
04,곡정고.수원아이파크시티7단지아파트 - 곡정고.수원아이파크시티7단지아파트,2026-08-08,토,16,11
04,곡정고.수원아이파크시티7단지아파트 - 곡정고.수원아이파크시티7단지아파트,2026-08-08,토,17,8
04,곡정고.수원아이파크시티7단지아파트 - 곡정고.수원아이파크시티7단지아파트,2026-08-08,토,18,13
04,곡정고.수원아이파크시티7단지아파트 - 곡정고.수원아이파크시티7단지아파트,2026-08-08,토,19,11
04,곡정고.수원아이파크시티7단지아파트 - 곡정고.수원아이파크시티7단지아파트,2026-08-08,토,20,3
04,곡정고.수원아이파크시티7단지아파트 - 곡정고.수원아이파크시티7단지아파트,2026-08-08,토,21,10
04,곡정고.수원아이파크시티7단지아파트 - 곡정고.수원아이파크시티7단지아파트,2026-08-08,토,22,3
04,곡정고.수원아이파크시티7단지아파트 - 곡정고.수원아이파크시티7단지아파트,2026-08-08,토,23,6
04,곡정고.수원아이파크시티7단지아파트 - 곡정고.수원아이파크시티7단지아파트,2026-08-09,일,6,0
04,곡정고.수원아이파크시티7단지아파트 - 곡정고.수원아이파크시티7단지아파트,2026-08-09,일,7,3
04,곡정고.수원아이파크시티7단지아파트 - 곡정고.수원아이파크시티7단지아파트,2026-08-09,일,8,0
04,곡정고.수원아이파크시티7단지아파트 - 곡정고.수원아이파크시티7단지아파트,2026-08-09,일,9,8
04,곡정고.수원아이파크시티7단지아파트 - 곡정고.수원아이파크시티7단지아파트,2026-08-09,일,10,6
04,곡정고.수원아이파크시티7단지아파트 - 곡정고.수원아이파크시티7단지아파트,2026-08-09,일,11,6
04,곡정고.수원아이파크시티7단지아파트 - 곡정고.수원아이파크시티7단지아파트,2026-08-09,일,12,4
04,곡정고.수원아이파크시티7단지아파트 - 곡정고.수원아이파크시티7단지아파트,2026-08-09,일,13,12
04,곡정고.수원아이파크시티7단지아파트 - 곡정고.수원아이파크시티7단지아파트,2026-08-09,일,14,1
04,곡정고.수원아이파크시티7단지아파트 - 곡정고.수원아이파크시티7단지아파트,2026-08-09,일,15,10
04,곡정고.수원아이파크시티7단지아파트 - 곡정고.수원아이파크시티7단지아파트,2026-08-09,일,16,15
04,곡정고.수원아이파크시티7단지아파트 - 곡정고.수원아이파크시티7단지아파트,2026-08-09,일,17,8
04,곡정고.수원아이파크시티7단지아파트 - 곡정고.수원아이파크시티7단지아파트,2026-08-09,일,18,5
04,곡정고.수원아이파크시티7단지아파트 - 곡정고.수원아이파크시티7단지아파트,2026-08-09,일,19,10
04,곡정고.수원아이파크시티7단지아파트 - 곡정고.수원아이파크시티7단지아파트,2026-08-09,일,20,7
04,곡정고.수원아이파크시티7단지아파트 - 곡정고.수원아이파크시티7단지아파트,2026-08-09,일,21,3
04,곡정고.수원아이파크시티7단지아파트 - 곡정고.수원아이파크시티7단지아파트,2026-08-09,일,22,5
04,곡정고.수원아이파크시티7단지아파트 - 곡정고.수원아이파크시티7단지아파트,2026-08-09,일,23,3
04,곡정고.수원아이파크시티7단지아파트 - 곡정고.수원아이파크시티7단지아파트,2026-08-10,월,6,9
04,곡정고.수원아이파크시티7단지아파트 - 곡정고.수원아이파크시티7단지아파트,2026-08-10,월,7,19
04,곡정고.수원아이파크시티7단지아파트 - 곡정고.수원아이파크시티7단지아파트,2026-08-10,월,8,12
04,곡정고.수원아이파크시티7단지아파트 - 곡정고.수원아이파크시티7단지아파트,2026-08-10,월,9,8
04,곡정고.수원아이파크시티7단지아파트 - 곡정고.수원아이파크시티7단지아파트,2026-08-10,월,10,14
04,곡정고.수원아이파크시티7단지아파트 - 곡정고.수원아이파크시티7단지아파트,2026-08-10,월,11,5
04,곡정고.수원아이파크시티7단지아파트 - 곡정고.수원아이파크시티7단지아파트,2026-08-10,월,12,7
04,곡정고.수원아이파크시티7단지아파트 - 곡정고.수원아이파크시티7단지아파트,2026-08-10,월,13,6
04,곡정고.수원아이파크시티7단지아파트 - 곡정고.수원아이파크시티7단지아파트,2026-08-10,월,14,2
04,곡정고.수원아이파크시티7단지아파트 - 곡정고.수원아이파크시티7단지아파트,2026-08-10,월,15,4
04,곡정고.수원아이파크시티7단지아파트 - 곡정고.수원아이파크시티7단지아파트,2026-08-10,월,16,10
04,곡정고.수원아이파크시티7단지아파트 - 곡정고.수원아이파크시티7단지아파트,2026-08-10,월,17,8
04,곡정고.수원아이파크시티7단지아파트 - 곡정고.수원아이파크시티7단지아파트,2026-08-10,월,18,19
04,곡정고.수원아이파크시티7단지아파트 - 곡정고.수원아이파크시티7단지아파트,2026-08-10,월,19,16
04,곡정고.수원아이파크시티7단지아파트 - 곡정고.수원아이파크시티7단지아파트,2026-08-10,월,20,16
04,곡정고.수원아이파크시티7단지아파트 - 곡정고.수원아이파크시티7단지아파트,2026-08-10,월,21,12
04,곡정고.수원아이파크시티7단지아파트 - 곡정고.수원아이파크시티7단지아파트,2026-08-10,월,22,13
04,곡정고.수원아이파크시티7단지아파트 - 곡정고.수원아이파크시티7단지아파트,2026-08-10,월,23,2
04,곡정고.수원아이파크시티7단지아파트 - 곡정고.수원아이파크시티7단지아파트,2026-08-11,화,6,11
04,곡정고.수원아이파크시티7단지아파트 - 곡정고.수원아이파크시티7단지아파트,2026-08-11,화,7,19
04,곡정고.수원아이파크시티7단지아파트 - 곡정고.수원아이파크시티7단지아파트,2026-08-11,화,8,7
04,곡정고.수원아이파크시티7단지아파트 - 곡정고.수원아이파크시티7단지아파트,2026-08-11,화,9,3
04,곡정고.수원아이파크시티7단지아파트 - 곡정고.수원아이파크시티7단지아파트,2026-08-11,화,10,8
04,곡정고.수원아이파크시티7단지아파트 - 곡정고.수원아이파크시티7단지아파트,2026-08-11,화,11,5
04,곡정고.수원아이파크시티7단지아파트 - 곡정고.수원아이파크시티7단지아파트,2026-08-11,화,12,5
04,곡정고.수원아이파크시티7단지아파트 - 곡정고.수원아이파크시티7단지아파트,2026-08-11,화,13,12
04,곡정고.수원아이파크시티7단지아파트 - 곡정고.수원아이파크시티7단지아파트,2026-08-11,화,14,2
04,곡정고.수원아이파크시티7단지아파트 - 곡정고.수원아이파크시티7단지아파트,2026-08-11,화,15,2
04,곡정고.수원아이파크시티7단지아파트 - 곡정고.수원아이파크시티7단지아파트,2026-08-11,화,16,9
04,곡정고.수원아이파크시티7단지아파트 - 곡정고.수원아이파크시티7단지아파트,2026-08-11,화,17,9
04,곡정고.수원아이파크시티7단지아파트 - 곡정고.수원아이파크시티7단지아파트,2026-08-11,화,18,20
04,곡정고.수원아이파크시티7단지아파트 - 곡정고.수원아이파크시티7단지아파트,2026-08-11,화,19,19
04,곡정고.수원아이파크시티7단지아파트 - 곡정고.수원아이파크시티7단지아파트,2026-08-11,화,20,10
04,곡정고.수원아이파크시티7단지아파트 - 곡정고.수원아이파크시티7단지아파트,2026-08-11,화,21,15
04,곡정고.수원아이파크시티7단지아파트 - 곡정고.수원아이파크시티7단지아파트,2026-08-11,화,22,9
04,곡정고.수원아이파크시티7단지아파트 - 곡정고.수원아이파크시티7단지아파트,2026-08-11,화,23,3
04,곡정고.수원아이파크시티7단지아파트 - 곡정고.수원아이파크시티7단지아파트,2026-08-12,수,6,15
04,곡정고.수원아이파크시티7단지아파트 - 곡정고.수원아이파크시티7단지아파트,2026-08-12,수,7,17
04,곡정고.수원아이파크시티7단지아파트 - 곡정고.수원아이파크시티7단지아파트,2026-08-12,수,8,11
04,곡정고.수원아이파크시티7단지아파트 - 곡정고.수원아이파크시티7단지아파트,2026-08-12,수,9,7
04,곡정고.수원아이파크시티7단지아파트 - 곡정고.수원아이파크시티7단지아파트,2026-08-12,수,10,10
04,곡정고.수원아이파크시티7단지아파트 - 곡정고.수원아이파크시티7단지아파트,2026-08-12,수,11,6
04,곡정고.수원아이파크시티7단지아파트 - 곡정고.수원아이파크시티7단지아파트,2026-08-12,수,12,4
04,곡정고.수원아이파크시티7단지아파트 - 곡정고.수원아이파크시티7단지아파트,2026-08-12,수,13,6
04,곡정고.수원아이파크시티7단지아파트 - 곡정고.수원아이파크시티7단지아파트,2026-08-12,수,14,4
04,곡정고.수원아이파크시티7단지아파트 - 곡정고.수원아이파크시티7단지아파트,2026-08-12,수,15,1
04,곡정고.수원아이파크시티7단지아파트 - 곡정고.수원아이파크시티7단지아파트,2026-08-12,수,16,7
04,곡정고.수원아이파크시티7단지아파트 - 곡정고.수원아이파크시티7단지아파트,2026-08-12,수,17,10
04,곡정고.수원아이파크시티7단지아파트 - 곡정고.수원아이파크시티7단지아파트,2026-08-12,수,18,20
04,곡정고.수원아이파크시티7단지아파트 - 곡정고.수원아이파크시티7단지아파트,2026-08-12,수,19,19
04,곡정고.수원아이파크시티7단지아파트 - 곡정고.수원아이파크시티7단지아파트,2026-08-12,수,20,10
04,곡정고.수원아이파크시티7단지아파트 - 곡정고.수원아이파크시티7단지아파트,2026-08-12,수,21,6
04,곡정고.수원아이파크시티7단지아파트 - 곡정고.수원아이파크시티7단지아파트,2026-08-12,수,22,14
04,곡정고.수원아이파크시티7단지아파트 - 곡정고.수원아이파크시티7단지아파트,2026-08-12,수,23,4
04,곡정고.수원아이파크시티7단지아파트 - 곡정고.수원아이파크시티7단지아파트,2026-08-13,목,6,10
04,곡정고.수원아이파크시티7단지아파트 - 곡정고.수원아이파크시티7단지아파트,2026-08-13,목,7,21
04,곡정고.수원아이파크시티7단지아파트 - 곡정고.수원아이파크시티7단지아파트,2026-08-13,목,8,5
04,곡정고.수원아이파크시티7단지아파트 - 곡정고.수원아이파크시티7단지아파트,2026-08-13,목,9,9
04,곡정고.수원아이파크시티7단지아파트 - 곡정고.수원아이파크시티7단지아파트,2026-08-13,목,10,3
04,곡정고.수원아이파크시티7단지아파트 - 곡정고.수원아이파크시티7단지아파트,2026-08-13,목,11,3
04,곡정고.수원아이파크시티7단지아파트 - 곡정고.수원아이파크시티7단지아파트,2026-08-13,목,12,7
04,곡정고.수원아이파크시티7단지아파트 - 곡정고.수원아이파크시티7단지아파트,2026-08-13,목,13,7
04,곡정고.수원아이파크시티7단지아파트 - 곡정고.수원아이파크시티7단지아파트,2026-08-13,목,14,2
04,곡정고.수원아이파크시티7단지아파트 - 곡정고.수원아이파크시티7단지아파트,2026-08-13,목,15,1
04,곡정고.수원아이파크시티7단지아파트 - 곡정고.수원아이파크시티7단지아파트,2026-08-13,목,16,3
04,곡정고.수원아이파크시티7단지아파트 - 곡정고.수원아이파크시티7단지아파트,2026-08-13,목,17,6
04,곡정고.수원아이파크시티7단지아파트 - 곡정고.수원아이파크시티7단지아파트,2026-08-13,목,18,19
04,곡정고.수원아이파크시티7단지아파트 - 곡정고.수원아이파크시티7단지아파트,2026-08-13,목,19,17
04,곡정고.수원아이파크시티7단지아파트 - 곡정고.수원아이파크시티7단지아파트,2026-08-13,목,20,12
04,곡정고.수원아이파크시티7단지아파트 - 곡정고.수원아이파크시티7단지아파트,2026-08-13,목,21,11
04,곡정고.수원아이파크시티7단지아파트 - 곡정고.수원아이파크시티7단지아파트,2026-08-13,목,22,12
04,곡정고.수원아이파크시티7단지아파트 - 곡정고.수원아이파크시티7단지아파트,2026-08-13,목,23,2
04,곡정고.수원아이파크시티7단지아파트 - 곡정고.수원아이파크시티7단지아파트,2026-08-14,금,6,13
04,곡정고.수원아이파크시티7단지아파트 - 곡정고.수원아이파크시티7단지아파트,2026-08-14,금,7,22
04,곡정고.수원아이파크시티7단지아파트 - 곡정고.수원아이파크시티7단지아파트,2026-08-14,금,8,10
04,곡정고.수원아이파크시티7단지아파트 - 곡정고.수원아이파크시티7단지아파트,2026-08-14,금,9,9
04,곡정고.수원아이파크시티7단지아파트 - 곡정고.수원아이파크시티7단지아파트,2026-08-14,금,10,9
04,곡정고.수원아이파크시티7단지아파트 - 곡정고.수원아이파크시티7단지아파트,2026-08-14,금,11,7
04,곡정고.수원아이파크시티7단지아파트 - 곡정고.수원아이파크시티7단지아파트,2026-08-14,금,12,8
04,곡정고.수원아이파크시티7단지아파트 - 곡정고.수원아이파크시티7단지아파트,2026-08-14,금,13,5
04,곡정고.수원아이파크시티7단지아파트 - 곡정고.수원아이파크시티7단지아파트,2026-08-14,금,14,7
04,곡정고.수원아이파크시티7단지아파트 - 곡정고.수원아이파크시티7단지아파트,2026-08-14,금,15,0
04,곡정고.수원아이파크시티7단지아파트 - 곡정고.수원아이파크시티7단지아파트,2026-08-14,금,16,5
04,곡정고.수원아이파크시티7단지아파트 - 곡정고.수원아이파크시티7단지아파트,2026-08-14,금,17,15
04,곡정고.수원아이파크시티7단지아파트 - 곡정고.수원아이파크시티7단지아파트,2026-08-14,금,18,8
04,곡정고.수원아이파크시티7단지아파트 - 곡정고.수원아이파크시티7단지아파트,2026-08-14,금,19,12
04,곡정고.수원아이파크시티7단지아파트 - 곡정고.수원아이파크시티7단지아파트,2026-08-14,금,20,15
04,곡정고.수원아이파크시티7단지아파트 - 곡정고.수원아이파크시티7단지아파트,2026-08-14,금,21,9
04,곡정고.수원아이파크시티7단지아파트 - 곡정고.수원아이파크시티7단지아파트,2026-08-14,금,22,15
04,곡정고.수원아이파크시티7단지아파트 - 곡정고.수원아이파크시티7단지아파트,2026-08-14,금,23,4
04,곡정고.수원아이파크시티7단지아파트 - 곡정고.수원아이파크시티7단지아파트,2026-09-01,화,6,9
04,곡정고.수원아이파크시티7단지아파트 - 곡정고.수원아이파크시티7단지아파트,2026-09-01,화,7,28
04,곡정고.수원아이파크시티7단지아파트 - 곡정고.수원아이파크시티7단지아파트,2026-09-01,화,8,16
04,곡정고.수원아이파크시티7단지아파트 - 곡정고.수원아이파크시티7단지아파트,2026-09-01,화,9,6
04,곡정고.수원아이파크시티7단지아파트 - 곡정고.수원아이파크시티7단지아파트,2026-09-01,화,10,6
04,곡정고.수원아이파크시티7단지아파트 - 곡정고.수원아이파크시티7단지아파트,2026-09-01,화,11,7
04,곡정고.수원아이파크시티7단지아파트 - 곡정고.수원아이파크시티7단지아파트,2026-09-01,화,12,5
04,곡정고.수원아이파크시티7단지아파트 - 곡정고.수원아이파크시티7단지아파트,2026-09-01,화,13,3
04,곡정고.수원아이파크시티7단지아파트 - 곡정고.수원아이파크시티7단지아파트,2026-09-01,화,14,1
04,곡정고.수원아이파크시티7단지아파트 - 곡정고.수원아이파크시티7단지아파트,2026-09-01,화,15,2
04,곡정고.수원아이파크시티7단지아파트 - 곡정고.수원아이파크시티7단지아파트,2026-09-01,화,16,11
04,곡정고.수원아이파크시티7단지아파트 - 곡정고.수원아이파크시티7단지아파트,2026-09-01,화,17,8
04,곡정고.수원아이파크시티7단지아파트 - 곡정고.수원아이파크시티7단지아파트,2026-09-01,화,18,13
04,곡정고.수원아이파크시티7단지아파트 - 곡정고.수원아이파크시티7단지아파트,2026-09-01,화,19,19
04,곡정고.수원아이파크시티7단지아파트 - 곡정고.수원아이파크시티7단지아파트,2026-09-01,화,20,17
04,곡정고.수원아이파크시티7단지아파트 - 곡정고.수원아이파크시티7단지아파트,2026-09-01,화,21,7
04,곡정고.수원아이파크시티7단지아파트 - 곡정고.수원아이파크시티7단지아파트,2026-09-01,화,22,8
04,곡정고.수원아이파크시티7단지아파트 - 곡정고.수원아이파크시티7단지아파트,2026-09-01,화,23,8
04,곡정고.수원아이파크시티7단지아파트 - 곡정고.수원아이파크시티7단지아파트,2026-09-02,수,6,7
04,곡정고.수원아이파크시티7단지아파트 - 곡정고.수원아이파크시티7단지아파트,2026-09-02,수,7,21
04,곡정고.수원아이파크시티7단지아파트 - 곡정고.수원아이파크시티7단지아파트,2026-09-02,수,8,11
04,곡정고.수원아이파크시티7단지아파트 - 곡정고.수원아이파크시티7단지아파트,2026-09-02,수,9,10
04,곡정고.수원아이파크시티7단지아파트 - 곡정고.수원아이파크시티7단지아파트,2026-09-02,수,10,6
04,곡정고.수원아이파크시티7단지아파트 - 곡정고.수원아이파크시티7단지아파트,2026-09-02,수,11,6
04,곡정고.수원아이파크시티7단지아파트 - 곡정고.수원아이파크시티7단지아파트,2026-09-02,수,12,7
04,곡정고.수원아이파크시티7단지아파트 - 곡정고.수원아이파크시티7단지아파트,2026-09-02,수,13,6
04,곡정고.수원아이파크시티7단지아파트 - 곡정고.수원아이파크시티7단지아파트,2026-09-02,수,14,2
04,곡정고.수원아이파크시티7단지아파트 - 곡정고.수원아이파크시티7단지아파트,2026-09-02,수,15,2
04,곡정고.수원아이파크시티7단지아파트 - 곡정고.수원아이파크시티7단지아파트,2026-09-02,수,16,7
04,곡정고.수원아이파크시티7단지아파트 - 곡정고.수원아이파크시티7단지아파트,2026-09-02,수,17,12
04,곡정고.수원아이파크시티7단지아파트 - 곡정고.수원아이파크시티7단지아파트,2026-09-02,수,18,15
04,곡정고.수원아이파크시티7단지아파트 - 곡정고.수원아이파크시티7단지아파트,2026-09-02,수,19,25
04,곡정고.수원아이파크시티7단지아파트 - 곡정고.수원아이파크시티7단지아파트,2026-09-02,수,20,13
04,곡정고.수원아이파크시티7단지아파트 - 곡정고.수원아이파크시티7단지아파트,2026-09-02,수,21,12
04,곡정고.수원아이파크시티7단지아파트 - 곡정고.수원아이파크시티7단지아파트,2026-09-02,수,22,10
04,곡정고.수원아이파크시티7단지아파트 - 곡정고.수원아이파크시티7단지아파트,2026-09-02,수,23,7
04,곡정고.수원아이파크시티7단지아파트 - 곡정고.수원아이파크시티7단지아파트,2026-09-03,목,6,11
04,곡정고.수원아이파크시티7단지아파트 - 곡정고.수원아이파크시티7단지아파트,2026-09-03,목,7,20
04,곡정고.수원아이파크시티7단지아파트 - 곡정고.수원아이파크시티7단지아파트,2026-09-03,목,8,12
04,곡정고.수원아이파크시티7단지아파트 - 곡정고.수원아이파크시티7단지아파트,2026-09-03,목,9,6
04,곡정고.수원아이파크시티7단지아파트 - 곡정고.수원아이파크시티7단지아파트,2026-09-03,목,10,6
04,곡정고.수원아이파크시티7단지아파트 - 곡정고.수원아이파크시티7단지아파트,2026-09-03,목,11,8
04,곡정고.수원아이파크시티7단지아파트 - 곡정고.수원아이파크시티7단지아파트,2026-09-03,목,12,7
04,곡정고.수원아이파크시티7단지아파트 - 곡정고.수원아이파크시티7단지아파트,2026-09-03,목,13,6
04,곡정고.수원아이파크시티7단지아파트 - 곡정고.수원아이파크시티7단지아파트,2026-09-03,목,14,5
04,곡정고.수원아이파크시티7단지아파트 - 곡정고.수원아이파크시티7단지아파트,2026-09-03,목,15,4
04,곡정고.수원아이파크시티7단지아파트 - 곡정고.수원아이파크시티7단지아파트,2026-09-03,목,16,6
04,곡정고.수원아이파크시티7단지아파트 - 곡정고.수원아이파크시티7단지아파트,2026-09-03,목,17,18
04,곡정고.수원아이파크시티7단지아파트 - 곡정고.수원아이파크시티7단지아파트,2026-09-03,목,18,17
04,곡정고.수원아이파크시티7단지아파트 - 곡정고.수원아이파크시티7단지아파트,2026-09-03,목,19,22
04,곡정고.수원아이파크시티7단지아파트 - 곡정고.수원아이파크시티7단지아파트,2026-09-03,목,20,14
04,곡정고.수원아이파크시티7단지아파트 - 곡정고.수원아이파크시티7단지아파트,2026-09-03,목,21,6
04,곡정고.수원아이파크시티7단지아파트 - 곡정고.수원아이파크시티7단지아파트,2026-09-03,목,22,14
04,곡정고.수원아이파크시티7단지아파트 - 곡정고.수원아이파크시티7단지아파트,2026-09-03,목,23,5
04,곡정고.수원아이파크시티7단지아파트 - 곡정고.수원아이파크시티7단지아파트,2026-09-04,금,6,9
04,곡정고.수원아이파크시티7단지아파트 - 곡정고.수원아이파크시티7단지아파트,2026-09-04,금,7,22
04,곡정고.수원아이파크시티7단지아파트 - 곡정고.수원아이파크시티7단지아파트,2026-09-04,금,8,15
04,곡정고.수원아이파크시티7단지아파트 - 곡정고.수원아이파크시티7단지아파트,2026-09-04,금,9,7
04,곡정고.수원아이파크시티7단지아파트 - 곡정고.수원아이파크시티7단지아파트,2026-09-04,금,10,12
04,곡정고.수원아이파크시티7단지아파트 - 곡정고.수원아이파크시티7단지아파트,2026-09-04,금,11,7
04,곡정고.수원아이파크시티7단지아파트 - 곡정고.수원아이파크시티7단지아파트,2026-09-04,금,12,5
04,곡정고.수원아이파크시티7단지아파트 - 곡정고.수원아이파크시티7단지아파트,2026-09-04,금,13,12
04,곡정고.수원아이파크시티7단지아파트 - 곡정고.수원아이파크시티7단지아파트,2026-09-04,금,14,5
04,곡정고.수원아이파크시티7단지아파트 - 곡정고.수원아이파크시티7단지아파트,2026-09-04,금,15,4
04,곡정고.수원아이파크시티7단지아파트 - 곡정고.수원아이파크시티7단지아파트,2026-09-04,금,16,9
04,곡정고.수원아이파크시티7단지아파트 - 곡정고.수원아이파크시티7단지아파트,2026-09-04,금,17,11
04,곡정고.수원아이파크시티7단지아파트 - 곡정고.수원아이파크시티7단지아파트,2026-09-04,금,18,14
04,곡정고.수원아이파크시티7단지아파트 - 곡정고.수원아이파크시티7단지아파트,2026-09-04,금,19,19
04,곡정고.수원아이파크시티7단지아파트 - 곡정고.수원아이파크시티7단지아파트,2026-09-04,금,20,10
04,곡정고.수원아이파크시티7단지아파트 - 곡정고.수원아이파크시티7단지아파트,2026-09-04,금,21,10
04,곡정고.수원아이파크시티7단지아파트 - 곡정고.수원아이파크시티7단지아파트,2026-09-04,금,22,13
04,곡정고.수원아이파크시티7단지아파트 - 곡정고.수원아이파크시티7단지아파트,2026-09-04,금,23,4
04,곡정고.수원아이파크시티7단지아파트 - 곡정고.수원아이파크시티7단지아파트,2026-09-05,토,6,0
04,곡정고.수원아이파크시티7단지아파트 - 곡정고.수원아이파크시티7단지아파트,2026-09-05,토,7,4
04,곡정고.수원아이파크시티7단지아파트 - 곡정고.수원아이파크시티7단지아파트,2026-09-05,토,8,4
04,곡정고.수원아이파크시티7단지아파트 - 곡정고.수원아이파크시티7단지아파트,2026-09-05,토,9,13
04,곡정고.수원아이파크시티7단지아파트 - 곡정고.수원아이파크시티7단지아파트,2026-09-05,토,10,10
04,곡정고.수원아이파크시티7단지아파트 - 곡정고.수원아이파크시티7단지아파트,2026-09-05,토,11,15
04,곡정고.수원아이파크시티7단지아파트 - 곡정고.수원아이파크시티7단지아파트,2026-09-05,토,12,8
04,곡정고.수원아이파크시티7단지아파트 - 곡정고.수원아이파크시티7단지아파트,2026-09-05,토,13,6
04,곡정고.수원아이파크시티7단지아파트 - 곡정고.수원아이파크시티7단지아파트,2026-09-05,토,14,3
04,곡정고.수원아이파크시티7단지아파트 - 곡정고.수원아이파크시티7단지아파트,2026-09-05,토,15,4
04,곡정고.수원아이파크시티7단지아파트 - 곡정고.수원아이파크시티7단지아파트,2026-09-05,토,16,9
04,곡정고.수원아이파크시티7단지아파트 - 곡정고.수원아이파크시티7단지아파트,2026-09-05,토,17,7
04,곡정고.수원아이파크시티7단지아파트 - 곡정고.수원아이파크시티7단지아파트,2026-09-05,토,18,8
04,곡정고.수원아이파크시티7단지아파트 - 곡정고.수원아이파크시티7단지아파트,2026-09-05,토,19,7
04,곡정고.수원아이파크시티7단지아파트 - 곡정고.수원아이파크시티7단지아파트,2026-09-05,토,20,8
04,곡정고.수원아이파크시티7단지아파트 - 곡정고.수원아이파크시티7단지아파트,2026-09-05,토,21,5
04,곡정고.수원아이파크시티7단지아파트 - 곡정고.수원아이파크시티7단지아파트,2026-09-05,토,22,15
04,곡정고.수원아이파크시티7단지아파트 - 곡정고.수원아이파크시티7단지아파트,2026-09-05,토,23,4
04,곡정고.수원아이파크시티7단지아파트 - 곡정고.수원아이파크시티7단지아파트,2026-09-06,일,6,0
04,곡정고.수원아이파크시티7단지아파트 - 곡정고.수원아이파크시티7단지아파트,2026-09-06,일,7,5
04,곡정고.수원아이파크시티7단지아파트 - 곡정고.수원아이파크시티7단지아파트,2026-09-06,일,8,3
04,곡정고.수원아이파크시티7단지아파트 - 곡정고.수원아이파크시티7단지아파트,2026-09-06,일,9,9
04,곡정고.수원아이파크시티7단지아파트 - 곡정고.수원아이파크시티7단지아파트,2026-09-06,일,10,7
04,곡정고.수원아이파크시티7단지아파트 - 곡정고.수원아이파크시티7단지아파트,2026-09-06,일,11,7
04,곡정고.수원아이파크시티7단지아파트 - 곡정고.수원아이파크시티7단지아파트,2026-09-06,일,12,5
04,곡정고.수원아이파크시티7단지아파트 - 곡정고.수원아이파크시티7단지아파트,2026-09-06,일,13,4
04,곡정고.수원아이파크시티7단지아파트 - 곡정고.수원아이파크시티7단지아파트,2026-09-06,일,14,2
04,곡정고.수원아이파크시티7단지아파트 - 곡정고.수원아이파크시티7단지아파트,2026-09-06,일,15,5
04,곡정고.수원아이파크시티7단지아파트 - 곡정고.수원아이파크시티7단지아파트,2026-09-06,일,16,6
04,곡정고.수원아이파크시티7단지아파트 - 곡정고.수원아이파크시티7단지아파트,2026-09-06,일,17,6
04,곡정고.수원아이파크시티7단지아파트 - 곡정고.수원아이파크시티7단지아파트,2026-09-06,일,18,11
04,곡정고.수원아이파크시티7단지아파트 - 곡정고.수원아이파크시티7단지아파트,2026-09-06,일,19,6
04,곡정고.수원아이파크시티7단지아파트 - 곡정고.수원아이파크시티7단지아파트,2026-09-06,일,20,4
04,곡정고.수원아이파크시티7단지아파트 - 곡정고.수원아이파크시티7단지아파트,2026-09-06,일,21,6
04,곡정고.수원아이파크시티7단지아파트 - 곡정고.수원아이파크시티7단지아파트,2026-09-06,일,22,5
04,곡정고.수원아이파크시티7단지아파트 - 곡정고.수원아이파크시티7단지아파트,2026-09-06,일,23,5
04,곡정고.수원아이파크시티7단지아파트 - 곡정고.수원아이파크시티7단지아파트,2026-09-07,월,6,11
04,곡정고.수원아이파크시티7단지아파트 - 곡정고.수원아이파크시티7단지아파트,2026-09-07,월,7,22
04,곡정고.수원아이파크시티7단지아파트 - 곡정고.수원아이파크시티7단지아파트,2026-09-07,월,8,11
04,곡정고.수원아이파크시티7단지아파트 - 곡정고.수원아이파크시티7단지아파트,2026-09-07,월,9,10
04,곡정고.수원아이파크시티7단지아파트 - 곡정고.수원아이파크시티7단지아파트,2026-09-07,월,10,8
04,곡정고.수원아이파크시티7단지아파트 - 곡정고.수원아이파크시티7단지아파트,2026-09-07,월,11,5
04,곡정고.수원아이파크시티7단지아파트 - 곡정고.수원아이파크시티7단지아파트,2026-09-07,월,12,7
04,곡정고.수원아이파크시티7단지아파트 - 곡정고.수원아이파크시티7단지아파트,2026-09-07,월,13,9
04,곡정고.수원아이파크시티7단지아파트 - 곡정고.수원아이파크시티7단지아파트,2026-09-07,월,14,1
04,곡정고.수원아이파크시티7단지아파트 - 곡정고.수원아이파크시티7단지아파트,2026-09-07,월,15,1
04,곡정고.수원아이파크시티7단지아파트 - 곡정고.수원아이파크시티7단지아파트,2026-09-07,월,16,8
04,곡정고.수원아이파크시티7단지아파트 - 곡정고.수원아이파크시티7단지아파트,2026-09-07,월,17,10
04,곡정고.수원아이파크시티7단지아파트 - 곡정고.수원아이파크시티7단지아파트,2026-09-07,월,18,18
04,곡정고.수원아이파크시티7단지아파트 - 곡정고.수원아이파크시티7단지아파트,2026-09-07,월,19,23
04,곡정고.수원아이파크시티7단지아파트 - 곡정고.수원아이파크시티7단지아파트,2026-09-07,월,20,6
04,곡정고.수원아이파크시티7단지아파트 - 곡정고.수원아이파크시티7단지아파트,2026-09-07,월,21,10
04,곡정고.수원아이파크시티7단지아파트 - 곡정고.수원아이파크시티7단지아파트,2026-09-07,월,22,8
04,곡정고.수원아이파크시티7단지아파트 - 곡정고.수원아이파크시티7단지아파트,2026-09-07,월,23,5
04,곡정고.수원아이파크시티7단지아파트 - 곡정고.수원아이파크시티7단지아파트,2026-09-08,화,6,11
04,곡정고.수원아이파크시티7단지아파트 - 곡정고.수원아이파크시티7단지아파트,2026-09-08,화,7,23
04,곡정고.수원아이파크시티7단지아파트 - 곡정고.수원아이파크시티7단지아파트,2026-09-08,화,8,9
04,곡정고.수원아이파크시티7단지아파트 - 곡정고.수원아이파크시티7단지아파트,2026-09-08,화,9,12
04,곡정고.수원아이파크시티7단지아파트 - 곡정고.수원아이파크시티7단지아파트,2026-09-08,화,10,3
04,곡정고.수원아이파크시티7단지아파트 - 곡정고.수원아이파크시티7단지아파트,2026-09-08,화,11,9
04,곡정고.수원아이파크시티7단지아파트 - 곡정고.수원아이파크시티7단지아파트,2026-09-08,화,12,8
04,곡정고.수원아이파크시티7단지아파트 - 곡정고.수원아이파크시티7단지아파트,2026-09-08,화,13,9
04,곡정고.수원아이파크시티7단지아파트 - 곡정고.수원아이파크시티7단지아파트,2026-09-08,화,14,1
04,곡정고.수원아이파크시티7단지아파트 - 곡정고.수원아이파크시티7단지아파트,2026-09-08,화,15,3
04,곡정고.수원아이파크시티7단지아파트 - 곡정고.수원아이파크시티7단지아파트,2026-09-08,화,16,10
04,곡정고.수원아이파크시티7단지아파트 - 곡정고.수원아이파크시티7단지아파트,2026-09-08,화,17,11
04,곡정고.수원아이파크시티7단지아파트 - 곡정고.수원아이파크시티7단지아파트,2026-09-08,화,18,16
04,곡정고.수원아이파크시티7단지아파트 - 곡정고.수원아이파크시티7단지아파트,2026-09-08,화,19,17
04,곡정고.수원아이파크시티7단지아파트 - 곡정고.수원아이파크시티7단지아파트,2026-09-08,화,20,14
04,곡정고.수원아이파크시티7단지아파트 - 곡정고.수원아이파크시티7단지아파트,2026-09-08,화,21,14
04,곡정고.수원아이파크시티7단지아파트 - 곡정고.수원아이파크시티7단지아파트,2026-09-08,화,22,11
04,곡정고.수원아이파크시티7단지아파트 - 곡정고.수원아이파크시티7단지아파트,2026-09-08,화,23,7
04,곡정고.수원아이파크시티7단지아파트 - 곡정고.수원아이파크시티7단지아파트,2026-09-09,수,6,11
04,곡정고.수원아이파크시티7단지아파트 - 곡정고.수원아이파크시티7단지아파트,2026-09-09,수,7,27
04,곡정고.수원아이파크시티7단지아파트 - 곡정고.수원아이파크시티7단지아파트,2026-09-09,수,8,10
04,곡정고.수원아이파크시티7단지아파트 - 곡정고.수원아이파크시티7단지아파트,2026-09-09,수,9,10
04,곡정고.수원아이파크시티7단지아파트 - 곡정고.수원아이파크시티7단지아파트,2026-09-09,수,10,4
04,곡정고.수원아이파크시티7단지아파트 - 곡정고.수원아이파크시티7단지아파트,2026-09-09,수,11,4
04,곡정고.수원아이파크시티7단지아파트 - 곡정고.수원아이파크시티7단지아파트,2026-09-09,수,12,7
04,곡정고.수원아이파크시티7단지아파트 - 곡정고.수원아이파크시티7단지아파트,2026-09-09,수,13,7
04,곡정고.수원아이파크시티7단지아파트 - 곡정고.수원아이파크시티7단지아파트,2026-09-09,수,14,1
04,곡정고.수원아이파크시티7단지아파트 - 곡정고.수원아이파크시티7단지아파트,2026-09-09,수,15,2
04,곡정고.수원아이파크시티7단지아파트 - 곡정고.수원아이파크시티7단지아파트,2026-09-09,수,16,11
04,곡정고.수원아이파크시티7단지아파트 - 곡정고.수원아이파크시티7단지아파트,2026-09-09,수,17,6
04,곡정고.수원아이파크시티7단지아파트 - 곡정고.수원아이파크시티7단지아파트,2026-09-09,수,18,12
04,곡정고.수원아이파크시티7단지아파트 - 곡정고.수원아이파크시티7단지아파트,2026-09-09,수,19,20
04,곡정고.수원아이파크시티7단지아파트 - 곡정고.수원아이파크시티7단지아파트,2026-09-09,수,20,17
04,곡정고.수원아이파크시티7단지아파트 - 곡정고.수원아이파크시티7단지아파트,2026-09-09,수,21,13
04,곡정고.수원아이파크시티7단지아파트 - 곡정고.수원아이파크시티7단지아파트,2026-09-09,수,22,11
04,곡정고.수원아이파크시티7단지아파트 - 곡정고.수원아이파크시티7단지아파트,2026-09-09,수,23,4
04,곡정고.수원아이파크시티7단지아파트 - 곡정고.수원아이파크시티7단지아파트,2026-09-10,목,6,9
04,곡정고.수원아이파크시티7단지아파트 - 곡정고.수원아이파크시티7단지아파트,2026-09-10,목,7,27
04,곡정고.수원아이파크시티7단지아파트 - 곡정고.수원아이파크시티7단지아파트,2026-09-10,목,8,11
04,곡정고.수원아이파크시티7단지아파트 - 곡정고.수원아이파크시티7단지아파트,2026-09-10,목,9,12
04,곡정고.수원아이파크시티7단지아파트 - 곡정고.수원아이파크시티7단지아파트,2026-09-10,목,10,6
04,곡정고.수원아이파크시티7단지아파트 - 곡정고.수원아이파크시티7단지아파트,2026-09-10,목,11,4
04,곡정고.수원아이파크시티7단지아파트 - 곡정고.수원아이파크시티7단지아파트,2026-09-10,목,12,9
04,곡정고.수원아이파크시티7단지아파트 - 곡정고.수원아이파크시티7단지아파트,2026-09-10,목,13,8
04,곡정고.수원아이파크시티7단지아파트 - 곡정고.수원아이파크시티7단지아파트,2026-09-10,목,14,2
04,곡정고.수원아이파크시티7단지아파트 - 곡정고.수원아이파크시티7단지아파트,2026-09-10,목,15,4
04,곡정고.수원아이파크시티7단지아파트 - 곡정고.수원아이파크시티7단지아파트,2026-09-10,목,16,11
04,곡정고.수원아이파크시티7단지아파트 - 곡정고.수원아이파크시티7단지아파트,2026-09-10,목,17,11
04,곡정고.수원아이파크시티7단지아파트 - 곡정고.수원아이파크시티7단지아파트,2026-09-10,목,18,19
04,곡정고.수원아이파크시티7단지아파트 - 곡정고.수원아이파크시티7단지아파트,2026-09-10,목,19,21
04,곡정고.수원아이파크시티7단지아파트 - 곡정고.수원아이파크시티7단지아파트,2026-09-10,목,20,8
04,곡정고.수원아이파크시티7단지아파트 - 곡정고.수원아이파크시티7단지아파트,2026-09-10,목,21,6
04,곡정고.수원아이파크시티7단지아파트 - 곡정고.수원아이파크시티7단지아파트,2026-09-10,목,22,19
04,곡정고.수원아이파크시티7단지아파트 - 곡정고.수원아이파크시티7단지아파트,2026-09-10,목,23,3
04,곡정고.수원아이파크시티7단지아파트 - 곡정고.수원아이파크시티7단지아파트,2026-09-11,금,6,9
04,곡정고.수원아이파크시티7단지아파트 - 곡정고.수원아이파크시티7단지아파트,2026-09-11,금,7,17
04,곡정고.수원아이파크시티7단지아파트 - 곡정고.수원아이파크시티7단지아파트,2026-09-11,금,8,15
04,곡정고.수원아이파크시티7단지아파트 - 곡정고.수원아이파크시티7단지아파트,2026-09-11,금,9,8
04,곡정고.수원아이파크시티7단지아파트 - 곡정고.수원아이파크시티7단지아파트,2026-09-11,금,10,4
04,곡정고.수원아이파크시티7단지아파트 - 곡정고.수원아이파크시티7단지아파트,2026-09-11,금,11,5
04,곡정고.수원아이파크시티7단지아파트 - 곡정고.수원아이파크시티7단지아파트,2026-09-11,금,12,10
04,곡정고.수원아이파크시티7단지아파트 - 곡정고.수원아이파크시티7단지아파트,2026-09-11,금,13,6
04,곡정고.수원아이파크시티7단지아파트 - 곡정고.수원아이파크시티7단지아파트,2026-09-11,금,14,6
04,곡정고.수원아이파크시티7단지아파트 - 곡정고.수원아이파크시티7단지아파트,2026-09-11,금,15,2
04,곡정고.수원아이파크시티7단지아파트 - 곡정고.수원아이파크시티7단지아파트,2026-09-11,금,16,16
04,곡정고.수원아이파크시티7단지아파트 - 곡정고.수원아이파크시티7단지아파트,2026-09-11,금,17,12
04,곡정고.수원아이파크시티7단지아파트 - 곡정고.수원아이파크시티7단지아파트,2026-09-11,금,18,21
04,곡정고.수원아이파크시티7단지아파트 - 곡정고.수원아이파크시티7단지아파트,2026-09-11,금,19,26
04,곡정고.수원아이파크시티7단지아파트 - 곡정고.수원아이파크시티7단지아파트,2026-09-11,금,20,7
04,곡정고.수원아이파크시티7단지아파트 - 곡정고.수원아이파크시티7단지아파트,2026-09-11,금,21,9
04,곡정고.수원아이파크시티7단지아파트 - 곡정고.수원아이파크시티7단지아파트,2026-09-11,금,22,8
04,곡정고.수원아이파크시티7단지아파트 - 곡정고.수원아이파크시티7단지아파트,2026-09-11,금,23,3
04,곡정고.수원아이파크시티7단지아파트 - 곡정고.수원아이파크시티7단지아파트,2026-09-12,토,6,0
04,곡정고.수원아이파크시티7단지아파트 - 곡정고.수원아이파크시티7단지아파트,2026-09-12,토,7,5
04,곡정고.수원아이파크시티7단지아파트 - 곡정고.수원아이파크시티7단지아파트,2026-09-12,토,8,2
04,곡정고.수원아이파크시티7단지아파트 - 곡정고.수원아이파크시티7단지아파트,2026-09-12,토,9,13
04,곡정고.수원아이파크시티7단지아파트 - 곡정고.수원아이파크시티7단지아파트,2026-09-12,토,10,9
04,곡정고.수원아이파크시티7단지아파트 - 곡정고.수원아이파크시티7단지아파트,2026-09-12,토,11,5
04,곡정고.수원아이파크시티7단지아파트 - 곡정고.수원아이파크시티7단지아파트,2026-09-12,토,12,8
04,곡정고.수원아이파크시티7단지아파트 - 곡정고.수원아이파크시티7단지아파트,2026-09-12,토,13,14
04,곡정고.수원아이파크시티7단지아파트 - 곡정고.수원아이파크시티7단지아파트,2026-09-12,토,14,5
04,곡정고.수원아이파크시티7단지아파트 - 곡정고.수원아이파크시티7단지아파트,2026-09-12,토,15,14
04,곡정고.수원아이파크시티7단지아파트 - 곡정고.수원아이파크시티7단지아파트,2026-09-12,토,16,8
04,곡정고.수원아이파크시티7단지아파트 - 곡정고.수원아이파크시티7단지아파트,2026-09-12,토,17,12
04,곡정고.수원아이파크시티7단지아파트 - 곡정고.수원아이파크시티7단지아파트,2026-09-12,토,18,6
04,곡정고.수원아이파크시티7단지아파트 - 곡정고.수원아이파크시티7단지아파트,2026-09-12,토,19,8
04,곡정고.수원아이파크시티7단지아파트 - 곡정고.수원아이파크시티7단지아파트,2026-09-12,토,20,10
04,곡정고.수원아이파크시티7단지아파트 - 곡정고.수원아이파크시티7단지아파트,2026-09-12,토,21,13
04,곡정고.수원아이파크시티7단지아파트 - 곡정고.수원아이파크시티7단지아파트,2026-09-12,토,22,16
04,곡정고.수원아이파크시티7단지아파트 - 곡정고.수원아이파크시티7단지아파트,2026-09-12,토,23,4
04,곡정고.수원아이파크시티7단지아파트 - 곡정고.수원아이파크시티7단지아파트,2026-09-13,일,6,0
04,곡정고.수원아이파크시티7단지아파트 - 곡정고.수원아이파크시티7단지아파트,2026-09-13,일,7,4
04,곡정고.수원아이파크시티7단지아파트 - 곡정고.수원아이파크시티7단지아파트,2026-09-13,일,8,5
04,곡정고.수원아이파크시티7단지아파트 - 곡정고.수원아이파크시티7단지아파트,2026-09-13,일,9,12
04,곡정고.수원아이파크시티7단지아파트 - 곡정고.수원아이파크시티7단지아파트,2026-09-13,일,10,5
04,곡정고.수원아이파크시티7단지아파트 - 곡정고.수원아이파크시티7단지아파트,2026-09-13,일,11,9
04,곡정고.수원아이파크시티7단지아파트 - 곡정고.수원아이파크시티7단지아파트,2026-09-13,일,12,3
04,곡정고.수원아이파크시티7단지아파트 - 곡정고.수원아이파크시티7단지아파트,2026-09-13,일,13,7
04,곡정고.수원아이파크시티7단지아파트 - 곡정고.수원아이파크시티7단지아파트,2026-09-13,일,14,6
04,곡정고.수원아이파크시티7단지아파트 - 곡정고.수원아이파크시티7단지아파트,2026-09-13,일,15,4
04,곡정고.수원아이파크시티7단지아파트 - 곡정고.수원아이파크시티7단지아파트,2026-09-13,일,16,7
04,곡정고.수원아이파크시티7단지아파트 - 곡정고.수원아이파크시티7단지아파트,2026-09-13,일,17,6
04,곡정고.수원아이파크시티7단지아파트 - 곡정고.수원아이파크시티7단지아파트,2026-09-13,일,18,11
04,곡정고.수원아이파크시티7단지아파트 - 곡정고.수원아이파크시티7단지아파트,2026-09-13,일,19,11
04,곡정고.수원아이파크시티7단지아파트 - 곡정고.수원아이파크시티7단지아파트,2026-09-13,일,20,8
04,곡정고.수원아이파크시티7단지아파트 - 곡정고.수원아이파크시티7단지아파트,2026-09-13,일,21,9
04,곡정고.수원아이파크시티7단지아파트 - 곡정고.수원아이파크시티7단지아파트,2026-09-13,일,22,6
04,곡정고.수원아이파크시티7단지아파트 - 곡정고.수원아이파크시티7단지아파트,2026-09-13,일,23,2
04,곡정고.수원아이파크시티7단지아파트 - 곡정고.수원아이파크시티7단지아파트,2026-09-14,월,6,8
04,곡정고.수원아이파크시티7단지아파트 - 곡정고.수원아이파크시티7단지아파트,2026-09-14,월,7,26
04,곡정고.수원아이파크시티7단지아파트 - 곡정고.수원아이파크시티7단지아파트,2026-09-14,월,8,11
04,곡정고.수원아이파크시티7단지아파트 - 곡정고.수원아이파크시티7단지아파트,2026-09-14,월,9,9
04,곡정고.수원아이파크시티7단지아파트 - 곡정고.수원아이파크시티7단지아파트,2026-09-14,월,10,7
04,곡정고.수원아이파크시티7단지아파트 - 곡정고.수원아이파크시티7단지아파트,2026-09-14,월,11,10
04,곡정고.수원아이파크시티7단지아파트 - 곡정고.수원아이파크시티7단지아파트,2026-09-14,월,12,7
04,곡정고.수원아이파크시티7단지아파트 - 곡정고.수원아이파크시티7단지아파트,2026-09-14,월,13,9
04,곡정고.수원아이파크시티7단지아파트 - 곡정고.수원아이파크시티7단지아파트,2026-09-14,월,14,2
04,곡정고.수원아이파크시티7단지아파트 - 곡정고.수원아이파크시티7단지아파트,2026-09-14,월,15,5
04,곡정고.수원아이파크시티7단지아파트 - 곡정고.수원아이파크시티7단지아파트,2026-09-14,월,16,15
04,곡정고.수원아이파크시티7단지아파트 - 곡정고.수원아이파크시티7단지아파트,2026-09-14,월,17,13
04,곡정고.수원아이파크시티7단지아파트 - 곡정고.수원아이파크시티7단지아파트,2026-09-14,월,18,17
04,곡정고.수원아이파크시티7단지아파트 - 곡정고.수원아이파크시티7단지아파트,2026-09-14,월,19,17
04,곡정고.수원아이파크시티7단지아파트 - 곡정고.수원아이파크시티7단지아파트,2026-09-14,월,20,14
04,곡정고.수원아이파크시티7단지아파트 - 곡정고.수원아이파크시티7단지아파트,2026-09-14,월,21,13
04,곡정고.수원아이파크시티7단지아파트 - 곡정고.수원아이파크시티7단지아파트,2026-09-14,월,22,3
04,곡정고.수원아이파크시티7단지아파트 - 곡정고.수원아이파크시티7단지아파트,2026-09-14,월,23,4
